Year,Geography,Sex,Age group,Value
2015,,,,26.29
2016,,,,24.95
2017,,,,24.15
2018,,,,21.77
2019,,,,19.5
2020,,,,23.26
2015,Canada,Both sexes,15 to 24 years,19.28
2016,Canada,Both sexes,15 to 24 years,18.04
2017,Canada,Both sexes,15 to 24 years,17.87
2018,Canada,Both sexes,15 to 24 years,15.62
2019,Canada,Both sexes,15 to 24 years,14.48
2020,Canada,Both sexes,15 to 24 years,17.43
2015,Canada,Both sexes,25 years and over,30.14
2016,Canada,Both sexes,25 years and over,28.58
2017,Canada,Both sexes,25 years and over,27.57
2018,Canada,Both sexes,25 years and over,25.06
2019,Canada,Both sexes,25 years and over,22.22
2020,Canada,Both sexes,25 years and over,26.1
2015,Canada,Both sexes,25 to 44 years,36.44
2016,Canada,Both sexes,25 to 44 years,34.1
2017,Canada,Both sexes,25 to 44 years,34.0
2018,Canada,Both sexes,25 to 44 years,30.93
2019,Canada,Both sexes,25 to 44 years,27.53
2020,Canada,Both sexes,25 to 44 years,30.97
2015,Canada,Both sexes,45 years and over,25.46
2016,Canada,Both sexes,45 years and over,24.59
2017,Canada,Both sexes,45 years and over,22.85
2018,Canada,Both sexes,45 years and over,20.81
2019,Canada,Both sexes,45 years and over,18.53
2020,Canada,Both sexes,45 years and over,22.64
2015,Canada,Both sexes,25 to 54 years,36.49
2016,Canada,Both sexes,25 to 54 years,34.73
2017,Canada,Both sexes,25 to 54 years,34.13
2018,Canada,Both sexes,25 to 54 years,31.08
2019,Canada,Both sexes,25 to 54 years,27.65
2020,Canada,Both sexes,25 to 54 years,31.42
2015,Canada,Both sexes,55 years and over,18.56
2016,Canada,Both sexes,55 years and over,18.2
2017,Canada,Both sexes,55 years and over,16.79
2018,Canada,Both sexes,55 years and over,15.4
2019,Canada,Both sexes,55 years and over,14.05
2020,Canada,Both sexes,55 years and over,18.06
2015,Canada,Both sexes,55 to 64 years,24.31
2016,Canada,Both sexes,55 to 64 years,24.17
2017,Canada,Both sexes,55 to 64 years,22.54
2018,Canada,Both sexes,55 to 64 years,19.97
2019,Canada,Both sexes,55 to 64 years,19.32
2020,Canada,Both sexes,55 to 64 years,23.81
2015,Canada,Both sexes,65 years and over,8.59
2016,Canada,Both sexes,65 years and over,7.86
2017,Canada,Both sexes,65 years and over,
2018,Canada,Both sexes,65 years and over,7.88
2019,Canada,Both sexes,65 years and over,6.44
2020,Canada,Both sexes,65 years and over,9.15
2015,Canada,Males,15 years and over,27.92
2016,Canada,Males,15 years and over,27.24
2017,Canada,Males,15 years and over,25.82
2018,Canada,Males,15 years and over,23.51
2019,Canada,Males,15 years and over,21.36
2020,Canada,Males,15 years and over,26.28
2015,Canada,Males,15 to 24 years,20.23
2016,Canada,Males,15 to 24 years,18.92
2017,Canada,Males,15 to 24 years,18.69
2018,Canada,Males,15 to 24 years,15.64
2019,Canada,Males,15 to 24 years,14.5
2020,Canada,Males,15 to 24 years,17.82
2015,Canada,Males,25 years and over,34.02
2016,Canada,Males,25 years and over,33.33
2017,Canada,Males,25 years and over,31.13
2018,Canada,Males,25 years and over,29.45
2019,Canada,Males,25 years and over,26.3
2020,Canada,Males,25 years and over,31.69
2015,Canada,Males,25 to 44 years,46.6
2016,Canada,Males,25 to 44 years,45.65
2017,Canada,Males,25 to 44 years,43.35
2018,Canada,Males,25 to 44 years,41.13
2019,Canada,Males,25 to 44 years,37.18
2020,Canada,Males,25 to 44 years,41.96
2015,Canada,Males,45 years and over,26.54
2016,Canada,Males,45 years and over,26.51
2017,Canada,Males,45 years and over,24.21
2018,Canada,Males,45 years and over,22.69
2019,Canada,Males,45 years and over,20.26
2020,Canada,Males,45 years and over,25.75
2015,Canada,Males,25 to 54 years,47.07
2016,Canada,Males,25 to 54 years,45.98
2017,Canada,Males,25 to 54 years,44.62
2018,Canada,Males,25 to 54 years,41.74
2019,Canada,Males,25 to 54 years,36.8
2020,Canada,Males,25 to 54 years,43.14
2015,Canada,Males,55 years and over,18.79
2016,Canada,Males,55 years and over,19.28
2017,Canada,Males,55 years and over,16.36
2018,Canada,Males,55 years and over,16.5
2019,Canada,Males,55 years and over,15.69
2020,Canada,Males,55 years and over,19.56
2015,Canada,Males,55 to 64 years,28.15
2016,Canada,Males,55 to 64 years,28.4
2017,Canada,Males,55 to 64 years,25.87
2018,Canada,Males,55 to 64 years,25.02
2019,Canada,Males,55 to 64 years,24.62
2020,Canada,Males,55 to 64 years,29.07
2015,Canada,Males,65 years and over,
2016,Canada,Males,65 years and over,
2017,Canada,Males,65 years and over,
2018,Canada,Males,65 years and over,
2019,Canada,Males,65 years and over,
2020,Canada,Males,65 years and over,
2015,Canada,Females,15 years and over,25.45
2016,Canada,Females,15 years and over,23.73
2017,Canada,Females,15 years and over,23.25
2018,Canada,Females,15 years and over,20.84
2019,Canada,Females,15 years and over,18.46
2020,Canada,Females,15 years and over,21.54
2015,Canada,Females,15 to 24 years,18.59
2016,Canada,Females,15 to 24 years,17.37
2017,Canada,Females,15 to 24 years,17.24
2018,Canada,Females,15 to 24 years,15.58
2019,Canada,Females,15 to 24 years,14.48
2020,Canada,Females,15 to 24 years,17.14
2015,Canada,Females,25 years and over,28.53
2016,Canada,Females,25 years and over,26.49
2017,Canada,Females,25 years and over,25.94
2018,Canada,Females,25 years and over,23.14
2019,Canada,Females,25 years and over,20.28
2020,Canada,Females,25 years and over,23.36
2015,Canada,Females,25 to 44 years,32.93
2016,Canada,Females,25 to 44 years,30.06
2017,Canada,Females,25 to 44 years,30.61
2018,Canada,Females,25 to 44 years,27.24
2019,Canada,Females,25 to 44 years,23.76
2020,Canada,Females,25 to 44 years,26.48
2015,Canada,Females,45 years and over,24.92
2016,Canada,Females,45 years and over,23.6
2017,Canada,Females,45 years and over,22.15
2018,Canada,Females,45 years and over,19.87
2019,Canada,Females,45 years and over,17.59
2020,Canada,Females,45 years and over,20.94
2015,Canada,Females,25 to 54 years,33.05
2016,Canada,Females,25 to 54 years,30.86
2017,Canada,Females,25 to 54 years,30.42
2018,Canada,Females,25 to 54 years,27.46
2019,Canada,Females,25 to 54 years,24.27
2020,Canada,Females,25 to 54 years,26.85
2015,Canada,Females,55 years and over,18.38
2016,Canada,Females,55 years and over,17.48
2017,Canada,Females,55 years and over,17.01
2018,Canada,Females,55 years and over,14.72
2019,Canada,Females,55 years and over,12.96
2020,Canada,Females,55 years and over,17.05
2015,Canada,Females,55 to 64 years,22.64
2016,Canada,Females,55 to 64 years,22.13
2017,Canada,Females,55 to 64 years,21.01
2018,Canada,Females,55 to 64 years,17.71
2019,Canada,Females,55 to 64 years,16.79
2020,Canada,Females,55 to 64 years,21.25
2015,Canada,Females,65 years and over,
2016,Canada,Females,65 years and over,
2017,Canada,Females,65 years and over,
2018,Canada,Females,65 years and over,
2019,Canada,Females,65 years and over,
2020,Canada,Females,65 years and over,
2015,Newfoundland and Labrador,Both sexes,15 years and over,34.1
2016,Newfoundland and Labrador,Both sexes,15 years and over,33.69
2017,Newfoundland and Labrador,Both sexes,15 years and over,37.35
2018,Newfoundland and Labrador,Both sexes,15 years and over,34.62
2019,Newfoundland and Labrador,Both sexes,15 years and over,33.14
2020,Newfoundland and Labrador,Both sexes,15 years and over,28.7
2015,Newfoundland and Labrador,Both sexes,15 to 24 years,
2016,Newfoundland and Labrador,Both sexes,15 to 24 years,
2017,Newfoundland and Labrador,Both sexes,15 to 24 years,
2018,Newfoundland and Labrador,Both sexes,15 to 24 years,
2019,Newfoundland and Labrador,Both sexes,15 to 24 years,
2020,Newfoundland and Labrador,Both sexes,15 to 24 years,25.21
2015,Newfoundland and Labrador,Both sexes,25 years and over,42.99
2016,Newfoundland and Labrador,Both sexes,25 years and over,40.08
2017,Newfoundland and Labrador,Both sexes,25 years and over,47.18
2018,Newfoundland and Labrador,Both sexes,25 years and over,40.76
2019,Newfoundland and Labrador,Both sexes,25 years and over,37.89
2020,Newfoundland and Labrador,Both sexes,25 years and over,30.53
2015,Newfoundland and Labrador,Both sexes,25 to 44 years,
2016,Newfoundland and Labrador,Both sexes,25 to 44 years,
2017,Newfoundland and Labrador,Both sexes,25 to 44 years,
2018,Newfoundland and Labrador,Both sexes,25 to 44 years,46.67
2019,Newfoundland and Labrador,Both sexes,25 to 44 years,
2020,Newfoundland and Labrador,Both sexes,25 to 44 years,
2015,Newfoundland and Labrador,Both sexes,45 years and over,
2016,Newfoundland and Labrador,Both sexes,45 years and over,35.71
2017,Newfoundland and Labrador,Both sexes,45 years and over,43.36
2018,Newfoundland and Labrador,Both sexes,45 years and over,
2019,Newfoundland and Labrador,Both sexes,45 years and over,33.59
2020,Newfoundland and Labrador,Both sexes,45 years and over,
2015,Newfoundland and Labrador,Both sexes,25 to 54 years,51.52
2016,Newfoundland and Labrador,Both sexes,25 to 54 years,46.54
2017,Newfoundland and Labrador,Both sexes,25 to 54 years,55.74
2018,Newfoundland and Labrador,Both sexes,25 to 54 years,47.71
2019,Newfoundland and Labrador,Both sexes,25 to 54 years,43.57
2020,Newfoundland and Labrador,Both sexes,25 to 54 years,34.01
2015,Newfoundland and Labrador,Both sexes,55 years and over,
2016,Newfoundland and Labrador,Both sexes,55 years and over,
2017,Newfoundland and Labrador,Both sexes,55 years and over,
2018,Newfoundland and Labrador,Both sexes,55 years and over,
2019,Newfoundland and Labrador,Both sexes,55 years and over,
2020,Newfoundland and Labrador,Both sexes,55 years and over,
2015,Newfoundland and Labrador,Both sexes,55 to 64 years,
2016,Newfoundland and Labrador,Both sexes,55 to 64 years,
2017,Newfoundland and Labrador,Both sexes,55 to 64 years,
2018,Newfoundland and Labrador,Both sexes,55 to 64 years,
2019,Newfoundland and Labrador,Both sexes,55 to 64 years,
2020,Newfoundland and Labrador,Both sexes,55 to 64 years,
2015,Newfoundland and Labrador,Both sexes,65 years and over,
2016,Newfoundland and Labrador,Both sexes,65 years and over,
2017,Newfoundland and Labrador,Both sexes,65 years and over,
2018,Newfoundland and Labrador,Both sexes,65 years and over,
2019,Newfoundland and Labrador,Both sexes,65 years and over,
2020,Newfoundland and Labrador,Both sexes,65 years and over,
2015,Newfoundland and Labrador,Males,15 years and over,
2016,Newfoundland and Labrador,Males,15 years and over,
2017,Newfoundland and Labrador,Males,15 years and over,
2018,Newfoundland and Labrador,Males,15 years and over,
2019,Newfoundland and Labrador,Males,15 years and over,
2020,Newfoundland and Labrador,Males,15 years and over,
2015,Newfoundland and Labrador,Males,15 to 24 years,
2016,Newfoundland and Labrador,Males,15 to 24 years,
2017,Newfoundland and Labrador,Males,15 to 24 years,
2018,Newfoundland and Labrador,Males,15 to 24 years,
2019,Newfoundland and Labrador,Males,15 to 24 years,
2020,Newfoundland and Labrador,Males,15 to 24 years,
2015,Newfoundland and Labrador,Males,25 years and over,
2016,Newfoundland and Labrador,Males,25 years and over,
2017,Newfoundland and Labrador,Males,25 years and over,
2018,Newfoundland and Labrador,Males,25 years and over,
2019,Newfoundland and Labrador,Males,25 years and over,
2020,Newfoundland and Labrador,Males,25 years and over,
2015,Newfoundland and Labrador,Males,25 to 44 years,
2016,Newfoundland and Labrador,Males,25 to 44 years,
2017,Newfoundland and Labrador,Males,25 to 44 years,
2018,Newfoundland and Labrador,Males,25 to 44 years,
2019,Newfoundland and Labrador,Males,25 to 44 years,
2020,Newfoundland and Labrador,Males,25 to 44 years,
2015,Newfoundland and Labrador,Males,45 years and over,
2016,Newfoundland and Labrador,Males,45 years and over,
2017,Newfoundland and Labrador,Males,45 years and over,
2018,Newfoundland and Labrador,Males,45 years and over,
2019,Newfoundland and Labrador,Males,45 years and over,
2020,Newfoundland and Labrador,Males,45 years and over,
2015,Newfoundland and Labrador,Males,25 to 54 years,
2016,Newfoundland and Labrador,Males,25 to 54 years,
2017,Newfoundland and Labrador,Males,25 to 54 years,
2018,Newfoundland and Labrador,Males,25 to 54 years,
2019,Newfoundland and Labrador,Males,25 to 54 years,
2020,Newfoundland and Labrador,Males,25 to 54 years,
2015,Newfoundland and Labrador,Males,55 years and over,
2016,Newfoundland and Labrador,Males,55 years and over,
2017,Newfoundland and Labrador,Males,55 years and over,
2018,Newfoundland and Labrador,Males,55 years and over,
2019,Newfoundland and Labrador,Males,55 years and over,
2020,Newfoundland and Labrador,Males,55 years and over,
2015,Newfoundland and Labrador,Males,55 to 64 years,
2016,Newfoundland and Labrador,Males,55 to 64 years,
2017,Newfoundland and Labrador,Males,55 to 64 years,
2018,Newfoundland and Labrador,Males,55 to 64 years,
2019,Newfoundland and Labrador,Males,55 to 64 years,
2020,Newfoundland and Labrador,Males,55 to 64 years,
2015,Newfoundland and Labrador,Males,65 years and over,
2016,Newfoundland and Labrador,Males,65 years and over,
2017,Newfoundland and Labrador,Males,65 years and over,
2018,Newfoundland and Labrador,Males,65 years and over,
2019,Newfoundland and Labrador,Males,65 years and over,
2020,Newfoundland and Labrador,Males,65 years and over,
2015,Newfoundland and Labrador,Females,15 years and over,36.63
2016,Newfoundland and Labrador,Females,15 years and over,35.57
2017,Newfoundland and Labrador,Females,15 years and over,37.16
2018,Newfoundland and Labrador,Females,15 years and over,35.32
2019,Newfoundland and Labrador,Females,15 years and over,34.22
2020,Newfoundland and Labrador,Females,15 years and over,29.26
2015,Newfoundland and Labrador,Females,15 to 24 years,
2016,Newfoundland and Labrador,Females,15 to 24 years,
2017,Newfoundland and Labrador,Females,15 to 24 years,
2018,Newfoundland and Labrador,Females,15 to 24 years,
2019,Newfoundland and Labrador,Females,15 to 24 years,
2020,Newfoundland and Labrador,Females,15 to 24 years,
2015,Newfoundland and Labrador,Females,25 years and over,44.1
2016,Newfoundland and Labrador,Females,25 years and over,41.57
2017,Newfoundland and Labrador,Females,25 years and over,46.43
2018,Newfoundland and Labrador,Females,25 years and over,41.1
2019,Newfoundland and Labrador,Females,25 years and over,37.89
2020,Newfoundland and Labrador,Females,25 years and over,31.25
2015,Newfoundland and Labrador,Females,25 to 44 years,
2016,Newfoundland and Labrador,Females,25 to 44 years,
2017,Newfoundland and Labrador,Females,25 to 44 years,
2018,Newfoundland and Labrador,Females,25 to 44 years,
2019,Newfoundland and Labrador,Females,25 to 44 years,
2020,Newfoundland and Labrador,Females,25 to 44 years,
2015,Newfoundland and Labrador,Females,45 years and over,
2016,Newfoundland and Labrador,Females,45 years and over,
2017,Newfoundland and Labrador,Females,45 years and over,
2018,Newfoundland and Labrador,Females,45 years and over,
2019,Newfoundland and Labrador,Females,45 years and over,
2020,Newfoundland and Labrador,Females,45 years and over,
2015,Newfoundland and Labrador,Females,25 to 54 years,50.98
2016,Newfoundland and Labrador,Females,25 to 54 years,45.6
2017,Newfoundland and Labrador,Females,25 to 54 years,52.17
2018,Newfoundland and Labrador,Females,25 to 54 years,47.22
2019,Newfoundland and Labrador,Females,25 to 54 years,
2020,Newfoundland and Labrador,Females,25 to 54 years,
2015,Newfoundland and Labrador,Females,55 years and over,
2016,Newfoundland and Labrador,Females,55 years and over,
2017,Newfoundland and Labrador,Females,55 years and over,
2018,Newfoundland and Labrador,Females,55 years and over,
2019,Newfoundland and Labrador,Females,55 years and over,
2020,Newfoundland and Labrador,Females,55 years and over,
2015,Newfoundland and Labrador,Females,55 to 64 years,
2016,Newfoundland and Labrador,Females,55 to 64 years,
2017,Newfoundland and Labrador,Females,55 to 64 years,
2018,Newfoundland and Labrador,Females,55 to 64 years,
2019,Newfoundland and Labrador,Females,55 to 64 years,
2020,Newfoundland and Labrador,Females,55 to 64 years,
2015,Newfoundland and Labrador,Females,65 years and over,
2016,Newfoundland and Labrador,Females,65 years and over,
2017,Newfoundland and Labrador,Females,65 years and over,
2018,Newfoundland and Labrador,Females,65 years and over,
2019,Newfoundland and Labrador,Females,65 years and over,
2020,Newfoundland and Labrador,Females,65 years and over,
2015,Prince Edward Island,Both sexes,15 years and over,31.97
2016,Prince Edward Island,Both sexes,15 years and over,28.46
2017,Prince Edward Island,Both sexes,15 years and over,25.83
2018,Prince Edward Island,Both sexes,15 years and over,26.23
2019,Prince Edward Island,Both sexes,15 years and over,23.58
2020,Prince Edward Island,Both sexes,15 years and over,26.27
2015,Prince Edward Island,Both sexes,15 to 24 years,
2016,Prince Edward Island,Both sexes,15 to 24 years,
2017,Prince Edward Island,Both sexes,15 to 24 years,
2018,Prince Edward Island,Both sexes,15 to 24 years,
2019,Prince Edward Island,Both sexes,15 to 24 years,
2020,Prince Edward Island,Both sexes,15 to 24 years,
2015,Prince Edward Island,Both sexes,25 years and over,38.96
2016,Prince Edward Island,Both sexes,25 years and over,
2017,Prince Edward Island,Both sexes,25 years and over,29.33
2018,Prince Edward Island,Both sexes,25 years and over,29.87
2019,Prince Edward Island,Both sexes,25 years and over,28.21
2020,Prince Edward Island,Both sexes,25 years and over,
2015,Prince Edward Island,Both sexes,25 to 44 years,
2016,Prince Edward Island,Both sexes,25 to 44 years,
2017,Prince Edward Island,Both sexes,25 to 44 years,
2018,Prince Edward Island,Both sexes,25 to 44 years,
2019,Prince Edward Island,Both sexes,25 to 44 years,
2020,Prince Edward Island,Both sexes,25 to 44 years,
2015,Prince Edward Island,Both sexes,45 years and over,
2016,Prince Edward Island,Both sexes,45 years and over,
2017,Prince Edward Island,Both sexes,45 years and over,
2018,Prince Edward Island,Both sexes,45 years and over,
2019,Prince Edward Island,Both sexes,45 years and over,
2020,Prince Edward Island,Both sexes,45 years and over,
2015,Prince Edward Island,Both sexes,25 to 54 years,
2016,Prince Edward Island,Both sexes,25 to 54 years,
2017,Prince Edward Island,Both sexes,25 to 54 years,41.03
2018,Prince Edward Island,Both sexes,25 to 54 years,38.1
2019,Prince Edward Island,Both sexes,25 to 54 years,
2020,Prince Edward Island,Both sexes,25 to 54 years,
2015,Prince Edward Island,Both sexes,55 years and over,
2016,Prince Edward Island,Both sexes,55 years and over,
2017,Prince Edward Island,Both sexes,55 years and over,
2018,Prince Edward Island,Both sexes,55 years and over,
2019,Prince Edward Island,Both sexes,55 years and over,
2020,Prince Edward Island,Both sexes,55 years and over,
2015,Prince Edward Island,Both sexes,55 to 64 years,
2016,Prince Edward Island,Both sexes,55 to 64 years,
2017,Prince Edward Island,Both sexes,55 to 64 years,
2018,Prince Edward Island,Both sexes,55 to 64 years,
2019,Prince Edward Island,Both sexes,55 to 64 years,
2020,Prince Edward Island,Both sexes,55 to 64 years,
2015,Prince Edward Island,Both sexes,65 years and over,
2016,Prince Edward Island,Both sexes,65 years and over,
2017,Prince Edward Island,Both sexes,65 years and over,
2018,Prince Edward Island,Both sexes,65 years and over,
2019,Prince Edward Island,Both sexes,65 years and over,
2020,Prince Edward Island,Both sexes,65 years and over,
2015,Prince Edward Island,Males,15 years and over,
2016,Prince Edward Island,Males,15 years and over,
2017,Prince Edward Island,Males,15 years and over,
2018,Prince Edward Island,Males,15 years and over,
2019,Prince Edward Island,Males,15 years and over,
2020,Prince Edward Island,Males,15 years and over,
2015,Prince Edward Island,Males,15 to 24 years,
2016,Prince Edward Island,Males,15 to 24 years,
2017,Prince Edward Island,Males,15 to 24 years,
2018,Prince Edward Island,Males,15 to 24 years,
2019,Prince Edward Island,Males,15 to 24 years,
2020,Prince Edward Island,Males,15 to 24 years,
2015,Prince Edward Island,Males,25 years and over,
2016,Prince Edward Island,Males,25 years and over,
2017,Prince Edward Island,Males,25 years and over,
2018,Prince Edward Island,Males,25 years and over,
2019,Prince Edward Island,Males,25 years and over,
2020,Prince Edward Island,Males,25 years and over,
2015,Prince Edward Island,Males,25 to 44 years,
2016,Prince Edward Island,Males,25 to 44 years,
2017,Prince Edward Island,Males,25 to 44 years,
2018,Prince Edward Island,Males,25 to 44 years,
2019,Prince Edward Island,Males,25 to 44 years,
2020,Prince Edward Island,Males,25 to 44 years,
2015,Prince Edward Island,Males,45 years and over,
2016,Prince Edward Island,Males,45 years and over,
2017,Prince Edward Island,Males,45 years and over,
2018,Prince Edward Island,Males,45 years and over,
2019,Prince Edward Island,Males,45 years and over,
2020,Prince Edward Island,Males,45 years and over,
2015,Prince Edward Island,Males,25 to 54 years,
2016,Prince Edward Island,Males,25 to 54 years,
2017,Prince Edward Island,Males,25 to 54 years,
2018,Prince Edward Island,Males,25 to 54 years,
2019,Prince Edward Island,Males,25 to 54 years,
2020,Prince Edward Island,Males,25 to 54 years,
2015,Prince Edward Island,Males,55 years and over,
2016,Prince Edward Island,Males,55 years and over,
2017,Prince Edward Island,Males,55 years and over,
2018,Prince Edward Island,Males,55 years and over,
2019,Prince Edward Island,Males,55 years and over,
2020,Prince Edward Island,Males,55 years and over,
2015,Prince Edward Island,Males,55 to 64 years,
2016,Prince Edward Island,Males,55 to 64 years,
2017,Prince Edward Island,Males,55 to 64 years,
2018,Prince Edward Island,Males,55 to 64 years,
2019,Prince Edward Island,Males,55 to 64 years,
2020,Prince Edward Island,Males,55 to 64 years,
2015,Prince Edward Island,Males,65 years and over,
2016,Prince Edward Island,Males,65 years and over,
2017,Prince Edward Island,Males,65 years and over,
2018,Prince Edward Island,Males,65 years and over,
2019,Prince Edward Island,Males,65 years and over,
2020,Prince Edward Island,Males,65 years and over,
2015,Prince Edward Island,Females,15 years and over,33.33
2016,Prince Edward Island,Females,15 years and over,
2017,Prince Edward Island,Females,15 years and over,25.64
2018,Prince Edward Island,Females,15 years and over,26.83
2019,Prince Edward Island,Females,15 years and over,25.93
2020,Prince Edward Island,Females,15 years and over,
2015,Prince Edward Island,Females,15 to 24 years,
2016,Prince Edward Island,Females,15 to 24 years,
2017,Prince Edward Island,Females,15 to 24 years,
2018,Prince Edward Island,Females,15 to 24 years,
2019,Prince Edward Island,Females,15 to 24 years,
2020,Prince Edward Island,Females,15 to 24 years,
2015,Prince Edward Island,Females,25 years and over,
2016,Prince Edward Island,Females,25 years and over,
2017,Prince Edward Island,Females,25 years and over,32.0
2018,Prince Edward Island,Females,25 years and over,31.48
2019,Prince Edward Island,Females,25 years and over,
2020,Prince Edward Island,Females,25 years and over,
2015,Prince Edward Island,Females,25 to 44 years,
2016,Prince Edward Island,Females,25 to 44 years,
2017,Prince Edward Island,Females,25 to 44 years,
2018,Prince Edward Island,Females,25 to 44 years,
2019,Prince Edward Island,Females,25 to 44 years,
2020,Prince Edward Island,Females,25 to 44 years,
2015,Prince Edward Island,Females,45 years and over,
2016,Prince Edward Island,Females,45 years and over,
2017,Prince Edward Island,Females,45 years and over,
2018,Prince Edward Island,Females,45 years and over,
2019,Prince Edward Island,Females,45 years and over,
2020,Prince Edward Island,Females,45 years and over,
2015,Prince Edward Island,Females,25 to 54 years,
2016,Prince Edward Island,Females,25 to 54 years,
2017,Prince Edward Island,Females,25 to 54 years,
2018,Prince Edward Island,Females,25 to 54 years,
2019,Prince Edward Island,Females,25 to 54 years,
2020,Prince Edward Island,Females,25 to 54 years,
2015,Prince Edward Island,Females,55 years and over,
2016,Prince Edward Island,Females,55 years and over,
2017,Prince Edward Island,Females,55 years and over,
2018,Prince Edward Island,Females,55 years and over,
2019,Prince Edward Island,Females,55 years and over,
2020,Prince Edward Island,Females,55 years and over,
2015,Prince Edward Island,Females,55 to 64 years,
2016,Prince Edward Island,Females,55 to 64 years,
2017,Prince Edward Island,Females,55 to 64 years,
2018,Prince Edward Island,Females,55 to 64 years,
2019,Prince Edward Island,Females,55 to 64 years,
2020,Prince Edward Island,Females,55 to 64 years,
2015,Prince Edward Island,Females,65 years and over,
2016,Prince Edward Island,Females,65 years and over,
2017,Prince Edward Island,Females,65 years and over,
2018,Prince Edward Island,Females,65 years and over,
2019,Prince Edward Island,Females,65 years and over,
2020,Prince Edward Island,Females,65 years and over,
2015,Nova Scotia,Both sexes,15 years and over,30.53
2016,Nova Scotia,Both sexes,15 years and over,27.73
2017,Nova Scotia,Both sexes,15 years and over,26.04
2018,Nova Scotia,Both sexes,15 years and over,25.06
2019,Nova Scotia,Both sexes,15 years and over,22.14
2020,Nova Scotia,Both sexes,15 years and over,25.63
2015,Nova Scotia,Both sexes,15 to 24 years,23.16
2016,Nova Scotia,Both sexes,15 to 24 years,25.19
2017,Nova Scotia,Both sexes,15 to 24 years,20.28
2018,Nova Scotia,Both sexes,15 to 24 years,21.9
2019,Nova Scotia,Both sexes,15 to 24 years,15.77
2020,Nova Scotia,Both sexes,15 to 24 years,21.4
2015,Nova Scotia,Both sexes,25 years and over,34.44
2016,Nova Scotia,Both sexes,25 years and over,28.99
2017,Nova Scotia,Both sexes,25 years and over,28.7
2018,Nova Scotia,Both sexes,25 years and over,26.7
2019,Nova Scotia,Both sexes,25 years and over,25.83
2020,Nova Scotia,Both sexes,25 years and over,27.81
2015,Nova Scotia,Both sexes,25 to 44 years,40.43
2016,Nova Scotia,Both sexes,25 to 44 years,34.91
2017,Nova Scotia,Both sexes,25 to 44 years,34.78
2018,Nova Scotia,Both sexes,25 to 44 years,32.29
2019,Nova Scotia,Both sexes,25 to 44 years,33.0
2020,Nova Scotia,Both sexes,25 to 44 years,31.16
2015,Nova Scotia,Both sexes,45 years and over,31.29
2016,Nova Scotia,Both sexes,45 years and over,25.23
2017,Nova Scotia,Both sexes,45 years and over,24.86
2018,Nova Scotia,Both sexes,45 years and over,23.51
2019,Nova Scotia,Both sexes,45 years and over,21.83
2020,Nova Scotia,Both sexes,45 years and over,25.48
2015,Nova Scotia,Both sexes,25 to 54 years,41.18
2016,Nova Scotia,Both sexes,25 to 54 years,36.01
2017,Nova Scotia,Both sexes,25 to 54 years,36.83
2018,Nova Scotia,Both sexes,25 to 54 years,33.89
2019,Nova Scotia,Both sexes,25 to 54 years,33.66
2020,Nova Scotia,Both sexes,25 to 54 years,32.57
2015,Nova Scotia,Both sexes,55 years and over,
2016,Nova Scotia,Both sexes,55 years and over,
2017,Nova Scotia,Both sexes,55 years and over,
2018,Nova Scotia,Both sexes,55 years and over,
2019,Nova Scotia,Both sexes,55 years and over,
2020,Nova Scotia,Both sexes,55 years and over,
2015,Nova Scotia,Both sexes,55 to 64 years,
2016,Nova Scotia,Both sexes,55 to 64 years,
2017,Nova Scotia,Both sexes,55 to 64 years,
2018,Nova Scotia,Both sexes,55 to 64 years,
2019,Nova Scotia,Both sexes,55 to 64 years,
2020,Nova Scotia,Both sexes,55 to 64 years,
2015,Nova Scotia,Both sexes,65 years and over,
2016,Nova Scotia,Both sexes,65 years and over,
2017,Nova Scotia,Both sexes,65 years and over,
2018,Nova Scotia,Both sexes,65 years and over,
2019,Nova Scotia,Both sexes,65 years and over,
2020,Nova Scotia,Both sexes,65 years and over,
2015,Nova Scotia,Males,15 years and over,31.44
2016,Nova Scotia,Males,15 years and over,30.69
2017,Nova Scotia,Males,15 years and over,27.97
2018,Nova Scotia,Males,15 years and over,25.0
2019,Nova Scotia,Males,15 years and over,21.8
2020,Nova Scotia,Males,15 years and over,27.11
2015,Nova Scotia,Males,15 to 24 years,
2016,Nova Scotia,Males,15 to 24 years,
2017,Nova Scotia,Males,15 to 24 years,
2018,Nova Scotia,Males,15 to 24 years,
2019,Nova Scotia,Males,15 to 24 years,
2020,Nova Scotia,Males,15 to 24 years,
2015,Nova Scotia,Males,25 years and over,
2016,Nova Scotia,Males,25 years and over,34.19
2017,Nova Scotia,Males,25 years and over,30.0
2018,Nova Scotia,Males,25 years and over,
2019,Nova Scotia,Males,25 years and over,
2020,Nova Scotia,Males,25 years and over,29.07
2015,Nova Scotia,Males,25 to 44 years,
2016,Nova Scotia,Males,25 to 44 years,
2017,Nova Scotia,Males,25 to 44 years,
2018,Nova Scotia,Males,25 to 44 years,
2019,Nova Scotia,Males,25 to 44 years,
2020,Nova Scotia,Males,25 to 44 years,
2015,Nova Scotia,Males,45 years and over,
2016,Nova Scotia,Males,45 years and over,
2017,Nova Scotia,Males,45 years and over,
2018,Nova Scotia,Males,45 years and over,
2019,Nova Scotia,Males,45 years and over,
2020,Nova Scotia,Males,45 years and over,
2015,Nova Scotia,Males,25 to 54 years,
2016,Nova Scotia,Males,25 to 54 years,
2017,Nova Scotia,Males,25 to 54 years,
2018,Nova Scotia,Males,25 to 54 years,
2019,Nova Scotia,Males,25 to 54 years,
2020,Nova Scotia,Males,25 to 54 years,
2015,Nova Scotia,Males,55 years and over,
2016,Nova Scotia,Males,55 years and over,
2017,Nova Scotia,Males,55 years and over,
2018,Nova Scotia,Males,55 years and over,
2019,Nova Scotia,Males,55 years and over,
2020,Nova Scotia,Males,55 years and over,
2015,Nova Scotia,Males,55 to 64 years,
2016,Nova Scotia,Males,55 to 64 years,
2017,Nova Scotia,Males,55 to 64 years,
2018,Nova Scotia,Males,55 to 64 years,
2019,Nova Scotia,Males,55 to 64 years,
2020,Nova Scotia,Males,55 to 64 years,
2015,Nova Scotia,Males,65 years and over,
2016,Nova Scotia,Males,65 years and over,
2017,Nova Scotia,Males,65 years and over,
2018,Nova Scotia,Males,65 years and over,
2019,Nova Scotia,Males,65 years and over,
2020,Nova Scotia,Males,65 years and over,
2015,Nova Scotia,Females,15 years and over,30.27
2016,Nova Scotia,Females,15 years and over,26.58
2017,Nova Scotia,Females,15 years and over,24.86
2018,Nova Scotia,Females,15 years and over,24.9
2019,Nova Scotia,Females,15 years and over,22.32
2020,Nova Scotia,Females,15 years and over,24.76
2015,Nova Scotia,Females,15 to 24 years,
2016,Nova Scotia,Females,15 to 24 years,
2017,Nova Scotia,Females,15 to 24 years,
2018,Nova Scotia,Females,15 to 24 years,20.13
2019,Nova Scotia,Females,15 to 24 years,17.03
2020,Nova Scotia,Females,15 to 24 years,
2015,Nova Scotia,Females,25 years and over,34.54
2016,Nova Scotia,Females,25 years and over,27.44
2017,Nova Scotia,Females,25 years and over,28.13
2018,Nova Scotia,Females,25 years and over,27.0
2019,Nova Scotia,Females,25 years and over,25.06
2020,Nova Scotia,Females,25 years and over,26.99
2015,Nova Scotia,Females,25 to 44 years,
2016,Nova Scotia,Females,25 to 44 years,31.71
2017,Nova Scotia,Females,25 to 44 years,33.56
2018,Nova Scotia,Females,25 to 44 years,
2019,Nova Scotia,Females,25 to 44 years,30.32
2020,Nova Scotia,Females,25 to 44 years,
2015,Nova Scotia,Females,45 years and over,32.24
2016,Nova Scotia,Females,45 years and over,24.34
2017,Nova Scotia,Females,45 years and over,25.21
2018,Nova Scotia,Females,45 years and over,23.87
2019,Nova Scotia,Females,45 years and over,
2020,Nova Scotia,Females,45 years and over,
2015,Nova Scotia,Females,25 to 54 years,38.7
2016,Nova Scotia,Females,25 to 54 years,31.92
2017,Nova Scotia,Females,25 to 54 years,34.62
2018,Nova Scotia,Females,25 to 54 years,31.72
2019,Nova Scotia,Females,25 to 54 years,30.77
2020,Nova Scotia,Females,25 to 54 years,31.02
2015,Nova Scotia,Females,55 years and over,
2016,Nova Scotia,Females,55 years and over,
2017,Nova Scotia,Females,55 years and over,
2018,Nova Scotia,Females,55 years and over,
2019,Nova Scotia,Females,55 years and over,
2020,Nova Scotia,Females,55 years and over,
2015,Nova Scotia,Females,55 to 64 years,
2016,Nova Scotia,Females,55 to 64 years,
2017,Nova Scotia,Females,55 to 64 years,
2018,Nova Scotia,Females,55 to 64 years,
2019,Nova Scotia,Females,55 to 64 years,
2020,Nova Scotia,Females,55 to 64 years,
2015,Nova Scotia,Females,65 years and over,
2016,Nova Scotia,Females,65 years and over,
2017,Nova Scotia,Females,65 years and over,
2018,Nova Scotia,Females,65 years and over,
2019,Nova Scotia,Females,65 years and over,
2020,Nova Scotia,Females,65 years and over,
2015,New Brunswick,Both sexes,15 years and over,30.22
2016,New Brunswick,Both sexes,15 years and over,26.32
2017,New Brunswick,Both sexes,15 years and over,24.61
2018,New Brunswick,Both sexes,15 years and over,23.17
2019,New Brunswick,Both sexes,15 years and over,22.69
2020,New Brunswick,Both sexes,15 years and over,25.53
2015,New Brunswick,Both sexes,15 to 24 years,20.88
2016,New Brunswick,Both sexes,15 to 24 years,19.89
2017,New Brunswick,Both sexes,15 to 24 years,
2018,New Brunswick,Both sexes,15 to 24 years,20.88
2019,New Brunswick,Both sexes,15 to 24 years,20.99
2020,New Brunswick,Both sexes,15 to 24 years,
2015,New Brunswick,Both sexes,25 years and over,35.03
2016,New Brunswick,Both sexes,25 years and over,29.86
2017,New Brunswick,Both sexes,25 years and over,26.57
2018,New Brunswick,Both sexes,25 years and over,24.11
2019,New Brunswick,Both sexes,25 years and over,23.55
2020,New Brunswick,Both sexes,25 years and over,27.22
2015,New Brunswick,Both sexes,25 to 44 years,48.48
2016,New Brunswick,Both sexes,25 to 44 years,38.58
2017,New Brunswick,Both sexes,25 to 44 years,37.61
2018,New Brunswick,Both sexes,25 to 44 years,31.03
2019,New Brunswick,Both sexes,25 to 44 years,
2020,New Brunswick,Both sexes,25 to 44 years,
2015,New Brunswick,Both sexes,45 years and over,26.91
2016,New Brunswick,Both sexes,45 years and over,24.79
2017,New Brunswick,Both sexes,45 years and over,
2018,New Brunswick,Both sexes,45 years and over,20.45
2019,New Brunswick,Both sexes,45 years and over,19.83
2020,New Brunswick,Both sexes,45 years and over,23.01
2015,New Brunswick,Both sexes,25 to 54 years,45.32
2016,New Brunswick,Both sexes,25 to 54 years,37.14
2017,New Brunswick,Both sexes,25 to 54 years,37.64
2018,New Brunswick,Both sexes,25 to 54 years,31.43
2019,New Brunswick,Both sexes,25 to 54 years,32.26
2020,New Brunswick,Both sexes,25 to 54 years,34.44
2015,New Brunswick,Both sexes,55 years and over,
2016,New Brunswick,Both sexes,55 years and over,
2017,New Brunswick,Both sexes,55 years and over,
2018,New Brunswick,Both sexes,55 years and over,
2019,New Brunswick,Both sexes,55 years and over,
2020,New Brunswick,Both sexes,55 years and over,
2015,New Brunswick,Both sexes,55 to 64 years,
2016,New Brunswick,Both sexes,55 to 64 years,
2017,New Brunswick,Both sexes,55 to 64 years,
2018,New Brunswick,Both sexes,55 to 64 years,
2019,New Brunswick,Both sexes,55 to 64 years,
2020,New Brunswick,Both sexes,55 to 64 years,
2015,New Brunswick,Both sexes,65 years and over,
2016,New Brunswick,Both sexes,65 years and over,
2017,New Brunswick,Both sexes,65 years and over,
2018,New Brunswick,Both sexes,65 years and over,
2019,New Brunswick,Both sexes,65 years and over,
2020,New Brunswick,Both sexes,65 years and over,
2015,New Brunswick,Males,15 years and over,29.83
2016,New Brunswick,Males,15 years and over,28.57
2017,New Brunswick,Males,15 years and over,
2018,New Brunswick,Males,15 years and over,21.76
2019,New Brunswick,Males,15 years and over,24.08
2020,New Brunswick,Males,15 years and over,27.46
2015,New Brunswick,Males,15 to 24 years,
2016,New Brunswick,Males,15 to 24 years,
2017,New Brunswick,Males,15 to 24 years,
2018,New Brunswick,Males,15 to 24 years,
2019,New Brunswick,Males,15 to 24 years,
2020,New Brunswick,Males,15 to 24 years,
2015,New Brunswick,Males,25 years and over,34.58
2016,New Brunswick,Males,25 years and over,
2017,New Brunswick,Males,25 years and over,
2018,New Brunswick,Males,25 years and over,
2019,New Brunswick,Males,25 years and over,
2020,New Brunswick,Males,25 years and over,
2015,New Brunswick,Males,25 to 44 years,
2016,New Brunswick,Males,25 to 44 years,
2017,New Brunswick,Males,25 to 44 years,
2018,New Brunswick,Males,25 to 44 years,
2019,New Brunswick,Males,25 to 44 years,
2020,New Brunswick,Males,25 to 44 years,
2015,New Brunswick,Males,45 years and over,
2016,New Brunswick,Males,45 years and over,
2017,New Brunswick,Males,45 years and over,
2018,New Brunswick,Males,45 years and over,
2019,New Brunswick,Males,45 years and over,
2020,New Brunswick,Males,45 years and over,
2015,New Brunswick,Males,25 to 54 years,
2016,New Brunswick,Males,25 to 54 years,
2017,New Brunswick,Males,25 to 54 years,
2018,New Brunswick,Males,25 to 54 years,
2019,New Brunswick,Males,25 to 54 years,
2020,New Brunswick,Males,25 to 54 years,
2015,New Brunswick,Males,55 years and over,
2016,New Brunswick,Males,55 years and over,
2017,New Brunswick,Males,55 years and over,
2018,New Brunswick,Males,55 years and over,
2019,New Brunswick,Males,55 years and over,
2020,New Brunswick,Males,55 years and over,
2015,New Brunswick,Males,55 to 64 years,
2016,New Brunswick,Males,55 to 64 years,
2017,New Brunswick,Males,55 to 64 years,
2018,New Brunswick,Males,55 to 64 years,
2019,New Brunswick,Males,55 to 64 years,
2020,New Brunswick,Males,55 to 64 years,
2015,New Brunswick,Males,65 years and over,
2016,New Brunswick,Males,65 years and over,
2017,New Brunswick,Males,65 years and over,
2018,New Brunswick,Males,65 years and over,
2019,New Brunswick,Males,65 years and over,
2020,New Brunswick,Males,65 years and over,
2015,New Brunswick,Females,15 years and over,30.42
2016,New Brunswick,Females,15 years and over,25.27
2017,New Brunswick,Females,15 years and over,24.2
2018,New Brunswick,Females,15 years and over,23.85
2019,New Brunswick,Females,15 years and over,21.65
2020,New Brunswick,Females,15 years and over,24.07
2015,New Brunswick,Females,15 to 24 years,
2016,New Brunswick,Females,15 to 24 years,
2017,New Brunswick,Females,15 to 24 years,
2018,New Brunswick,Females,15 to 24 years,
2019,New Brunswick,Females,15 to 24 years,
2020,New Brunswick,Females,15 to 24 years,
2015,New Brunswick,Females,25 years and over,35.63
2016,New Brunswick,Females,25 years and over,28.19
2017,New Brunswick,Females,25 years and over,25.86
2018,New Brunswick,Females,25 years and over,24.27
2019,New Brunswick,Females,25 years and over,22.63
2020,New Brunswick,Females,25 years and over,25.0
2015,New Brunswick,Females,25 to 44 years,45.92
2016,New Brunswick,Females,25 to 44 years,35.11
2017,New Brunswick,Females,25 to 44 years,
2018,New Brunswick,Females,25 to 44 years,
2019,New Brunswick,Females,25 to 44 years,
2020,New Brunswick,Females,25 to 44 years,
2015,New Brunswick,Females,45 years and over,28.67
2016,New Brunswick,Females,45 years and over,
2017,New Brunswick,Females,45 years and over,
2018,New Brunswick,Females,45 years and over,
2019,New Brunswick,Females,45 years and over,
2020,New Brunswick,Females,45 years and over,
2015,New Brunswick,Females,25 to 54 years,42.86
2016,New Brunswick,Females,25 to 54 years,33.33
2017,New Brunswick,Females,25 to 54 years,33.09
2018,New Brunswick,Females,25 to 54 years,30.88
2019,New Brunswick,Females,25 to 54 years,
2020,New Brunswick,Females,25 to 54 years,
2015,New Brunswick,Females,55 years and over,
2016,New Brunswick,Females,55 years and over,
2017,New Brunswick,Females,55 years and over,
2018,New Brunswick,Females,55 years and over,
2019,New Brunswick,Females,55 years and over,
2020,New Brunswick,Females,55 years and over,
2015,New Brunswick,Females,55 to 64 years,
2016,New Brunswick,Females,55 to 64 years,
2017,New Brunswick,Females,55 to 64 years,
2018,New Brunswick,Females,55 to 64 years,
2019,New Brunswick,Females,55 to 64 years,
2020,New Brunswick,Females,55 to 64 years,
2015,New Brunswick,Females,65 years and over,
2016,New Brunswick,Females,65 years and over,
2017,New Brunswick,Females,65 years and over,
2018,New Brunswick,Females,65 years and over,
2019,New Brunswick,Females,65 years and over,
2020,New Brunswick,Females,65 years and over,
2015,Quebec,Both sexes,15 years and over,24.44
2016,Quebec,Both sexes,15 years and over,22.0
2017,Quebec,Both sexes,15 years and over,20.74
2018,Quebec,Both sexes,15 years and over,17.86
2019,Quebec,Both sexes,15 years and over,13.28
2020,Quebec,Both sexes,15 years and over,16.02
2015,Quebec,Both sexes,15 to 24 years,14.57
2016,Quebec,Both sexes,15 to 24 years,13.36
2017,Quebec,Both sexes,15 to 24 years,11.35
2018,Quebec,Both sexes,15 to 24 years,9.54
2019,Quebec,Both sexes,15 to 24 years,7.0
2020,Quebec,Both sexes,15 to 24 years,8.67
2015,Quebec,Both sexes,25 years and over,30.68
2016,Quebec,Both sexes,25 years and over,27.34
2017,Quebec,Both sexes,25 years and over,26.44
2018,Quebec,Both sexes,25 years and over,22.89
2019,Quebec,Both sexes,25 years and over,17.36
2020,Quebec,Both sexes,25 years and over,20.67
2015,Quebec,Both sexes,25 to 44 years,38.4
2016,Quebec,Both sexes,25 to 44 years,33.7
2017,Quebec,Both sexes,25 to 44 years,33.76
2018,Quebec,Both sexes,25 to 44 years,29.44
2019,Quebec,Both sexes,25 to 44 years,22.33
2020,Quebec,Both sexes,25 to 44 years,24.9
2015,Quebec,Both sexes,45 years and over,24.68
2016,Quebec,Both sexes,45 years and over,22.75
2017,Quebec,Both sexes,45 years and over,21.05
2018,Quebec,Both sexes,45 years and over,18.45
2019,Quebec,Both sexes,45 years and over,14.05
2020,Quebec,Both sexes,45 years and over,17.9
2015,Quebec,Both sexes,25 to 54 years,37.53
2016,Quebec,Both sexes,25 to 54 years,33.94
2017,Quebec,Both sexes,25 to 54 years,33.34
2018,Quebec,Both sexes,25 to 54 years,29.43
2019,Quebec,Both sexes,25 to 54 years,22.52
2020,Quebec,Both sexes,25 to 54 years,26.04
2015,Quebec,Both sexes,55 years and over,18.35
2016,Quebec,Both sexes,55 years and over,16.31
2017,Quebec,Both sexes,55 years and over,15.31
2018,Quebec,Both sexes,55 years and over,12.89
2019,Quebec,Both sexes,55 years and over,
2020,Quebec,Both sexes,55 years and over,13.5
2015,Quebec,Both sexes,55 to 64 years,24.26
2016,Quebec,Both sexes,55 to 64 years,21.53
2017,Quebec,Both sexes,55 to 64 years,21.33
2018,Quebec,Both sexes,55 to 64 years,16.03
2019,Quebec,Both sexes,55 to 64 years,
2020,Quebec,Both sexes,55 to 64 years,17.5
2015,Quebec,Both sexes,65 years and over,
2016,Quebec,Both sexes,65 years and over,
2017,Quebec,Both sexes,65 years and over,
2018,Quebec,Both sexes,65 years and over,
2019,Quebec,Both sexes,65 years and over,
2020,Quebec,Both sexes,65 years and over,
2015,Quebec,Males,15 years and over,25.85
2016,Quebec,Males,15 years and over,23.72
2017,Quebec,Males,15 years and over,22.06
2018,Quebec,Males,15 years and over,17.51
2019,Quebec,Males,15 years and over,13.54
2020,Quebec,Males,15 years and over,18.4
2015,Quebec,Males,15 to 24 years,17.03
2016,Quebec,Males,15 to 24 years,14.36
2017,Quebec,Males,15 to 24 years,12.62
2018,Quebec,Males,15 to 24 years,8.98
2019,Quebec,Males,15 to 24 years,
2020,Quebec,Males,15 to 24 years,
2015,Quebec,Males,25 years and over,33.04
2016,Quebec,Males,25 years and over,31.02
2017,Quebec,Males,25 years and over,29.0
2018,Quebec,Males,25 years and over,24.47
2019,Quebec,Males,25 years and over,18.46
2020,Quebec,Males,25 years and over,25.0
2015,Quebec,Males,25 to 44 years,44.41
2016,Quebec,Males,25 to 44 years,42.98
2017,Quebec,Males,25 to 44 years,42.72
2018,Quebec,Males,25 to 44 years,34.67
2019,Quebec,Males,25 to 44 years,26.41
2020,Quebec,Males,25 to 44 years,33.04
2015,Quebec,Males,45 years and over,25.27
2016,Quebec,Males,45 years and over,24.01
2017,Quebec,Males,45 years and over,21.28
2018,Quebec,Males,45 years and over,19.35
2019,Quebec,Males,45 years and over,
2020,Quebec,Males,45 years and over,
2015,Quebec,Males,25 to 54 years,44.99
2016,Quebec,Males,25 to 54 years,43.41
2017,Quebec,Males,25 to 54 years,42.08
2018,Quebec,Males,25 to 54 years,35.7
2019,Quebec,Males,25 to 54 years,26.96
2020,Quebec,Males,25 to 54 years,34.63
2015,Quebec,Males,55 years and over,
2016,Quebec,Males,55 years and over,
2017,Quebec,Males,55 years and over,14.64
2018,Quebec,Males,55 years and over,13.74
2019,Quebec,Males,55 years and over,
2020,Quebec,Males,55 years and over,
2015,Quebec,Males,55 to 64 years,
2016,Quebec,Males,55 to 64 years,
2017,Quebec,Males,55 to 64 years,24.4
2018,Quebec,Males,55 to 64 years,
2019,Quebec,Males,55 to 64 years,
2020,Quebec,Males,55 to 64 years,
2015,Quebec,Males,65 years and over,
2016,Quebec,Males,65 years and over,
2017,Quebec,Males,65 years and over,
2018,Quebec,Males,65 years and over,
2019,Quebec,Males,65 years and over,
2020,Quebec,Males,65 years and over,
2015,Quebec,Females,15 years and over,23.66
2016,Quebec,Females,15 years and over,21.0
2017,Quebec,Females,15 years and over,19.95
2018,Quebec,Females,15 years and over,18.05
2019,Quebec,Females,15 years and over,13.13
2020,Quebec,Females,15 years and over,14.53
2015,Quebec,Females,15 to 24 years,12.81
2016,Quebec,Females,15 to 24 years,12.72
2017,Quebec,Females,15 to 24 years,10.48
2018,Quebec,Females,15 to 24 years,9.94
2019,Quebec,Females,15 to 24 years,
2020,Quebec,Females,15 to 24 years,
2015,Quebec,Females,25 years and over,29.55
2016,Quebec,Females,25 years and over,25.59
2017,Quebec,Females,25 years and over,25.04
2018,Quebec,Females,25 years and over,22.18
2019,Quebec,Females,25 years and over,16.76
2020,Quebec,Females,25 years and over,18.45
2015,Quebec,Females,25 to 44 years,35.8
2016,Quebec,Females,25 to 44 years,29.97
2017,Quebec,Females,25 to 44 years,29.91
2018,Quebec,Females,25 to 44 years,27.63
2019,Quebec,Females,25 to 44 years,20.67
2020,Quebec,Females,25 to 44 years,20.92
2015,Quebec,Females,45 years and over,24.45
2016,Quebec,Females,45 years and over,22.04
2017,Quebec,Females,45 years and over,21.01
2018,Quebec,Females,45 years and over,18.07
2019,Quebec,Females,45 years and over,13.96
2020,Quebec,Females,45 years and over,16.71
2015,Quebec,Females,25 to 54 years,34.64
2016,Quebec,Females,25 to 54 years,30.23
2017,Quebec,Females,25 to 54 years,29.61
2018,Quebec,Females,25 to 54 years,27.29
2019,Quebec,Females,25 to 54 years,20.78
2020,Quebec,Females,25 to 54 years,22.2
2015,Quebec,Females,55 years and over,18.31
2016,Quebec,Females,55 years and over,16.07
2017,Quebec,Females,55 years and over,15.83
2018,Quebec,Females,55 years and over,12.32
2019,Quebec,Females,55 years and over,
2020,Quebec,Females,55 years and over,12.4
2015,Quebec,Females,55 to 64 years,21.84
2016,Quebec,Females,55 to 64 years,
2017,Quebec,Females,55 to 64 years,19.85
2018,Quebec,Females,55 to 64 years,14.22
2019,Quebec,Females,55 to 64 years,
2020,Quebec,Females,55 to 64 years,15.65
2015,Quebec,Females,65 years and over,
2016,Quebec,Females,65 years and over,
2017,Quebec,Females,65 years and over,
2018,Quebec,Females,65 years and over,
2019,Quebec,Females,65 years and over,
2020,Quebec,Females,65 years and over,
2015,Ontario,Both sexes,15 years and over,29.96
2016,Ontario,Both sexes,15 years and over,27.4
2017,Ontario,Both sexes,15 years and over,26.6
2018,Ontario,Both sexes,15 years and over,24.02
2019,Ontario,Both sexes,15 years and over,22.44
2020,Ontario,Both sexes,15 years and over,26.27
2015,Ontario,Both sexes,15 to 24 years,22.09
2016,Ontario,Both sexes,15 to 24 years,19.95
2017,Ontario,Both sexes,15 to 24 years,20.3
2018,Ontario,Both sexes,15 to 24 years,17.35
2019,Ontario,Both sexes,15 to 24 years,17.2
2020,Ontario,Both sexes,15 to 24 years,20.3
2015,Ontario,Both sexes,25 years and over,34.54
2016,Ontario,Both sexes,25 years and over,31.48
2017,Ontario,Both sexes,25 years and over,30.18
2018,Ontario,Both sexes,25 years and over,27.85
2019,Ontario,Both sexes,25 years and over,25.44
2020,Ontario,Both sexes,25 years and over,29.15
2015,Ontario,Both sexes,25 to 44 years,42.59
2016,Ontario,Both sexes,25 to 44 years,38.41
2017,Ontario,Both sexes,25 to 44 years,37.78
2018,Ontario,Both sexes,25 to 44 years,34.69
2019,Ontario,Both sexes,25 to 44 years,32.96
2020,Ontario,Both sexes,25 to 44 years,35.61
2015,Ontario,Both sexes,45 years and over,28.78
2016,Ontario,Both sexes,45 years and over,26.64
2017,Ontario,Both sexes,45 years and over,24.68
2018,Ontario,Both sexes,45 years and over,22.86
2019,Ontario,Both sexes,45 years and over,20.36
2020,Ontario,Both sexes,45 years and over,24.71
2015,Ontario,Both sexes,25 to 54 years,41.99
2016,Ontario,Both sexes,25 to 54 years,38.79
2017,Ontario,Both sexes,25 to 54 years,37.87
2018,Ontario,Both sexes,25 to 54 years,34.45
2019,Ontario,Both sexes,25 to 54 years,32.2
2020,Ontario,Both sexes,25 to 54 years,35.52
2015,Ontario,Both sexes,55 years and over,21.05
2016,Ontario,Both sexes,55 years and over,19.53
2017,Ontario,Both sexes,55 years and over,17.43
2018,Ontario,Both sexes,55 years and over,17.21
2019,Ontario,Both sexes,55 years and over,15.43
2020,Ontario,Both sexes,55 years and over,19.84
2015,Ontario,Both sexes,55 to 64 years,27.26
2016,Ontario,Both sexes,55 to 64 years,26.19
2017,Ontario,Both sexes,55 to 64 years,23.51
2018,Ontario,Both sexes,55 to 64 years,22.89
2019,Ontario,Both sexes,55 to 64 years,21.32
2020,Ontario,Both sexes,55 to 64 years,25.91
2015,Ontario,Both sexes,65 years and over,
2016,Ontario,Both sexes,65 years and over,
2017,Ontario,Both sexes,65 years and over,
2018,Ontario,Both sexes,65 years and over,
2019,Ontario,Both sexes,65 years and over,
2020,Ontario,Both sexes,65 years and over,
2015,Ontario,Males,15 years and over,29.99
2016,Ontario,Males,15 years and over,28.22
2017,Ontario,Males,15 years and over,27.08
2018,Ontario,Males,15 years and over,25.65
2019,Ontario,Males,15 years and over,24.52
2020,Ontario,Males,15 years and over,28.88
2015,Ontario,Males,15 to 24 years,22.11
2016,Ontario,Males,15 to 24 years,20.51
2017,Ontario,Males,15 to 24 years,20.95
2018,Ontario,Males,15 to 24 years,17.66
2019,Ontario,Males,15 to 24 years,17.04
2020,Ontario,Males,15 to 24 years,20.4
2015,Ontario,Males,25 years and over,36.47
2016,Ontario,Males,25 years and over,34.08
2017,Ontario,Males,25 years and over,32.13
2018,Ontario,Males,25 years and over,32.22
2019,Ontario,Males,25 years and over,30.13
2020,Ontario,Males,25 years and over,34.21
2015,Ontario,Males,25 to 44 years,49.44
2016,Ontario,Males,25 to 44 years,48.42
2017,Ontario,Males,25 to 44 years,43.46
2018,Ontario,Males,25 to 44 years,44.65
2019,Ontario,Males,25 to 44 years,43.95
2020,Ontario,Males,25 to 44 years,46.55
2015,Ontario,Males,45 years and over,28.99
2016,Ontario,Males,45 years and over,26.39
2017,Ontario,Males,45 years and over,25.61
2018,Ontario,Males,45 years and over,24.25
2019,Ontario,Males,45 years and over,21.83
2020,Ontario,Males,45 years and over,27.08
2015,Ontario,Males,25 to 54 years,49.47
2016,Ontario,Males,25 to 54 years,47.43
2017,Ontario,Males,25 to 54 years,46.07
2018,Ontario,Males,25 to 54 years,45.17
2019,Ontario,Males,25 to 54 years,42.28
2020,Ontario,Males,25 to 54 years,47.09
2015,Ontario,Males,55 years and over,21.16
2016,Ontario,Males,55 years and over,19.31
2017,Ontario,Males,55 years and over,16.08
2018,Ontario,Males,55 years and over,17.77
2019,Ontario,Males,55 years and over,17.13
2020,Ontario,Males,55 years and over,20.69
2015,Ontario,Males,55 to 64 years,
2016,Ontario,Males,55 to 64 years,27.89
2017,Ontario,Males,55 to 64 years,26.18
2018,Ontario,Males,55 to 64 years,27.36
2019,Ontario,Males,55 to 64 years,26.55
2020,Ontario,Males,55 to 64 years,29.47
2015,Ontario,Males,65 years and over,
2016,Ontario,Males,65 years and over,
2017,Ontario,Males,65 years and over,
2018,Ontario,Males,65 years and over,
2019,Ontario,Males,65 years and over,
2020,Ontario,Males,65 years and over,
2015,Ontario,Females,15 years and over,29.98
2016,Ontario,Females,15 years and over,26.96
2017,Ontario,Females,15 years and over,26.34
2018,Ontario,Females,15 years and over,23.11
2019,Ontario,Females,15 years and over,21.22
2020,Ontario,Females,15 years and over,24.78
2015,Ontario,Females,15 to 24 years,22.16
2016,Ontario,Females,15 to 24 years,19.53
2017,Ontario,Females,15 to 24 years,19.81
2018,Ontario,Females,15 to 24 years,17.1
2019,Ontario,Females,15 to 24 years,17.28
2020,Ontario,Females,15 to 24 years,20.13
2015,Ontario,Females,25 years and over,33.71
2016,Ontario,Females,25 years and over,30.29
2017,Ontario,Females,25 years and over,29.3
2018,Ontario,Females,25 years and over,25.85
2019,Ontario,Females,25 years and over,23.09
2020,Ontario,Females,25 years and over,26.64
2015,Ontario,Females,25 to 44 years,40.18
2016,Ontario,Females,25 to 44 years,34.79
2017,Ontario,Females,25 to 44 years,35.75
2018,Ontario,Females,25 to 44 years,30.68
2019,Ontario,Females,25 to 44 years,28.06
2020,Ontario,Females,25 to 44 years,30.96
2015,Ontario,Females,45 years and over,28.71
2016,Ontario,Females,45 years and over,26.77
2017,Ontario,Females,45 years and over,24.2
2018,Ontario,Females,45 years and over,22.19
2019,Ontario,Females,45 years and over,19.64
2020,Ontario,Females,45 years and over,23.45
2015,Ontario,Females,25 to 54 years,39.49
2016,Ontario,Females,25 to 54 years,35.71
2017,Ontario,Females,25 to 54 years,34.94
2018,Ontario,Females,25 to 54 years,30.52
2019,Ontario,Females,25 to 54 years,28.14
2020,Ontario,Females,25 to 54 years,30.91
2015,Ontario,Females,55 years and over,21.04
2016,Ontario,Females,55 years and over,19.62
2017,Ontario,Females,55 years and over,18.22
2018,Ontario,Females,55 years and over,16.97
2019,Ontario,Females,55 years and over,14.27
2020,Ontario,Females,55 years and over,19.28
2015,Ontario,Females,55 to 64 years,26.0
2016,Ontario,Females,55 to 64 years,25.39
2017,Ontario,Females,55 to 64 years,22.35
2018,Ontario,Females,55 to 64 years,20.8
2019,Ontario,Females,55 to 64 years,18.9
2020,Ontario,Females,55 to 64 years,24.18
2015,Ontario,Females,65 years and over,
2016,Ontario,Females,65 years and over,
2017,Ontario,Females,65 years and over,
2018,Ontario,Females,65 years and over,
2019,Ontario,Females,65 years and over,
2020,Ontario,Females,65 years and over,
2015,Manitoba,Both sexes,15 years and over,24.32
2016,Manitoba,Both sexes,15 years and over,23.55
2017,Manitoba,Both sexes,15 years and over,22.64
2018,Manitoba,Both sexes,15 years and over,22.91
2019,Manitoba,Both sexes,15 years and over,21.63
2020,Manitoba,Both sexes,15 years and over,22.78
2015,Manitoba,Both sexes,15 to 24 years,20.99
2016,Manitoba,Both sexes,15 to 24 years,22.4
2017,Manitoba,Both sexes,15 to 24 years,20.31
2018,Manitoba,Both sexes,15 to 24 years,19.22
2019,Manitoba,Both sexes,15 to 24 years,20.31
2020,Manitoba,Both sexes,15 to 24 years,20.8
2015,Manitoba,Both sexes,25 years and over,26.11
2016,Manitoba,Both sexes,25 years and over,24.18
2017,Manitoba,Both sexes,25 years and over,23.98
2018,Manitoba,Both sexes,25 years and over,24.97
2019,Manitoba,Both sexes,25 years and over,22.46
2020,Manitoba,Both sexes,25 years and over,23.95
2015,Manitoba,Both sexes,25 to 44 years,32.17
2016,Manitoba,Both sexes,25 to 44 years,31.12
2017,Manitoba,Both sexes,25 to 44 years,30.23
2018,Manitoba,Both sexes,25 to 44 years,31.36
2019,Manitoba,Both sexes,25 to 44 years,27.47
2020,Manitoba,Both sexes,25 to 44 years,28.73
2015,Manitoba,Both sexes,45 years and over,21.32
2016,Manitoba,Both sexes,45 years and over,18.57
2017,Manitoba,Both sexes,45 years and over,19.32
2018,Manitoba,Both sexes,45 years and over,19.91
2019,Manitoba,Both sexes,45 years and over,18.6
2020,Manitoba,Both sexes,45 years and over,19.91
2015,Manitoba,Both sexes,25 to 54 years,32.46
2016,Manitoba,Both sexes,25 to 54 years,30.68
2017,Manitoba,Both sexes,25 to 54 years,30.49
2018,Manitoba,Both sexes,25 to 54 years,31.59
2019,Manitoba,Both sexes,25 to 54 years,28.38
2020,Manitoba,Both sexes,25 to 54 years,28.2
2015,Manitoba,Both sexes,55 years and over,
2016,Manitoba,Both sexes,55 years and over,
2017,Manitoba,Both sexes,55 years and over,
2018,Manitoba,Both sexes,55 years and over,14.73
2019,Manitoba,Both sexes,55 years and over,
2020,Manitoba,Both sexes,55 years and over,
2015,Manitoba,Both sexes,55 to 64 years,
2016,Manitoba,Both sexes,55 to 64 years,
2017,Manitoba,Both sexes,55 to 64 years,
2018,Manitoba,Both sexes,55 to 64 years,
2019,Manitoba,Both sexes,55 to 64 years,
2020,Manitoba,Both sexes,55 to 64 years,
2015,Manitoba,Both sexes,65 years and over,
2016,Manitoba,Both sexes,65 years and over,
2017,Manitoba,Both sexes,65 years and over,
2018,Manitoba,Both sexes,65 years and over,
2019,Manitoba,Both sexes,65 years and over,
2020,Manitoba,Both sexes,65 years and over,
2015,Manitoba,Males,15 years and over,27.89
2016,Manitoba,Males,15 years and over,25.95
2017,Manitoba,Males,15 years and over,25.36
2018,Manitoba,Males,15 years and over,24.53
2019,Manitoba,Males,15 years and over,23.94
2020,Manitoba,Males,15 years and over,24.32
2015,Manitoba,Males,15 to 24 years,23.73
2016,Manitoba,Males,15 to 24 years,
2017,Manitoba,Males,15 to 24 years,21.99
2018,Manitoba,Males,15 to 24 years,
2019,Manitoba,Males,15 to 24 years,
2020,Manitoba,Males,15 to 24 years,23.46
2015,Manitoba,Males,25 years and over,31.22
2016,Manitoba,Males,25 years and over,26.53
2017,Manitoba,Males,25 years and over,28.25
2018,Manitoba,Males,25 years and over,30.67
2019,Manitoba,Males,25 years and over,26.79
2020,Manitoba,Males,25 years and over,25.29
2015,Manitoba,Males,25 to 44 years,
2016,Manitoba,Males,25 to 44 years,
2017,Manitoba,Males,25 to 44 years,
2018,Manitoba,Males,25 to 44 years,
2019,Manitoba,Males,25 to 44 years,
2020,Manitoba,Males,25 to 44 years,
2015,Manitoba,Males,45 years and over,
2016,Manitoba,Males,45 years and over,
2017,Manitoba,Males,45 years and over,
2018,Manitoba,Males,45 years and over,
2019,Manitoba,Males,45 years and over,
2020,Manitoba,Males,45 years and over,
2015,Manitoba,Males,25 to 54 years,45.05
2016,Manitoba,Males,25 to 54 years,39.84
2017,Manitoba,Males,25 to 54 years,
2018,Manitoba,Males,25 to 54 years,
2019,Manitoba,Males,25 to 54 years,41.94
2020,Manitoba,Males,25 to 54 years,
2015,Manitoba,Males,55 years and over,
2016,Manitoba,Males,55 years and over,
2017,Manitoba,Males,55 years and over,
2018,Manitoba,Males,55 years and over,
2019,Manitoba,Males,55 years and over,
2020,Manitoba,Males,55 years and over,
2015,Manitoba,Males,55 to 64 years,
2016,Manitoba,Males,55 to 64 years,
2017,Manitoba,Males,55 to 64 years,
2018,Manitoba,Males,55 to 64 years,
2019,Manitoba,Males,55 to 64 years,
2020,Manitoba,Males,55 to 64 years,
2015,Manitoba,Males,65 years and over,
2016,Manitoba,Males,65 years and over,
2017,Manitoba,Males,65 years and over,
2018,Manitoba,Males,65 years and over,
2019,Manitoba,Males,65 years and over,
2020,Manitoba,Males,65 years and over,
2015,Manitoba,Females,15 years and over,22.56
2016,Manitoba,Females,15 years and over,22.18
2017,Manitoba,Females,15 years and over,21.26
2018,Manitoba,Females,15 years and over,21.97
2019,Manitoba,Females,15 years and over,20.53
2020,Manitoba,Females,15 years and over,22.21
2015,Manitoba,Females,15 to 24 years,19.43
2016,Manitoba,Females,15 to 24 years,20.93
2017,Manitoba,Females,15 to 24 years,18.7
2018,Manitoba,Females,15 to 24 years,20.22
2019,Manitoba,Females,15 to 24 years,20.3
2020,Manitoba,Females,15 to 24 years,18.93
2015,Manitoba,Females,25 years and over,24.29
2016,Manitoba,Females,25 years and over,22.77
2017,Manitoba,Females,25 years and over,22.46
2018,Manitoba,Females,25 years and over,22.63
2019,Manitoba,Females,25 years and over,20.28
2020,Manitoba,Females,25 years and over,23.3
2015,Manitoba,Females,25 to 44 years,28.2
2016,Manitoba,Females,25 to 44 years,28.4
2017,Manitoba,Females,25 to 44 years,27.41
2018,Manitoba,Females,25 to 44 years,26.52
2019,Manitoba,Females,25 to 44 years,22.71
2020,Manitoba,Females,25 to 44 years,26.2
2015,Manitoba,Females,45 years and over,20.47
2016,Manitoba,Females,45 years and over,18.09
2017,Manitoba,Females,45 years and over,18.54
2018,Manitoba,Females,45 years and over,19.3
2019,Manitoba,Females,45 years and over,18.46
2020,Manitoba,Females,45 years and over,20.44
2015,Manitoba,Females,25 to 54 years,28.87
2016,Manitoba,Females,25 to 54 years,27.97
2017,Manitoba,Females,25 to 54 years,26.65
2018,Manitoba,Females,25 to 54 years,27.2
2019,Manitoba,Females,25 to 54 years,24.35
2020,Manitoba,Females,25 to 54 years,25.87
2015,Manitoba,Females,55 years and over,
2016,Manitoba,Females,55 years and over,
2017,Manitoba,Females,55 years and over,
2018,Manitoba,Females,55 years and over,
2019,Manitoba,Females,55 years and over,
2020,Manitoba,Females,55 years and over,
2015,Manitoba,Females,55 to 64 years,
2016,Manitoba,Females,55 to 64 years,
2017,Manitoba,Females,55 to 64 years,
2018,Manitoba,Females,55 to 64 years,
2019,Manitoba,Females,55 to 64 years,
2020,Manitoba,Females,55 to 64 years,
2015,Manitoba,Females,65 years and over,
2016,Manitoba,Females,65 years and over,
2017,Manitoba,Females,65 years and over,
2018,Manitoba,Females,65 years and over,
2019,Manitoba,Females,65 years and over,
2020,Manitoba,Females,65 years and over,
2015,Saskatchewan,Both sexes,15 years and over,20.0
2016,Saskatchewan,Both sexes,15 years and over,20.66
2017,Saskatchewan,Both sexes,15 years and over,23.77
2018,Saskatchewan,Both sexes,15 years and over,23.21
2019,Saskatchewan,Both sexes,15 years and over,21.69
2020,Saskatchewan,Both sexes,15 years and over,25.76
2015,Saskatchewan,Both sexes,15 to 24 years,
2016,Saskatchewan,Both sexes,15 to 24 years,17.68
2017,Saskatchewan,Both sexes,15 to 24 years,20.48
2018,Saskatchewan,Both sexes,15 to 24 years,19.64
2019,Saskatchewan,Both sexes,15 to 24 years,17.61
2020,Saskatchewan,Both sexes,15 to 24 years,26.79
2015,Saskatchewan,Both sexes,25 years and over,22.39
2016,Saskatchewan,Both sexes,25 years and over,22.14
2017,Saskatchewan,Both sexes,25 years and over,25.23
2018,Saskatchewan,Both sexes,25 years and over,25.07
2019,Saskatchewan,Both sexes,25 years and over,23.41
2020,Saskatchewan,Both sexes,25 years and over,25.63
2015,Saskatchewan,Both sexes,25 to 44 years,29.18
2016,Saskatchewan,Both sexes,25 to 44 years,28.32
2017,Saskatchewan,Both sexes,25 to 44 years,32.84
2018,Saskatchewan,Both sexes,25 to 44 years,32.73
2019,Saskatchewan,Both sexes,25 to 44 years,31.02
2020,Saskatchewan,Both sexes,25 to 44 years,33.91
2015,Saskatchewan,Both sexes,45 years and over,
2016,Saskatchewan,Both sexes,45 years and over,17.78
2017,Saskatchewan,Both sexes,45 years and over,20.51
2018,Saskatchewan,Both sexes,45 years and over,19.55
2019,Saskatchewan,Both sexes,45 years and over,18.14
2020,Saskatchewan,Both sexes,45 years and over,19.37
2015,Saskatchewan,Both sexes,25 to 54 years,28.29
2016,Saskatchewan,Both sexes,25 to 54 years,28.89
2017,Saskatchewan,Both sexes,25 to 54 years,32.22
2018,Saskatchewan,Both sexes,25 to 54 years,33.51
2019,Saskatchewan,Both sexes,25 to 54 years,31.33
2020,Saskatchewan,Both sexes,25 to 54 years,33.25
2015,Saskatchewan,Both sexes,55 years and over,
2016,Saskatchewan,Both sexes,55 years and over,
2017,Saskatchewan,Both sexes,55 years and over,
2018,Saskatchewan,Both sexes,55 years and over,
2019,Saskatchewan,Both sexes,55 years and over,
2020,Saskatchewan,Both sexes,55 years and over,
2015,Saskatchewan,Both sexes,55 to 64 years,
2016,Saskatchewan,Both sexes,55 to 64 years,
2017,Saskatchewan,Both sexes,55 to 64 years,
2018,Saskatchewan,Both sexes,55 to 64 years,
2019,Saskatchewan,Both sexes,55 to 64 years,
2020,Saskatchewan,Both sexes,55 to 64 years,
2015,Saskatchewan,Both sexes,65 years and over,
2016,Saskatchewan,Both sexes,65 years and over,
2017,Saskatchewan,Both sexes,65 years and over,
2018,Saskatchewan,Both sexes,65 years and over,
2019,Saskatchewan,Both sexes,65 years and over,
2020,Saskatchewan,Both sexes,65 years and over,
2015,Saskatchewan,Males,15 years and over,
2016,Saskatchewan,Males,15 years and over,24.84
2017,Saskatchewan,Males,15 years and over,25.98
2018,Saskatchewan,Males,15 years and over,24.56
2019,Saskatchewan,Males,15 years and over,23.32
2020,Saskatchewan,Males,15 years and over,30.56
2015,Saskatchewan,Males,15 to 24 years,
2016,Saskatchewan,Males,15 to 24 years,
2017,Saskatchewan,Males,15 to 24 years,
2018,Saskatchewan,Males,15 to 24 years,
2019,Saskatchewan,Males,15 to 24 years,
2020,Saskatchewan,Males,15 to 24 years,
2015,Saskatchewan,Males,25 years and over,
2016,Saskatchewan,Males,25 years and over,
2017,Saskatchewan,Males,25 years and over,
2018,Saskatchewan,Males,25 years and over,29.8
2019,Saskatchewan,Males,25 years and over,27.27
2020,Saskatchewan,Males,25 years and over,31.39
2015,Saskatchewan,Males,25 to 44 years,
2016,Saskatchewan,Males,25 to 44 years,
2017,Saskatchewan,Males,25 to 44 years,
2018,Saskatchewan,Males,25 to 44 years,
2019,Saskatchewan,Males,25 to 44 years,
2020,Saskatchewan,Males,25 to 44 years,
2015,Saskatchewan,Males,45 years and over,
2016,Saskatchewan,Males,45 years and over,
2017,Saskatchewan,Males,45 years and over,
2018,Saskatchewan,Males,45 years and over,
2019,Saskatchewan,Males,45 years and over,
2020,Saskatchewan,Males,45 years and over,
2015,Saskatchewan,Males,25 to 54 years,
2016,Saskatchewan,Males,25 to 54 years,
2017,Saskatchewan,Males,25 to 54 years,
2018,Saskatchewan,Males,25 to 54 years,
2019,Saskatchewan,Males,25 to 54 years,
2020,Saskatchewan,Males,25 to 54 years,51.38
2015,Saskatchewan,Males,55 years and over,
2016,Saskatchewan,Males,55 years and over,
2017,Saskatchewan,Males,55 years and over,
2018,Saskatchewan,Males,55 years and over,
2019,Saskatchewan,Males,55 years and over,
2020,Saskatchewan,Males,55 years and over,
2015,Saskatchewan,Males,55 to 64 years,
2016,Saskatchewan,Males,55 to 64 years,
2017,Saskatchewan,Males,55 to 64 years,
2018,Saskatchewan,Males,55 to 64 years,
2019,Saskatchewan,Males,55 to 64 years,
2020,Saskatchewan,Males,55 to 64 years,
2015,Saskatchewan,Males,65 years and over,
2016,Saskatchewan,Males,65 years and over,
2017,Saskatchewan,Males,65 years and over,
2018,Saskatchewan,Males,65 years and over,
2019,Saskatchewan,Males,65 years and over,
2020,Saskatchewan,Males,65 years and over,
2015,Saskatchewan,Females,15 years and over,18.61
2016,Saskatchewan,Females,15 years and over,18.75
2017,Saskatchewan,Females,15 years and over,22.67
2018,Saskatchewan,Females,15 years and over,22.37
2019,Saskatchewan,Females,15 years and over,20.64
2020,Saskatchewan,Females,15 years and over,23.29
2015,Saskatchewan,Females,15 to 24 years,
2016,Saskatchewan,Females,15 to 24 years,
2017,Saskatchewan,Females,15 to 24 years,21.03
2018,Saskatchewan,Females,15 to 24 years,21.47
2019,Saskatchewan,Females,15 to 24 years,18.75
2020,Saskatchewan,Females,15 to 24 years,25.3
2015,Saskatchewan,Females,25 years and over,19.47
2016,Saskatchewan,Females,25 years and over,19.6
2017,Saskatchewan,Females,25 years and over,23.57
2018,Saskatchewan,Females,25 years and over,23.16
2019,Saskatchewan,Females,25 years and over,21.79
2020,Saskatchewan,Females,25 years and over,22.37
2015,Saskatchewan,Females,25 to 44 years,22.97
2016,Saskatchewan,Females,25 to 44 years,22.57
2017,Saskatchewan,Females,25 to 44 years,28.29
2018,Saskatchewan,Females,25 to 44 years,27.62
2019,Saskatchewan,Females,25 to 44 years,26.01
2020,Saskatchewan,Females,25 to 44 years,26.21
2015,Saskatchewan,Females,45 years and over,
2016,Saskatchewan,Females,45 years and over,17.15
2017,Saskatchewan,Females,45 years and over,19.17
2018,Saskatchewan,Females,45 years and over,19.25
2019,Saskatchewan,Females,45 years and over,18.28
2020,Saskatchewan,Females,45 years and over,
2015,Saskatchewan,Females,25 to 54 years,22.88
2016,Saskatchewan,Females,25 to 54 years,24.14
2017,Saskatchewan,Females,25 to 54 years,27.76
2018,Saskatchewan,Females,25 to 54 years,28.43
2019,Saskatchewan,Females,25 to 54 years,26.28
2020,Saskatchewan,Females,25 to 54 years,26.03
2015,Saskatchewan,Females,55 years and over,
2016,Saskatchewan,Females,55 years and over,
2017,Saskatchewan,Females,55 years and over,
2018,Saskatchewan,Females,55 years and over,
2019,Saskatchewan,Females,55 years and over,
2020,Saskatchewan,Females,55 years and over,
2015,Saskatchewan,Females,55 to 64 years,
2016,Saskatchewan,Females,55 to 64 years,
2017,Saskatchewan,Females,55 to 64 years,
2018,Saskatchewan,Females,55 to 64 years,
2019,Saskatchewan,Females,55 to 64 years,
2020,Saskatchewan,Females,55 to 64 years,
2015,Saskatchewan,Females,65 years and over,
2016,Saskatchewan,Females,65 years and over,
2017,Saskatchewan,Females,65 years and over,
2018,Saskatchewan,Females,65 years and over,
2019,Saskatchewan,Females,65 years and over,
2020,Saskatchewan,Females,65 years and over,
2015,Alberta,Both sexes,15 years and over,20.19
2016,Alberta,Both sexes,15 years and over,26.72
2017,Alberta,Both sexes,15 years and over,26.2
2018,Alberta,Both sexes,15 years and over,24.86
2019,Alberta,Both sexes,15 years and over,23.11
2020,Alberta,Both sexes,15 years and over,27.97
2015,Alberta,Both sexes,15 to 24 years,17.87
2016,Alberta,Both sexes,15 to 24 years,19.58
2017,Alberta,Both sexes,15 to 24 years,21.61
2018,Alberta,Both sexes,15 to 24 years,22.75
2019,Alberta,Both sexes,15 to 24 years,20.37
2020,Alberta,Both sexes,15 to 24 years,23.04
2015,Alberta,Both sexes,25 years and over,21.3
2016,Alberta,Both sexes,25 years and over,29.82
2017,Alberta,Both sexes,25 years and over,28.31
2018,Alberta,Both sexes,25 years and over,25.81
2019,Alberta,Both sexes,25 years and over,24.31
2020,Alberta,Both sexes,25 years and over,29.95
2015,Alberta,Both sexes,25 to 44 years,24.52
2016,Alberta,Both sexes,25 to 44 years,32.71
2017,Alberta,Both sexes,25 to 44 years,31.37
2018,Alberta,Both sexes,25 to 44 years,29.02
2019,Alberta,Both sexes,25 to 44 years,26.61
2020,Alberta,Both sexes,25 to 44 years,32.49
2015,Alberta,Both sexes,45 years and over,18.64
2016,Alberta,Both sexes,45 years and over,27.4
2017,Alberta,Both sexes,45 years and over,25.57
2018,Alberta,Both sexes,45 years and over,22.87
2019,Alberta,Both sexes,45 years and over,22.42
2020,Alberta,Both sexes,45 years and over,27.38
2015,Alberta,Both sexes,25 to 54 years,25.27
2016,Alberta,Both sexes,25 to 54 years,33.95
2017,Alberta,Both sexes,25 to 54 years,32.55
2018,Alberta,Both sexes,25 to 54 years,30.57
2019,Alberta,Both sexes,25 to 54 years,27.5
2020,Alberta,Both sexes,25 to 54 years,32.95
2015,Alberta,Both sexes,55 years and over,
2016,Alberta,Both sexes,55 years and over,21.93
2017,Alberta,Both sexes,55 years and over,20.04
2018,Alberta,Both sexes,55 years and over,16.6
2019,Alberta,Both sexes,55 years and over,18.4
2020,Alberta,Both sexes,55 years and over,
2015,Alberta,Both sexes,55 to 64 years,
2016,Alberta,Both sexes,55 to 64 years,
2017,Alberta,Both sexes,55 to 64 years,26.26
2018,Alberta,Both sexes,55 to 64 years,
2019,Alberta,Both sexes,55 to 64 years,24.03
2020,Alberta,Both sexes,55 to 64 years,
2015,Alberta,Both sexes,65 years and over,
2016,Alberta,Both sexes,65 years and over,
2017,Alberta,Both sexes,65 years and over,
2018,Alberta,Both sexes,65 years and over,
2019,Alberta,Both sexes,65 years and over,
2020,Alberta,Both sexes,65 years and over,
2015,Alberta,Males,15 years and over,24.6
2016,Alberta,Males,15 years and over,33.6
2017,Alberta,Males,15 years and over,30.59
2018,Alberta,Males,15 years and over,29.46
2019,Alberta,Males,15 years and over,28.21
2020,Alberta,Males,15 years and over,32.13
2015,Alberta,Males,15 to 24 years,
2016,Alberta,Males,15 to 24 years,21.61
2017,Alberta,Males,15 to 24 years,
2018,Alberta,Males,15 to 24 years,
2019,Alberta,Males,15 to 24 years,21.78
2020,Alberta,Males,15 to 24 years,22.05
2015,Alberta,Males,25 years and over,
2016,Alberta,Males,25 years and over,41.8
2017,Alberta,Males,25 years and over,36.99
2018,Alberta,Males,25 years and over,33.25
2019,Alberta,Males,25 years and over,32.5
2020,Alberta,Males,25 years and over,37.66
2015,Alberta,Males,25 to 44 years,
2016,Alberta,Males,25 to 44 years,
2017,Alberta,Males,25 to 44 years,
2018,Alberta,Males,25 to 44 years,
2019,Alberta,Males,25 to 44 years,
2020,Alberta,Males,25 to 44 years,45.71
2015,Alberta,Males,45 years and over,
2016,Alberta,Males,45 years and over,
2017,Alberta,Males,45 years and over,
2018,Alberta,Males,45 years and over,
2019,Alberta,Males,45 years and over,
2020,Alberta,Males,45 years and over,
2015,Alberta,Males,25 to 54 years,
2016,Alberta,Males,25 to 54 years,55.56
2017,Alberta,Males,25 to 54 years,
2018,Alberta,Males,25 to 54 years,45.5
2019,Alberta,Males,25 to 54 years,
2020,Alberta,Males,25 to 54 years,47.03
2015,Alberta,Males,55 years and over,
2016,Alberta,Males,55 years and over,
2017,Alberta,Males,55 years and over,
2018,Alberta,Males,55 years and over,
2019,Alberta,Males,55 years and over,
2020,Alberta,Males,55 years and over,
2015,Alberta,Males,55 to 64 years,
2016,Alberta,Males,55 to 64 years,
2017,Alberta,Males,55 to 64 years,
2018,Alberta,Males,55 to 64 years,
2019,Alberta,Males,55 to 64 years,
2020,Alberta,Males,55 to 64 years,
2015,Alberta,Males,65 years and over,
2016,Alberta,Males,65 years and over,
2017,Alberta,Males,65 years and over,
2018,Alberta,Males,65 years and over,
2019,Alberta,Males,65 years and over,
2020,Alberta,Males,65 years and over,
2015,Alberta,Females,15 years and over,18.23
2016,Alberta,Females,15 years and over,23.33
2017,Alberta,Females,15 years and over,24.21
2018,Alberta,Females,15 years and over,22.67
2019,Alberta,Females,15 years and over,20.71
2020,Alberta,Females,15 years and over,25.89
2015,Alberta,Females,15 to 24 years,16.57
2016,Alberta,Females,15 to 24 years,18.0
2017,Alberta,Females,15 to 24 years,21.87
2018,Alberta,Females,15 to 24 years,22.19
2019,Alberta,Females,15 to 24 years,19.09
2020,Alberta,Females,15 to 24 years,23.87
2015,Alberta,Females,25 years and over,18.84
2016,Alberta,Females,25 years and over,25.15
2017,Alberta,Females,25 years and over,25.06
2018,Alberta,Females,25 years and over,22.85
2019,Alberta,Females,25 years and over,21.23
2020,Alberta,Females,25 years and over,26.58
2015,Alberta,Females,25 to 44 years,20.93
2016,Alberta,Females,25 to 44 years,27.0
2017,Alberta,Females,25 to 44 years,26.47
2018,Alberta,Females,25 to 44 years,24.81
2019,Alberta,Females,25 to 44 years,22.56
2020,Alberta,Females,25 to 44 years,27.91
2015,Alberta,Females,45 years and over,
2016,Alberta,Females,45 years and over,23.38
2017,Alberta,Females,45 years and over,23.7
2018,Alberta,Females,45 years and over,20.74
2019,Alberta,Females,45 years and over,19.87
2020,Alberta,Females,45 years and over,25.17
2015,Alberta,Females,25 to 54 years,21.37
2016,Alberta,Females,25 to 54 years,27.72
2017,Alberta,Females,25 to 54 years,27.31
2018,Alberta,Females,25 to 54 years,26.22
2019,Alberta,Females,25 to 54 years,23.81
2020,Alberta,Females,25 to 54 years,28.17
2015,Alberta,Females,55 years and over,
2016,Alberta,Females,55 years and over,
2017,Alberta,Females,55 years and over,
2018,Alberta,Females,55 years and over,
2019,Alberta,Females,55 years and over,
2020,Alberta,Females,55 years and over,
2015,Alberta,Females,55 to 64 years,
2016,Alberta,Females,55 to 64 years,
2017,Alberta,Females,55 to 64 years,
2018,Alberta,Females,55 to 64 years,
2019,Alberta,Females,55 to 64 years,
2020,Alberta,Females,55 to 64 years,
2015,Alberta,Females,65 years and over,
2016,Alberta,Females,65 years and over,
2017,Alberta,Females,65 years and over,
2018,Alberta,Females,65 years and over,
2019,Alberta,Females,65 years and over,
2020,Alberta,Females,65 years and over,
2015,British Columbia,Both sexes,15 years and over,24.24
2016,British Columbia,Both sexes,15 years and over,21.66
2017,British Columbia,Both sexes,15 years and over,20.9
2018,British Columbia,Both sexes,15 years and over,17.56
2019,British Columbia,Both sexes,15 years and over,16.28
2020,British Columbia,Both sexes,15 years and over,21.16
2015,British Columbia,Both sexes,15 to 24 years,20.7
2016,British Columbia,Both sexes,15 to 24 years,16.98
2017,British Columbia,Both sexes,15 to 24 years,17.49
2018,British Columbia,Both sexes,15 to 24 years,12.38
2019,British Columbia,Both sexes,15 to 24 years,12.63
2020,British Columbia,Both sexes,15 to 24 years,17.22
2015,British Columbia,Both sexes,25 years and over,25.85
2016,British Columbia,Both sexes,25 years and over,23.65
2017,British Columbia,Both sexes,25 years and over,22.49
2018,British Columbia,Both sexes,25 years and over,19.92
2019,British Columbia,Both sexes,25 years and over,17.85
2020,British Columbia,Both sexes,25 years and over,22.72
2015,British Columbia,Both sexes,25 to 44 years,28.78
2016,British Columbia,Both sexes,25 to 44 years,26.14
2017,British Columbia,Both sexes,25 to 44 years,27.2
2018,British Columbia,Both sexes,25 to 44 years,24.15
2019,British Columbia,Both sexes,25 to 44 years,20.24
2020,British Columbia,Both sexes,25 to 44 years,25.4
2015,British Columbia,Both sexes,45 years and over,23.78
2016,British Columbia,Both sexes,45 years and over,21.89
2017,British Columbia,Both sexes,45 years and over,19.25
2018,British Columbia,Both sexes,45 years and over,16.89
2019,British Columbia,Both sexes,45 years and over,16.11
2020,British Columbia,Both sexes,45 years and over,21.09
2015,British Columbia,Both sexes,25 to 54 years,30.71
2016,British Columbia,Both sexes,25 to 54 years,27.67
2017,British Columbia,Both sexes,25 to 54 years,27.11
2018,British Columbia,Both sexes,25 to 54 years,24.0
2019,British Columbia,Both sexes,25 to 54 years,21.4
2020,British Columbia,Both sexes,25 to 54 years,26.81
2015,British Columbia,Both sexes,55 years and over,16.03
2016,British Columbia,Both sexes,55 years and over,16.53
2017,British Columbia,Both sexes,55 years and over,14.94
2018,British Columbia,Both sexes,55 years and over,13.16
2019,British Columbia,Both sexes,55 years and over,12.15
2020,British Columbia,Both sexes,55 years and over,16.82
2015,British Columbia,Both sexes,55 to 64 years,
2016,British Columbia,Both sexes,55 to 64 years,22.26
2017,British Columbia,Both sexes,55 to 64 years,19.26
2018,British Columbia,Both sexes,55 to 64 years,16.59
2019,British Columbia,Both sexes,55 to 64 years,
2020,British Columbia,Both sexes,55 to 64 years,
2015,British Columbia,Both sexes,65 years and over,
2016,British Columbia,Both sexes,65 years and over,
2017,British Columbia,Both sexes,65 years and over,
2018,British Columbia,Both sexes,65 years and over,
2019,British Columbia,Both sexes,65 years and over,
2020,British Columbia,Both sexes,65 years and over,
2015,British Columbia,Males,15 years and over,28.49
2016,British Columbia,Males,15 years and over,25.19
2017,British Columbia,Males,15 years and over,24.44
2018,British Columbia,Males,15 years and over,21.36
2019,British Columbia,Males,15 years and over,18.85
2020,British Columbia,Males,15 years and over,26.76
2015,British Columbia,Males,15 to 24 years,20.49
2016,British Columbia,Males,15 to 24 years,
2017,British Columbia,Males,15 to 24 years,
2018,British Columbia,Males,15 to 24 years,
2019,British Columbia,Males,15 to 24 years,
2020,British Columbia,Males,15 to 24 years,
2015,British Columbia,Males,25 years and over,33.93
2016,British Columbia,Males,25 years and over,30.25
2017,British Columbia,Males,25 years and over,28.53
2018,British Columbia,Males,25 years and over,26.8
2019,British Columbia,Males,25 years and over,23.23
2020,British Columbia,Males,25 years and over,32.48
2015,British Columbia,Males,25 to 44 years,
2016,British Columbia,Males,25 to 44 years,
2017,British Columbia,Males,25 to 44 years,39.1
2018,British Columbia,Males,25 to 44 years,
2019,British Columbia,Males,25 to 44 years,
2020,British Columbia,Males,25 to 44 years,
2015,British Columbia,Males,45 years and over,
2016,British Columbia,Males,45 years and over,26.07
2017,British Columbia,Males,45 years and over,23.03
2018,British Columbia,Males,45 years and over,21.44
2019,British Columbia,Males,45 years and over,20.35
2020,British Columbia,Males,45 years and over,
2015,British Columbia,Males,25 to 54 years,46.98
2016,British Columbia,Males,25 to 54 years,38.63
2017,British Columbia,Males,25 to 54 years,39.34
2018,British Columbia,Males,25 to 54 years,36.52
2019,British Columbia,Males,25 to 54 years,31.32
2020,British Columbia,Males,25 to 54 years,42.95
2015,British Columbia,Males,55 years and over,
2016,British Columbia,Males,55 years and over,
2017,British Columbia,Males,55 years and over,
2018,British Columbia,Males,55 years and over,
2019,British Columbia,Males,55 years and over,
2020,British Columbia,Males,55 years and over,
2015,British Columbia,Males,55 to 64 years,
2016,British Columbia,Males,55 to 64 years,
2017,British Columbia,Males,55 to 64 years,
2018,British Columbia,Males,55 to 64 years,
2019,British Columbia,Males,55 to 64 years,
2020,British Columbia,Males,55 to 64 years,
2015,British Columbia,Males,65 years and over,
2016,British Columbia,Males,65 years and over,
2017,British Columbia,Males,65 years and over,
2018,British Columbia,Males,65 years and over,
2019,British Columbia,Males,65 years and over,
2020,British Columbia,Males,65 years and over,
2015,British Columbia,Females,15 years and over,22.18
2016,British Columbia,Females,15 years and over,19.93
2017,British Columbia,Females,15 years and over,19.01
2018,British Columbia,Females,15 years and over,15.73
2019,British Columbia,Females,15 years and over,14.88
2020,British Columbia,Females,15 years and over,18.1
2015,British Columbia,Females,15 to 24 years,20.51
2016,British Columbia,Females,15 to 24 years,16.96
2017,British Columbia,Females,15 to 24 years,17.18
2018,British Columbia,Females,15 to 24 years,12.45
2019,British Columbia,Females,15 to 24 years,13.49
2020,British Columbia,Females,15 to 24 years,17.93
2015,British Columbia,Females,25 years and over,22.75
2016,British Columbia,Females,25 years and over,20.94
2017,British Columbia,Females,25 years and over,19.79
2018,British Columbia,Females,25 years and over,16.98
2019,British Columbia,Females,25 years and over,15.38
2020,British Columbia,Females,25 years and over,18.14
2015,British Columbia,Females,25 to 44 years,23.4
2016,British Columbia,Females,25 to 44 years,22.18
2017,British Columbia,Females,25 to 44 years,22.98
2018,British Columbia,Females,25 to 44 years,19.78
2019,British Columbia,Females,25 to 44 years,17.23
2020,British Columbia,Females,25 to 44 years,20.21
2015,British Columbia,Females,45 years and over,22.13
2016,British Columbia,Females,45 years and over,19.89
2017,British Columbia,Females,45 years and over,17.4
2018,British Columbia,Females,45 years and over,14.73
2019,British Columbia,Females,45 years and over,13.79
2020,British Columbia,Females,45 years and over,16.76
2015,British Columbia,Females,25 to 54 years,25.74
2016,British Columbia,Females,25 to 54 years,24.02
2017,British Columbia,Females,25 to 54 years,22.71
2018,British Columbia,Females,25 to 54 years,19.75
2019,British Columbia,Females,25 to 54 years,17.86
2020,British Columbia,Females,25 to 54 years,20.78
2015,British Columbia,Females,55 years and over,
2016,British Columbia,Females,55 years and over,
2017,British Columbia,Females,55 years and over,
2018,British Columbia,Females,55 years and over,
2019,British Columbia,Females,55 years and over,
2020,British Columbia,Females,55 years and over,
2015,British Columbia,Females,55 to 64 years,
2016,British Columbia,Females,55 to 64 years,
2017,British Columbia,Females,55 to 64 years,
2018,British Columbia,Females,55 to 64 years,
2019,British Columbia,Females,55 to 64 years,
2020,British Columbia,Females,55 to 64 years,
2015,British Columbia,Females,65 years and over,
2016,British Columbia,Females,65 years and over,
2017,British Columbia,Females,65 years and over,
2018,British Columbia,Females,65 years and over,
2019,British Columbia,Females,65 years and over,
2020,British Columbia,Females,65 years and over,
