Year,Géographie,Value
2016,Terre-Neuve-et-Labrador,26.7
2016,"St. John's, Terre-Neuve-et-Labrador",59.9
2016,Île-du-Prince-Édouard,16.9
2016,Nouvelle-Écosse,37.6
2016,"Halifax, Nouvelle-Écosse",70.9
2016,Nouveau-Brunswick,28.8
2016,"Moncton, Nouveau-Brunswick",65.4
2016,"Saint John, Nouveau-Brunswick",49.1
2016,Québec,66.6
2016,"Montréal, Québec",91.6
2016,"Ottawa - Gatineau (Québec part), Québec",77.2
2016,"Québec, Québec",83.1
2016,"Saguenay, Québec",75.4
2016,"Sherbrooke, Québec",76.4
2016,"Trois-Rivières, Québec",75.4
2016,Ontario,75.2
2016,"Barrie, Ontario",66.8
2016,"Belleville, Ontario",57.1
2016,"Brantford, Ontario",69.6
2016,"Greater Sudbury / Grand Sudbury, Ontario",66.5
2016,"Guelph, Ontario",83.5
2016,"Hamilton, Ontario",81.1
2016,"Kingston, Ontario",69.4
2016,"Kitchener - Cambridge - Waterloo, Ontario",86.2
2016,"London, Ontario",77.7
2016,"Oshawa, Ontario",88.7
2016,"Ottawa - Gatineau (Ontario part), Ontario",85.0
2016,"Peterborough, Ontario",62.7
2016,"St. Catharines - Niagara, Ontario",80.9
2016,"Thunder Bay, Ontario",76.3
2016,"Toronto, Ontario",93.0
2016,"Windsor, Ontario",67.1
2016,Manitoba,57.4
2016,"Winnipeg, Manitoba",88.2
2016,Saskatchewan,50.3
2016,"Regina, Saskatchewan",90.4
2016,"Saskatoon, Saskatchewan",82.6
2016,Alberta,67.9
2016,"Calgary, Alberta",88.9
2016,"Edmonton, Alberta",82.7
2016,"Lethbridge, Alberta",71.6
2016,Colombie-Britannique,78.4
2016,"Abbotsford - Mission, Colombie-Britannique",79.3
2016,"Kelowna, Colombie-Britannique",73.7
2016,"Vancouver, Colombie-Britannique",92.7
2016,"Victoria, Colombie-Britannique",90.4
2016,Yukon,56.3
2016,Territoires du Nord-Ouest,41.4
2016,Nunavut,0.0
