Year,Géographie,GeoCode,Value
2015,,,0.37
2016,,,0.63
2017,,,0.97
2018,,,2.24
2019,,,2.91
2020,,,3.52
2021,,,5.22
2015,Alberta,48,
2015,Colombie-Britannique et les Territoires,,0.65
2015,Manitoba,46,0.06
2015,Nouveau-Brunswick,13,0.02
2015,Terre-Neuve-et-Labrador,10,
2015,Nouvelle-Écosse,12,
2015,Ontario,35,0.29
2015,Île-du-Prince-Édouard,11,0.0
2015,Québec,24,0.7
2015,Saskatchewan,47,0.03
2016,Alberta,48,
2016,Colombie-Britannique et les Territoires,,0.94
2016,Manitoba,46,0.11
2016,Nouveau-Brunswick,13,0.08
2016,Terre-Neuve-et-Labrador,10,
2016,Nouvelle-Écosse,12,
2016,Ontario,35,0.53
2016,Île-du-Prince-Édouard,11,0.08
2016,Québec,24,1.15
2016,Saskatchewan,47,0.06
2017,Alberta,48,
2017,Colombie-Britannique et les Territoires,,1.27
2017,Manitoba,46,0.09
2017,Nouveau-Brunswick,13,0.06
2017,Terre-Neuve-et-Labrador,10,
2017,Nouvelle-Écosse,12,
2017,Ontario,35,1.02
2017,Île-du-Prince-Édouard,11,0.02
2017,Québec,24,1.64
2017,Saskatchewan,47,0.06
2018,Alberta,48,
2018,Colombie-Britannique et les Territoires,,3.62
2018,Manitoba,46,0.29
2018,Nouveau-Brunswick,13,0.14
2018,Terre-Neuve-et-Labrador,10,
2018,Nouvelle-Écosse,12,
2018,Ontario,35,2.1
2018,Île-du-Prince-Édouard,11,0.2
2018,Québec,24,3.84
2018,Saskatchewan,47,0.17
2019,Alberta,48,
2019,Colombie-Britannique et les Territoires,,7.79
2019,Manitoba,46,0.56
2019,Nouveau-Brunswick,13,0.41
2019,Terre-Neuve-et-Labrador,10,
2019,Nouvelle-Écosse,12,
2019,Ontario,35,1.23
2019,Île-du-Prince-Édouard,11,0.62
2019,Québec,24,5.91
2019,Saskatchewan,47,0.38
2020,Alberta,48,
2020,Colombie-Britannique et les Territoires,,8.4
2020,Manitoba,46,0.7
2020,Nouveau-Brunswick,13,0.53
2020,Terre-Neuve-et-Labrador,10,
2020,Nouvelle-Écosse,12,
2020,Ontario,35,1.75
2020,Île-du-Prince-Édouard,11,0.82
2020,Québec,24,6.81
2020,Saskatchewan,47,0.45
2021,Alberta,48,
2021,Colombie-Britannique et les Territoires,,11.64
2021,Manitoba,46,1.36
2021,Nouveau-Brunswick,13,1.29
2021,Terre-Neuve-et-Labrador,10,
2021,Nouvelle-Écosse,12,
2021,Ontario,35,3.15
2021,Île-du-Prince-Édouard,11,2.11
2021,Québec,24,8.9
2021,Saskatchewan,47,1.07
