Year,Géographie,Groupe d'âge,Sexe,GeoCode,Value
2022,,,,,12.5
2015,Canada,18 à 34 ans,Les deux sexes,,22.1
2015,Canada,18 à 34 ans,Hommes,,26.4
2015,Canada,18 à 34 ans,Femmes,,17.8
2015,Canada,35 à 49 ans,Les deux sexes,,19.5
2015,Canada,35 à 49 ans,Hommes,,22.9
2015,Canada,35 à 49 ans,Femmes,,16.2
2015,Canada,50 à 64 ans,Les deux sexes,,21.0
2015,Canada,50 à 64 ans,Hommes,,23.2
2015,Canada,50 à 64 ans,Femmes,,18.8
2015,Canada,65 ans et plus,Les deux sexes,,9.8
2015,Canada,65 ans et plus,Hommes,,10.5
2015,Canada,65 ans et plus,Femmes,,9.2
2015,Terre-Neuve-et-Labrador,18 à 34 ans,Les deux sexes,10,27.5
2015,Terre-Neuve-et-Labrador,18 à 34 ans,Hommes,10,30.7
2015,Terre-Neuve-et-Labrador,18 à 34 ans,Femmes,10,24.2
2015,Terre-Neuve-et-Labrador,35 à 49 ans,Les deux sexes,10,36.6
2015,Terre-Neuve-et-Labrador,35 à 49 ans,Hommes,10,39.7
2015,Terre-Neuve-et-Labrador,35 à 49 ans,Femmes,10,33.7
2015,Terre-Neuve-et-Labrador,50 à 64 ans,Les deux sexes,10,24.6
2015,Terre-Neuve-et-Labrador,50 à 64 ans,Hommes,10,24.4
2015,Terre-Neuve-et-Labrador,50 à 64 ans,Femmes,10,24.8
2015,Terre-Neuve-et-Labrador,65 ans et plus,Les deux sexes,10,12.1
2015,Terre-Neuve-et-Labrador,65 ans et plus,Hommes,10,13.7
2015,Terre-Neuve-et-Labrador,65 ans et plus,Femmes,10,10.6
2015,Île-du-Prince-Édouard,18 à 34 ans,Les deux sexes,11,15.4
2015,Île-du-Prince-Édouard,18 à 34 ans,Hommes,11,20.7
2015,Île-du-Prince-Édouard,18 à 34 ans,Femmes,11,10.2
2015,Île-du-Prince-Édouard,35 à 49 ans,Les deux sexes,11,20.5
2015,Île-du-Prince-Édouard,35 à 49 ans,Hommes,11,20.1
2015,Île-du-Prince-Édouard,35 à 49 ans,Femmes,11,20.8
2015,Île-du-Prince-Édouard,50 à 64 ans,Les deux sexes,11,16.2
2015,Île-du-Prince-Édouard,50 à 64 ans,Hommes,11,17.5
2015,Île-du-Prince-Édouard,50 à 64 ans,Femmes,11,15.0
2015,Île-du-Prince-Édouard,65 ans et plus,Les deux sexes,11,9.8
2015,Île-du-Prince-Édouard,65 ans et plus,Hommes,11,10.9
2015,Île-du-Prince-Édouard,65 ans et plus,Femmes,11,9.0
2015,Nouvelle-Écosse,18 à 34 ans,Les deux sexes,12,21.9
2015,Nouvelle-Écosse,18 à 34 ans,Hommes,12,27.8
2015,Nouvelle-Écosse,18 à 34 ans,Femmes,12,15.9
2015,Nouvelle-Écosse,35 à 49 ans,Les deux sexes,12,25.1
2015,Nouvelle-Écosse,35 à 49 ans,Hommes,12,31.1
2015,Nouvelle-Écosse,35 à 49 ans,Femmes,12,19.5
2015,Nouvelle-Écosse,50 à 64 ans,Les deux sexes,12,20.3
2015,Nouvelle-Écosse,50 à 64 ans,Hommes,12,23.3
2015,Nouvelle-Écosse,50 à 64 ans,Femmes,12,17.5
2015,Nouvelle-Écosse,65 ans et plus,Les deux sexes,12,11.9
2015,Nouvelle-Écosse,65 ans et plus,Hommes,12,11.5
2015,Nouvelle-Écosse,65 ans et plus,Femmes,12,12.3
2015,Nouveau-Brunswick,18 à 34 ans,Les deux sexes,13,25.4
2015,Nouveau-Brunswick,18 à 34 ans,Hommes,13,21.9
2015,Nouveau-Brunswick,18 à 34 ans,Femmes,13,28.9
2015,Nouveau-Brunswick,35 à 49 ans,Les deux sexes,13,19.4
2015,Nouveau-Brunswick,35 à 49 ans,Hommes,13,22.6
2015,Nouveau-Brunswick,35 à 49 ans,Femmes,13,16.4
2015,Nouveau-Brunswick,50 à 64 ans,Les deux sexes,13,18.8
2015,Nouveau-Brunswick,50 à 64 ans,Hommes,13,14.6
2015,Nouveau-Brunswick,50 à 64 ans,Femmes,13,22.9
2015,Nouveau-Brunswick,65 ans et plus,Les deux sexes,13,9.9
2015,Nouveau-Brunswick,65 ans et plus,Hommes,13,8.1
2015,Nouveau-Brunswick,65 ans et plus,Femmes,13,11.5
2015,Québec,18 à 34 ans,Les deux sexes,24,23.8
2015,Québec,18 à 34 ans,Hommes,24,28.1
2015,Québec,18 à 34 ans,Femmes,24,19.4
2015,Québec,35 à 49 ans,Les deux sexes,24,21.8
2015,Québec,35 à 49 ans,Hommes,24,24.3
2015,Québec,35 à 49 ans,Femmes,24,19.3
2015,Québec,50 à 64 ans,Les deux sexes,24,20.1
2015,Québec,50 à 64 ans,Hommes,24,21.9
2015,Québec,50 à 64 ans,Femmes,24,18.2
2015,Québec,65 ans et plus,Les deux sexes,24,11.0
2015,Québec,65 ans et plus,Hommes,24,14.0
2015,Québec,65 ans et plus,Femmes,24,8.4
2015,Ontario,18 à 34 ans,Les deux sexes,35,22.4
2015,Ontario,18 à 34 ans,Hommes,35,27.9
2015,Ontario,18 à 34 ans,Femmes,35,16.9
2015,Ontario,35 à 49 ans,Les deux sexes,35,17.5
2015,Ontario,35 à 49 ans,Hommes,35,21.5
2015,Ontario,35 à 49 ans,Femmes,35,13.7
2015,Ontario,50 à 64 ans,Les deux sexes,35,22.0
2015,Ontario,50 à 64 ans,Hommes,35,24.1
2015,Ontario,50 à 64 ans,Femmes,35,20.0
2015,Ontario,65 ans et plus,Les deux sexes,35,9.2
2015,Ontario,65 ans et plus,Hommes,35,9.3
2015,Ontario,65 ans et plus,Femmes,35,9.2
2015,Manitoba,18 à 34 ans,Les deux sexes,46,19.9
2015,Manitoba,18 à 34 ans,Hommes,46,23.3
2015,Manitoba,18 à 34 ans,Femmes,46,16.5
2015,Manitoba,35 à 49 ans,Les deux sexes,46,23.4
2015,Manitoba,35 à 49 ans,Hommes,46,25.1
2015,Manitoba,35 à 49 ans,Femmes,46,21.8
2015,Manitoba,50 à 64 ans,Les deux sexes,46,27.8
2015,Manitoba,50 à 64 ans,Hommes,46,30.3
2015,Manitoba,50 à 64 ans,Femmes,46,25.1
2015,Manitoba,65 ans et plus,Les deux sexes,46,9.1
2015,Manitoba,65 ans et plus,Hommes,46,11.8
2015,Manitoba,65 ans et plus,Femmes,46,6.8
2015,Saskatchewan,18 à 34 ans,Les deux sexes,47,24.0
2015,Saskatchewan,18 à 34 ans,Hommes,47,26.3
2015,Saskatchewan,18 à 34 ans,Femmes,47,21.5
2015,Saskatchewan,35 à 49 ans,Les deux sexes,47,27.6
2015,Saskatchewan,35 à 49 ans,Hommes,47,30.9
2015,Saskatchewan,35 à 49 ans,Femmes,47,24.1
2015,Saskatchewan,50 à 64 ans,Les deux sexes,47,25.1
2015,Saskatchewan,50 à 64 ans,Hommes,47,26.5
2015,Saskatchewan,50 à 64 ans,Femmes,47,23.7
2015,Saskatchewan,65 ans et plus,Les deux sexes,47,14.0
2015,Saskatchewan,65 ans et plus,Hommes,47,11.6
2015,Saskatchewan,65 ans et plus,Femmes,47,16.1
2015,Alberta,18 à 34 ans,Les deux sexes,48,20.5
2015,Alberta,18 à 34 ans,Hommes,48,23.3
2015,Alberta,18 à 34 ans,Femmes,48,17.6
2015,Alberta,35 à 49 ans,Les deux sexes,48,21.7
2015,Alberta,35 à 49 ans,Hommes,48,25.9
2015,Alberta,35 à 49 ans,Femmes,48,17.2
2015,Alberta,50 à 64 ans,Les deux sexes,48,21.2
2015,Alberta,50 à 64 ans,Hommes,48,25.3
2015,Alberta,50 à 64 ans,Femmes,48,17.0
2015,Alberta,65 ans et plus,Les deux sexes,48,11.3
2015,Alberta,65 ans et plus,Hommes,48,9.5
2015,Alberta,65 ans et plus,Femmes,48,12.9
2015,Colombie-Britannique,18 à 34 ans,Les deux sexes,59,19.4
2015,Colombie-Britannique,18 à 34 ans,Hommes,59,22.9
2015,Colombie-Britannique,18 à 34 ans,Femmes,59,15.8
2015,Colombie-Britannique,35 à 49 ans,Les deux sexes,59,13.4
2015,Colombie-Britannique,35 à 49 ans,Hommes,59,15.5
2015,Colombie-Britannique,35 à 49 ans,Femmes,59,11.5
2015,Colombie-Britannique,50 à 64 ans,Les deux sexes,59,17.1
2015,Colombie-Britannique,50 à 64 ans,Hommes,59,20.0
2015,Colombie-Britannique,50 à 64 ans,Femmes,59,14.2
2015,Colombie-Britannique,65 ans et plus,Les deux sexes,59,6.8
2015,Colombie-Britannique,65 ans et plus,Hommes,59,7.2
2015,Colombie-Britannique,65 ans et plus,Femmes,59,6.4
2016,Canada,18 à 34 ans,Les deux sexes,,21.1
2016,Canada,18 à 34 ans,Hommes,,24.6
2016,Canada,18 à 34 ans,Femmes,,17.6
2016,Canada,35 à 49 ans,Les deux sexes,,18.9
2016,Canada,35 à 49 ans,Hommes,,21.4
2016,Canada,35 à 49 ans,Femmes,,16.4
2016,Canada,50 à 64 ans,Les deux sexes,,20.1
2016,Canada,50 à 64 ans,Hommes,,22.4
2016,Canada,50 à 64 ans,Femmes,,17.7
2016,Canada,65 ans et plus,Les deux sexes,,9.5
2016,Canada,65 ans et plus,Hommes,,11.0
2016,Canada,65 ans et plus,Femmes,,8.1
2016,Terre-Neuve-et-Labrador,18 à 34 ans,Les deux sexes,10,24.2
2016,Terre-Neuve-et-Labrador,18 à 34 ans,Hommes,10,23.9
2016,Terre-Neuve-et-Labrador,18 à 34 ans,Femmes,10,24.5
2016,Terre-Neuve-et-Labrador,35 à 49 ans,Les deux sexes,10,22.7
2016,Terre-Neuve-et-Labrador,35 à 49 ans,Hommes,10,27.5
2016,Terre-Neuve-et-Labrador,35 à 49 ans,Femmes,10,18.2
2016,Terre-Neuve-et-Labrador,50 à 64 ans,Les deux sexes,10,21.6
2016,Terre-Neuve-et-Labrador,50 à 64 ans,Hommes,10,23.8
2016,Terre-Neuve-et-Labrador,50 à 64 ans,Femmes,10,19.4
2016,Terre-Neuve-et-Labrador,65 ans et plus,Les deux sexes,10,11.3
2016,Terre-Neuve-et-Labrador,65 ans et plus,Hommes,10,14.4
2016,Terre-Neuve-et-Labrador,65 ans et plus,Femmes,10,8.5
2016,Île-du-Prince-Édouard,18 à 34 ans,Les deux sexes,11,23.3
2016,Île-du-Prince-Édouard,18 à 34 ans,Hommes,11,28.0
2016,Île-du-Prince-Édouard,18 à 34 ans,Femmes,11,18.6
2016,Île-du-Prince-Édouard,35 à 49 ans,Les deux sexes,11,14.4
2016,Île-du-Prince-Édouard,35 à 49 ans,Hommes,11,
2016,Île-du-Prince-Édouard,35 à 49 ans,Femmes,11,16.3
2016,Île-du-Prince-Édouard,50 à 64 ans,Les deux sexes,11,18.8
2016,Île-du-Prince-Édouard,50 à 64 ans,Hommes,11,22.4
2016,Île-du-Prince-Édouard,50 à 64 ans,Femmes,11,15.3
2016,Île-du-Prince-Édouard,65 ans et plus,Les deux sexes,11,6.2
2016,Île-du-Prince-Édouard,65 ans et plus,Hommes,11,9.4
2016,Île-du-Prince-Édouard,65 ans et plus,Femmes,11,
2016,Nouvelle-Écosse,18 à 34 ans,Les deux sexes,12,20.6
2016,Nouvelle-Écosse,18 à 34 ans,Hommes,12,23.9
2016,Nouvelle-Écosse,18 à 34 ans,Femmes,12,17.3
2016,Nouvelle-Écosse,35 à 49 ans,Les deux sexes,12,22.5
2016,Nouvelle-Écosse,35 à 49 ans,Hommes,12,20.8
2016,Nouvelle-Écosse,35 à 49 ans,Femmes,12,24.0
2016,Nouvelle-Écosse,50 à 64 ans,Les deux sexes,12,27.5
2016,Nouvelle-Écosse,50 à 64 ans,Hommes,12,31.7
2016,Nouvelle-Écosse,50 à 64 ans,Femmes,12,23.5
2016,Nouvelle-Écosse,65 ans et plus,Les deux sexes,12,10.1
2016,Nouvelle-Écosse,65 ans et plus,Hommes,12,9.4
2016,Nouvelle-Écosse,65 ans et plus,Femmes,12,10.7
2016,Nouveau-Brunswick,18 à 34 ans,Les deux sexes,13,30.5
2016,Nouveau-Brunswick,18 à 34 ans,Hommes,13,39.1
2016,Nouveau-Brunswick,18 à 34 ans,Femmes,13,21.7
2016,Nouveau-Brunswick,35 à 49 ans,Les deux sexes,13,23.4
2016,Nouveau-Brunswick,35 à 49 ans,Hommes,13,26.4
2016,Nouveau-Brunswick,35 à 49 ans,Femmes,13,20.6
2016,Nouveau-Brunswick,50 à 64 ans,Les deux sexes,13,16.4
2016,Nouveau-Brunswick,50 à 64 ans,Hommes,13,13.0
2016,Nouveau-Brunswick,50 à 64 ans,Femmes,13,19.7
2016,Nouveau-Brunswick,65 ans et plus,Les deux sexes,13,10.4
2016,Nouveau-Brunswick,65 ans et plus,Hommes,13,12.5
2016,Nouveau-Brunswick,65 ans et plus,Femmes,13,8.6
2016,Québec,18 à 34 ans,Les deux sexes,24,23.6
2016,Québec,18 à 34 ans,Hommes,24,23.0
2016,Québec,18 à 34 ans,Femmes,24,24.2
2016,Québec,35 à 49 ans,Les deux sexes,24,19.4
2016,Québec,35 à 49 ans,Hommes,24,20.8
2016,Québec,35 à 49 ans,Femmes,24,18.1
2016,Québec,50 à 64 ans,Les deux sexes,24,21.1
2016,Québec,50 à 64 ans,Hommes,24,21.8
2016,Québec,50 à 64 ans,Femmes,24,20.4
2016,Québec,65 ans et plus,Les deux sexes,24,10.2
2016,Québec,65 ans et plus,Hommes,24,11.3
2016,Québec,65 ans et plus,Femmes,24,9.3
2016,Ontario,18 à 34 ans,Les deux sexes,35,19.1
2016,Ontario,18 à 34 ans,Hommes,35,23.4
2016,Ontario,18 à 34 ans,Femmes,35,14.9
2016,Ontario,35 à 49 ans,Les deux sexes,35,18.9
2016,Ontario,35 à 49 ans,Hommes,35,22.0
2016,Ontario,35 à 49 ans,Femmes,35,16.0
2016,Ontario,50 à 64 ans,Les deux sexes,35,20.1
2016,Ontario,50 à 64 ans,Hommes,35,23.5
2016,Ontario,50 à 64 ans,Femmes,35,16.7
2016,Ontario,65 ans et plus,Les deux sexes,35,8.3
2016,Ontario,65 ans et plus,Hommes,35,10.1
2016,Ontario,65 ans et plus,Femmes,35,6.7
2016,Manitoba,18 à 34 ans,Les deux sexes,46,20.1
2016,Manitoba,18 à 34 ans,Hommes,46,21.7
2016,Manitoba,18 à 34 ans,Femmes,46,18.3
2016,Manitoba,35 à 49 ans,Les deux sexes,46,23.8
2016,Manitoba,35 à 49 ans,Hommes,46,26.3
2016,Manitoba,35 à 49 ans,Femmes,46,21.5
2016,Manitoba,50 à 64 ans,Les deux sexes,46,21.2
2016,Manitoba,50 à 64 ans,Hommes,46,25.0
2016,Manitoba,50 à 64 ans,Femmes,46,17.3
2016,Manitoba,65 ans et plus,Les deux sexes,46,10.1
2016,Manitoba,65 ans et plus,Hommes,46,9.5
2016,Manitoba,65 ans et plus,Femmes,46,10.5
2016,Saskatchewan,18 à 34 ans,Les deux sexes,47,19.9
2016,Saskatchewan,18 à 34 ans,Hommes,47,22.2
2016,Saskatchewan,18 à 34 ans,Femmes,47,17.4
2016,Saskatchewan,35 à 49 ans,Les deux sexes,47,19.4
2016,Saskatchewan,35 à 49 ans,Hommes,47,22.6
2016,Saskatchewan,35 à 49 ans,Femmes,47,16.0
2016,Saskatchewan,50 à 64 ans,Les deux sexes,47,21.3
2016,Saskatchewan,50 à 64 ans,Hommes,47,31.7
2016,Saskatchewan,50 à 64 ans,Femmes,47,10.5
2016,Saskatchewan,65 ans et plus,Les deux sexes,47,13.4
2016,Saskatchewan,65 ans et plus,Hommes,47,12.8
2016,Saskatchewan,65 ans et plus,Femmes,47,13.9
2016,Alberta,18 à 34 ans,Les deux sexes,48,23.4
2016,Alberta,18 à 34 ans,Hommes,48,28.6
2016,Alberta,18 à 34 ans,Femmes,48,18.1
2016,Alberta,35 à 49 ans,Les deux sexes,48,16.6
2016,Alberta,35 à 49 ans,Hommes,48,20.2
2016,Alberta,35 à 49 ans,Femmes,48,12.8
2016,Alberta,50 à 64 ans,Les deux sexes,48,22.2
2016,Alberta,50 à 64 ans,Hommes,48,20.8
2016,Alberta,50 à 64 ans,Femmes,48,23.8
2016,Alberta,65 ans et plus,Les deux sexes,48,10.7
2016,Alberta,65 ans et plus,Hommes,48,12.1
2016,Alberta,65 ans et plus,Femmes,48,9.5
2016,Colombie-Britannique,18 à 34 ans,Les deux sexes,59,19.5
2016,Colombie-Britannique,18 à 34 ans,Hommes,59,25.9
2016,Colombie-Britannique,18 à 34 ans,Femmes,59,13.1
2016,Colombie-Britannique,35 à 49 ans,Les deux sexes,59,16.7
2016,Colombie-Britannique,35 à 49 ans,Hommes,59,19.3
2016,Colombie-Britannique,35 à 49 ans,Femmes,59,14.1
2016,Colombie-Britannique,50 à 64 ans,Les deux sexes,59,14.9
2016,Colombie-Britannique,50 à 64 ans,Hommes,59,18.7
2016,Colombie-Britannique,50 à 64 ans,Femmes,59,11.2
2016,Colombie-Britannique,65 ans et plus,Les deux sexes,59,9.3
2016,Colombie-Britannique,65 ans et plus,Hommes,59,12.1
2016,Colombie-Britannique,65 ans et plus,Femmes,59,6.8
2017,Canada,18 à 34 ans,Les deux sexes,,19.2
2017,Canada,18 à 34 ans,Hommes,,22.9
2017,Canada,18 à 34 ans,Femmes,,15.5
2017,Canada,35 à 49 ans,Les deux sexes,,18.6
2017,Canada,35 à 49 ans,Hommes,,23.2
2017,Canada,35 à 49 ans,Femmes,,14.0
2017,Canada,50 à 64 ans,Les deux sexes,,19.5
2017,Canada,50 à 64 ans,Hommes,,22.5
2017,Canada,50 à 64 ans,Femmes,,16.6
2017,Canada,65 ans et plus,Les deux sexes,,9.8
2017,Canada,65 ans et plus,Hommes,,10.5
2017,Canada,65 ans et plus,Femmes,,9.2
2017,Terre-Neuve-et-Labrador,18 à 34 ans,Les deux sexes,10,24.6
2017,Terre-Neuve-et-Labrador,18 à 34 ans,Hommes,10,27.9
2017,Terre-Neuve-et-Labrador,18 à 34 ans,Femmes,10,21.2
2017,Terre-Neuve-et-Labrador,35 à 49 ans,Les deux sexes,10,32.4
2017,Terre-Neuve-et-Labrador,35 à 49 ans,Hommes,10,44.9
2017,Terre-Neuve-et-Labrador,35 à 49 ans,Femmes,10,20.8
2017,Terre-Neuve-et-Labrador,50 à 64 ans,Les deux sexes,10,30.9
2017,Terre-Neuve-et-Labrador,50 à 64 ans,Hommes,10,32.5
2017,Terre-Neuve-et-Labrador,50 à 64 ans,Femmes,10,29.3
2017,Terre-Neuve-et-Labrador,65 ans et plus,Les deux sexes,10,9.7
2017,Terre-Neuve-et-Labrador,65 ans et plus,Hommes,10,11.5
2017,Terre-Neuve-et-Labrador,65 ans et plus,Femmes,10,8.1
2017,Île-du-Prince-Édouard,18 à 34 ans,Les deux sexes,11,16.7
2017,Île-du-Prince-Édouard,18 à 34 ans,Hommes,11,19.2
2017,Île-du-Prince-Édouard,18 à 34 ans,Femmes,11,14.2
2017,Île-du-Prince-Édouard,35 à 49 ans,Les deux sexes,11,18.9
2017,Île-du-Prince-Édouard,35 à 49 ans,Hommes,11,26.4
2017,Île-du-Prince-Édouard,35 à 49 ans,Femmes,11,12.0
2017,Île-du-Prince-Édouard,50 à 64 ans,Les deux sexes,11,23.3
2017,Île-du-Prince-Édouard,50 à 64 ans,Hommes,11,25.8
2017,Île-du-Prince-Édouard,50 à 64 ans,Femmes,11,21.0
2017,Île-du-Prince-Édouard,65 ans et plus,Les deux sexes,11,11.5
2017,Île-du-Prince-Édouard,65 ans et plus,Hommes,11,13.5
2017,Île-du-Prince-Édouard,65 ans et plus,Femmes,11,9.7
2017,Nouvelle-Écosse,18 à 34 ans,Les deux sexes,12,24.2
2017,Nouvelle-Écosse,18 à 34 ans,Hommes,12,27.3
2017,Nouvelle-Écosse,18 à 34 ans,Femmes,12,21.0
2017,Nouvelle-Écosse,35 à 49 ans,Les deux sexes,12,16.8
2017,Nouvelle-Écosse,35 à 49 ans,Hommes,12,21.1
2017,Nouvelle-Écosse,35 à 49 ans,Femmes,12,12.8
2017,Nouvelle-Écosse,50 à 64 ans,Les deux sexes,12,23.5
2017,Nouvelle-Écosse,50 à 64 ans,Hommes,12,26.2
2017,Nouvelle-Écosse,50 à 64 ans,Femmes,12,21.1
2017,Nouvelle-Écosse,65 ans et plus,Les deux sexes,12,8.9
2017,Nouvelle-Écosse,65 ans et plus,Hommes,12,11.5
2017,Nouvelle-Écosse,65 ans et plus,Femmes,12,6.6
2017,Nouveau-Brunswick,18 à 34 ans,Les deux sexes,13,16.3
2017,Nouveau-Brunswick,18 à 34 ans,Hommes,13,20.9
2017,Nouveau-Brunswick,18 à 34 ans,Femmes,13,11.6
2017,Nouveau-Brunswick,35 à 49 ans,Les deux sexes,13,22.6
2017,Nouveau-Brunswick,35 à 49 ans,Hommes,13,21.6
2017,Nouveau-Brunswick,35 à 49 ans,Femmes,13,23.6
2017,Nouveau-Brunswick,50 à 64 ans,Les deux sexes,13,12.9
2017,Nouveau-Brunswick,50 à 64 ans,Hommes,13,11.9
2017,Nouveau-Brunswick,50 à 64 ans,Femmes,13,13.7
2017,Nouveau-Brunswick,65 ans et plus,Les deux sexes,13,9.3
2017,Nouveau-Brunswick,65 ans et plus,Hommes,13,8.9
2017,Nouveau-Brunswick,65 ans et plus,Femmes,13,9.7
2017,Québec,18 à 34 ans,Les deux sexes,24,22.6
2017,Québec,18 à 34 ans,Hommes,24,26.0
2017,Québec,18 à 34 ans,Femmes,24,19.1
2017,Québec,35 à 49 ans,Les deux sexes,24,20.9
2017,Québec,35 à 49 ans,Hommes,24,24.5
2017,Québec,35 à 49 ans,Femmes,24,17.3
2017,Québec,50 à 64 ans,Les deux sexes,24,20.8
2017,Québec,50 à 64 ans,Hommes,24,21.2
2017,Québec,50 à 64 ans,Femmes,24,20.4
2017,Québec,65 ans et plus,Les deux sexes,24,11.1
2017,Québec,65 ans et plus,Hommes,24,11.5
2017,Québec,65 ans et plus,Femmes,24,10.8
2017,Ontario,18 à 34 ans,Les deux sexes,35,17.0
2017,Ontario,18 à 34 ans,Hommes,35,20.0
2017,Ontario,18 à 34 ans,Femmes,35,13.9
2017,Ontario,35 à 49 ans,Les deux sexes,35,17.8
2017,Ontario,35 à 49 ans,Hommes,35,23.4
2017,Ontario,35 à 49 ans,Femmes,35,12.5
2017,Ontario,50 à 64 ans,Les deux sexes,35,19.7
2017,Ontario,50 à 64 ans,Hommes,35,23.4
2017,Ontario,50 à 64 ans,Femmes,35,16.2
2017,Ontario,65 ans et plus,Les deux sexes,35,9.4
2017,Ontario,65 ans et plus,Hommes,35,10.4
2017,Ontario,65 ans et plus,Femmes,35,8.7
2017,Manitoba,18 à 34 ans,Les deux sexes,46,20.9
2017,Manitoba,18 à 34 ans,Hommes,46,23.5
2017,Manitoba,18 à 34 ans,Femmes,46,18.2
2017,Manitoba,35 à 49 ans,Les deux sexes,46,21.2
2017,Manitoba,35 à 49 ans,Hommes,46,24.5
2017,Manitoba,35 à 49 ans,Femmes,46,17.9
2017,Manitoba,50 à 64 ans,Les deux sexes,46,14.5
2017,Manitoba,50 à 64 ans,Hommes,46,13.2
2017,Manitoba,50 à 64 ans,Femmes,46,16.0
2017,Manitoba,65 ans et plus,Les deux sexes,46,9.3
2017,Manitoba,65 ans et plus,Hommes,46,7.7
2017,Manitoba,65 ans et plus,Femmes,46,10.7
2017,Saskatchewan,18 à 34 ans,Les deux sexes,47,25.0
2017,Saskatchewan,18 à 34 ans,Hommes,47,29.8
2017,Saskatchewan,18 à 34 ans,Femmes,47,19.9
2017,Saskatchewan,35 à 49 ans,Les deux sexes,47,21.9
2017,Saskatchewan,35 à 49 ans,Hommes,47,24.8
2017,Saskatchewan,35 à 49 ans,Femmes,47,18.9
2017,Saskatchewan,50 à 64 ans,Les deux sexes,47,23.4
2017,Saskatchewan,50 à 64 ans,Hommes,47,26.8
2017,Saskatchewan,50 à 64 ans,Femmes,47,19.8
2017,Saskatchewan,65 ans et plus,Les deux sexes,47,12.2
2017,Saskatchewan,65 ans et plus,Hommes,47,15.5
2017,Saskatchewan,65 ans et plus,Femmes,47,9.4
2017,Alberta,18 à 34 ans,Les deux sexes,48,20.6
2017,Alberta,18 à 34 ans,Hommes,48,25.2
2017,Alberta,18 à 34 ans,Femmes,48,15.7
2017,Alberta,35 à 49 ans,Les deux sexes,48,17.7
2017,Alberta,35 à 49 ans,Hommes,48,22.1
2017,Alberta,35 à 49 ans,Femmes,48,13.0
2017,Alberta,50 à 64 ans,Les deux sexes,48,18.5
2017,Alberta,50 à 64 ans,Hommes,48,24.1
2017,Alberta,50 à 64 ans,Femmes,48,12.7
2017,Alberta,65 ans et plus,Les deux sexes,48,9.9
2017,Alberta,65 ans et plus,Hommes,48,8.9
2017,Alberta,65 ans et plus,Femmes,48,10.8
2017,Colombie-Britannique,18 à 34 ans,Les deux sexes,59,16.2
2017,Colombie-Britannique,18 à 34 ans,Hommes,59,21.3
2017,Colombie-Britannique,18 à 34 ans,Femmes,59,10.9
2017,Colombie-Britannique,35 à 49 ans,Les deux sexes,59,14.1
2017,Colombie-Britannique,35 à 49 ans,Hommes,59,18.4
2017,Colombie-Britannique,35 à 49 ans,Femmes,59,9.9
2017,Colombie-Britannique,50 à 64 ans,Les deux sexes,59,16.5
2017,Colombie-Britannique,50 à 64 ans,Hommes,59,22.1
2017,Colombie-Britannique,50 à 64 ans,Femmes,59,11.2
2017,Colombie-Britannique,65 ans et plus,Les deux sexes,59,8.1
2017,Colombie-Britannique,65 ans et plus,Hommes,59,9.5
2017,Colombie-Britannique,65 ans et plus,Femmes,59,6.8
2018,Canada,18 à 34 ans,Les deux sexes,,19.2
2018,Canada,18 à 34 ans,Hommes,,23.3
2018,Canada,18 à 34 ans,Femmes,,15.0
2018,Canada,35 à 49 ans,Les deux sexes,,18.2
2018,Canada,35 à 49 ans,Hommes,,22.1
2018,Canada,35 à 49 ans,Femmes,,14.3
2018,Canada,50 à 64 ans,Les deux sexes,,18.4
2018,Canada,50 à 64 ans,Hommes,,20.3
2018,Canada,50 à 64 ans,Femmes,,16.5
2018,Canada,65 ans et plus,Les deux sexes,,9.7
2018,Canada,65 ans et plus,Hommes,,11.1
2018,Canada,65 ans et plus,Femmes,,8.5
2018,Terre-Neuve-et-Labrador,18 à 34 ans,Les deux sexes,10,20.3
2018,Terre-Neuve-et-Labrador,18 à 34 ans,Hommes,10,24.4
2018,Terre-Neuve-et-Labrador,18 à 34 ans,Femmes,10,16.2
2018,Terre-Neuve-et-Labrador,35 à 49 ans,Les deux sexes,10,31.9
2018,Terre-Neuve-et-Labrador,35 à 49 ans,Hommes,10,33.6
2018,Terre-Neuve-et-Labrador,35 à 49 ans,Femmes,10,30.3
2018,Terre-Neuve-et-Labrador,50 à 64 ans,Les deux sexes,10,17.0
2018,Terre-Neuve-et-Labrador,50 à 64 ans,Hommes,10,19.6
2018,Terre-Neuve-et-Labrador,50 à 64 ans,Femmes,10,14.5
2018,Terre-Neuve-et-Labrador,65 ans et plus,Les deux sexes,10,9.2
2018,Terre-Neuve-et-Labrador,65 ans et plus,Hommes,10,11.2
2018,Terre-Neuve-et-Labrador,65 ans et plus,Femmes,10,7.3
2018,Île-du-Prince-Édouard,18 à 34 ans,Les deux sexes,11,21.0
2018,Île-du-Prince-Édouard,18 à 34 ans,Hommes,11,33.3
2018,Île-du-Prince-Édouard,18 à 34 ans,Femmes,11,
2018,Île-du-Prince-Édouard,35 à 49 ans,Les deux sexes,11,22.2
2018,Île-du-Prince-Édouard,35 à 49 ans,Hommes,11,24.0
2018,Île-du-Prince-Édouard,35 à 49 ans,Femmes,11,20.5
2018,Île-du-Prince-Édouard,50 à 64 ans,Les deux sexes,11,18.5
2018,Île-du-Prince-Édouard,50 à 64 ans,Hommes,11,19.5
2018,Île-du-Prince-Édouard,50 à 64 ans,Femmes,11,17.5
2018,Île-du-Prince-Édouard,65 ans et plus,Les deux sexes,11,11.5
2018,Île-du-Prince-Édouard,65 ans et plus,Hommes,11,16.5
2018,Île-du-Prince-Édouard,65 ans et plus,Femmes,11,7.0
2018,Nouvelle-Écosse,18 à 34 ans,Les deux sexes,12,15.4
2018,Nouvelle-Écosse,18 à 34 ans,Hommes,12,15.4
2018,Nouvelle-Écosse,18 à 34 ans,Femmes,12,15.4
2018,Nouvelle-Écosse,35 à 49 ans,Les deux sexes,12,27.7
2018,Nouvelle-Écosse,35 à 49 ans,Hommes,12,29.8
2018,Nouvelle-Écosse,35 à 49 ans,Femmes,12,25.8
2018,Nouvelle-Écosse,50 à 64 ans,Les deux sexes,12,22.8
2018,Nouvelle-Écosse,50 à 64 ans,Hommes,12,27.7
2018,Nouvelle-Écosse,50 à 64 ans,Femmes,12,18.3
2018,Nouvelle-Écosse,65 ans et plus,Les deux sexes,12,11.2
2018,Nouvelle-Écosse,65 ans et plus,Hommes,12,12.0
2018,Nouvelle-Écosse,65 ans et plus,Femmes,12,10.5
2018,Nouveau-Brunswick,18 à 34 ans,Les deux sexes,13,18.9
2018,Nouveau-Brunswick,18 à 34 ans,Hommes,13,23.4
2018,Nouveau-Brunswick,18 à 34 ans,Femmes,13,14.2
2018,Nouveau-Brunswick,35 à 49 ans,Les deux sexes,13,16.2
2018,Nouveau-Brunswick,35 à 49 ans,Hommes,13,20.2
2018,Nouveau-Brunswick,35 à 49 ans,Femmes,13,12.4
2018,Nouveau-Brunswick,50 à 64 ans,Les deux sexes,13,17.0
2018,Nouveau-Brunswick,50 à 64 ans,Hommes,13,21.1
2018,Nouveau-Brunswick,50 à 64 ans,Femmes,13,13.1
2018,Nouveau-Brunswick,65 ans et plus,Les deux sexes,13,9.1
2018,Nouveau-Brunswick,65 ans et plus,Hommes,13,11.6
2018,Nouveau-Brunswick,65 ans et plus,Femmes,13,7.0
2018,Québec,18 à 34 ans,Les deux sexes,24,22.4
2018,Québec,18 à 34 ans,Hommes,24,25.6
2018,Québec,18 à 34 ans,Femmes,24,19.0
2018,Québec,35 à 49 ans,Les deux sexes,24,18.5
2018,Québec,35 à 49 ans,Hommes,24,22.4
2018,Québec,35 à 49 ans,Femmes,24,14.6
2018,Québec,50 à 64 ans,Les deux sexes,24,20.5
2018,Québec,50 à 64 ans,Hommes,24,20.9
2018,Québec,50 à 64 ans,Femmes,24,20.0
2018,Québec,65 ans et plus,Les deux sexes,24,11.4
2018,Québec,65 ans et plus,Hommes,24,13.0
2018,Québec,65 ans et plus,Femmes,24,10.0
2018,Ontario,18 à 34 ans,Les deux sexes,35,18.0
2018,Ontario,18 à 34 ans,Hommes,35,23.0
2018,Ontario,18 à 34 ans,Femmes,35,12.9
2018,Ontario,35 à 49 ans,Les deux sexes,35,17.6
2018,Ontario,35 à 49 ans,Hommes,35,22.6
2018,Ontario,35 à 49 ans,Femmes,35,12.9
2018,Ontario,50 à 64 ans,Les deux sexes,35,18.1
2018,Ontario,50 à 64 ans,Hommes,35,20.5
2018,Ontario,50 à 64 ans,Femmes,35,15.8
2018,Ontario,65 ans et plus,Les deux sexes,35,9.1
2018,Ontario,65 ans et plus,Hommes,35,10.9
2018,Ontario,65 ans et plus,Femmes,35,7.6
2018,Manitoba,18 à 34 ans,Les deux sexes,46,22.8
2018,Manitoba,18 à 34 ans,Hommes,46,25.3
2018,Manitoba,18 à 34 ans,Femmes,46,20.2
2018,Manitoba,35 à 49 ans,Les deux sexes,46,19.6
2018,Manitoba,35 à 49 ans,Hommes,46,20.3
2018,Manitoba,35 à 49 ans,Femmes,46,19.0
2018,Manitoba,50 à 64 ans,Les deux sexes,46,19.9
2018,Manitoba,50 à 64 ans,Hommes,46,20.2
2018,Manitoba,50 à 64 ans,Femmes,46,19.5
2018,Manitoba,65 ans et plus,Les deux sexes,46,10.7
2018,Manitoba,65 ans et plus,Hommes,46,9.1
2018,Manitoba,65 ans et plus,Femmes,46,12.2
2018,Saskatchewan,18 à 34 ans,Les deux sexes,47,22.4
2018,Saskatchewan,18 à 34 ans,Hommes,47,24.8
2018,Saskatchewan,18 à 34 ans,Femmes,47,19.9
2018,Saskatchewan,35 à 49 ans,Les deux sexes,47,24.8
2018,Saskatchewan,35 à 49 ans,Hommes,47,20.9
2018,Saskatchewan,35 à 49 ans,Femmes,47,28.9
2018,Saskatchewan,50 à 64 ans,Les deux sexes,47,23.1
2018,Saskatchewan,50 à 64 ans,Hommes,47,26.2
2018,Saskatchewan,50 à 64 ans,Femmes,47,19.8
2018,Saskatchewan,65 ans et plus,Les deux sexes,47,14.8
2018,Saskatchewan,65 ans et plus,Hommes,47,16.9
2018,Saskatchewan,65 ans et plus,Femmes,47,12.9
2018,Alberta,18 à 34 ans,Les deux sexes,48,19.7
2018,Alberta,18 à 34 ans,Hommes,48,24.3
2018,Alberta,18 à 34 ans,Femmes,48,14.9
2018,Alberta,35 à 49 ans,Les deux sexes,48,18.4
2018,Alberta,35 à 49 ans,Hommes,48,23.3
2018,Alberta,35 à 49 ans,Femmes,48,13.3
2018,Alberta,50 à 64 ans,Les deux sexes,48,19.0
2018,Alberta,50 à 64 ans,Hommes,48,22.8
2018,Alberta,50 à 64 ans,Femmes,48,15.1
2018,Alberta,65 ans et plus,Les deux sexes,48,8.2
2018,Alberta,65 ans et plus,Hommes,48,9.8
2018,Alberta,65 ans et plus,Femmes,48,6.8
2018,Colombie-Britannique,18 à 34 ans,Les deux sexes,59,15.8
2018,Colombie-Britannique,18 à 34 ans,Hommes,59,19.2
2018,Colombie-Britannique,18 à 34 ans,Femmes,59,12.4
2018,Colombie-Britannique,35 à 49 ans,Les deux sexes,59,14.0
2018,Colombie-Britannique,35 à 49 ans,Hommes,59,17.3
2018,Colombie-Britannique,35 à 49 ans,Femmes,59,10.7
2018,Colombie-Britannique,50 à 64 ans,Les deux sexes,59,12.8
2018,Colombie-Britannique,50 à 64 ans,Hommes,59,13.1
2018,Colombie-Britannique,50 à 64 ans,Femmes,59,12.6
2018,Colombie-Britannique,65 ans et plus,Les deux sexes,59,7.6
2018,Colombie-Britannique,65 ans et plus,Hommes,59,7.9
2018,Colombie-Britannique,65 ans et plus,Femmes,59,7.4
2019,Canada,18 à 34 ans,Les deux sexes,,17.2
2019,Canada,18 à 34 ans,Hommes,,21.2
2019,Canada,18 à 34 ans,Femmes,,13.3
2019,Canada,35 à 49 ans,Les deux sexes,,16.9
2019,Canada,35 à 49 ans,Hommes,,20.2
2019,Canada,35 à 49 ans,Femmes,,13.5
2019,Canada,50 à 64 ans,Les deux sexes,,18.4
2019,Canada,50 à 64 ans,Hommes,,20.5
2019,Canada,50 à 64 ans,Femmes,,16.4
2019,Canada,65 ans et plus,Les deux sexes,,9.1
2019,Canada,65 ans et plus,Hommes,,10.0
2019,Canada,65 ans et plus,Femmes,,8.4
2019,Terre-Neuve-et-Labrador,18 à 34 ans,Les deux sexes,10,21.9
2019,Terre-Neuve-et-Labrador,18 à 34 ans,Hommes,10,21.9
2019,Terre-Neuve-et-Labrador,18 à 34 ans,Femmes,10,22.0
2019,Terre-Neuve-et-Labrador,35 à 49 ans,Les deux sexes,10,27.9
2019,Terre-Neuve-et-Labrador,35 à 49 ans,Hommes,10,33.6
2019,Terre-Neuve-et-Labrador,35 à 49 ans,Femmes,10,22.6
2019,Terre-Neuve-et-Labrador,50 à 64 ans,Les deux sexes,10,23.1
2019,Terre-Neuve-et-Labrador,50 à 64 ans,Hommes,10,28.3
2019,Terre-Neuve-et-Labrador,50 à 64 ans,Femmes,10,17.9
2019,Terre-Neuve-et-Labrador,65 ans et plus,Les deux sexes,10,10.8
2019,Terre-Neuve-et-Labrador,65 ans et plus,Hommes,10,11.7
2019,Terre-Neuve-et-Labrador,65 ans et plus,Femmes,10,10.0
2019,Île-du-Prince-Édouard,18 à 34 ans,Les deux sexes,11,24.4
2019,Île-du-Prince-Édouard,18 à 34 ans,Hommes,11,28.7
2019,Île-du-Prince-Édouard,18 à 34 ans,Femmes,11,19.8
2019,Île-du-Prince-Édouard,35 à 49 ans,Les deux sexes,11,12.1
2019,Île-du-Prince-Édouard,35 à 49 ans,Hommes,11,17.9
2019,Île-du-Prince-Édouard,35 à 49 ans,Femmes,11,
2019,Île-du-Prince-Édouard,50 à 64 ans,Les deux sexes,11,21.3
2019,Île-du-Prince-Édouard,50 à 64 ans,Hommes,11,17.1
2019,Île-du-Prince-Édouard,50 à 64 ans,Femmes,11,25.3
2019,Île-du-Prince-Édouard,65 ans et plus,Les deux sexes,11,8.9
2019,Île-du-Prince-Édouard,65 ans et plus,Hommes,11,10.7
2019,Île-du-Prince-Édouard,65 ans et plus,Femmes,11,7.3
2019,Nouvelle-Écosse,18 à 34 ans,Les deux sexes,12,21.6
2019,Nouvelle-Écosse,18 à 34 ans,Hommes,12,20.8
2019,Nouvelle-Écosse,18 à 34 ans,Femmes,12,22.3
2019,Nouvelle-Écosse,35 à 49 ans,Les deux sexes,12,22.1
2019,Nouvelle-Écosse,35 à 49 ans,Hommes,12,30.3
2019,Nouvelle-Écosse,35 à 49 ans,Femmes,12,14.4
2019,Nouvelle-Écosse,50 à 64 ans,Les deux sexes,12,23.9
2019,Nouvelle-Écosse,50 à 64 ans,Hommes,12,29.5
2019,Nouvelle-Écosse,50 à 64 ans,Femmes,12,18.7
2019,Nouvelle-Écosse,65 ans et plus,Les deux sexes,12,9.8
2019,Nouvelle-Écosse,65 ans et plus,Hommes,12,10.4
2019,Nouvelle-Écosse,65 ans et plus,Femmes,12,9.2
2019,Nouveau-Brunswick,18 à 34 ans,Les deux sexes,13,23.1
2019,Nouveau-Brunswick,18 à 34 ans,Hommes,13,25.7
2019,Nouveau-Brunswick,18 à 34 ans,Femmes,13,20.4
2019,Nouveau-Brunswick,35 à 49 ans,Les deux sexes,13,22.8
2019,Nouveau-Brunswick,35 à 49 ans,Hommes,13,25.3
2019,Nouveau-Brunswick,35 à 49 ans,Femmes,13,20.4
2019,Nouveau-Brunswick,50 à 64 ans,Les deux sexes,13,15.0
2019,Nouveau-Brunswick,50 à 64 ans,Hommes,13,12.5
2019,Nouveau-Brunswick,50 à 64 ans,Femmes,13,17.4
2019,Nouveau-Brunswick,65 ans et plus,Les deux sexes,13,9.7
2019,Nouveau-Brunswick,65 ans et plus,Hommes,13,11.6
2019,Nouveau-Brunswick,65 ans et plus,Femmes,13,8.1
2019,Québec,18 à 34 ans,Les deux sexes,24,21.4
2019,Québec,18 à 34 ans,Hommes,24,24.0
2019,Québec,18 à 34 ans,Femmes,24,18.8
2019,Québec,35 à 49 ans,Les deux sexes,24,17.2
2019,Québec,35 à 49 ans,Hommes,24,19.0
2019,Québec,35 à 49 ans,Femmes,24,15.3
2019,Québec,50 à 64 ans,Les deux sexes,24,22.0
2019,Québec,50 à 64 ans,Hommes,24,24.6
2019,Québec,50 à 64 ans,Femmes,24,19.5
2019,Québec,65 ans et plus,Les deux sexes,24,10.3
2019,Québec,65 ans et plus,Hommes,24,10.4
2019,Québec,65 ans et plus,Femmes,24,10.3
2019,Ontario,18 à 34 ans,Les deux sexes,35,15.5
2019,Ontario,18 à 34 ans,Hommes,35,20.9
2019,Ontario,18 à 34 ans,Femmes,35,10.1
2019,Ontario,35 à 49 ans,Les deux sexes,35,16.4
2019,Ontario,35 à 49 ans,Hommes,35,21.5
2019,Ontario,35 à 49 ans,Femmes,35,11.7
2019,Ontario,50 à 64 ans,Les deux sexes,35,17.1
2019,Ontario,50 à 64 ans,Hommes,35,18.4
2019,Ontario,50 à 64 ans,Femmes,35,15.7
2019,Ontario,65 ans et plus,Les deux sexes,35,8.7
2019,Ontario,65 ans et plus,Hommes,35,10.7
2019,Ontario,65 ans et plus,Femmes,35,7.0
2019,Manitoba,18 à 34 ans,Les deux sexes,46,15.0
2019,Manitoba,18 à 34 ans,Hommes,46,21.4
2019,Manitoba,18 à 34 ans,Femmes,46,8.3
2019,Manitoba,35 à 49 ans,Les deux sexes,46,17.9
2019,Manitoba,35 à 49 ans,Hommes,46,22.3
2019,Manitoba,35 à 49 ans,Femmes,46,13.5
2019,Manitoba,50 à 64 ans,Les deux sexes,46,20.0
2019,Manitoba,50 à 64 ans,Hommes,46,21.3
2019,Manitoba,50 à 64 ans,Femmes,46,18.7
2019,Manitoba,65 ans et plus,Les deux sexes,46,9.9
2019,Manitoba,65 ans et plus,Hommes,46,11.1
2019,Manitoba,65 ans et plus,Femmes,46,8.9
2019,Saskatchewan,18 à 34 ans,Les deux sexes,47,23.9
2019,Saskatchewan,18 à 34 ans,Hommes,47,24.9
2019,Saskatchewan,18 à 34 ans,Femmes,47,22.9
2019,Saskatchewan,35 à 49 ans,Les deux sexes,47,17.5
2019,Saskatchewan,35 à 49 ans,Hommes,47,16.2
2019,Saskatchewan,35 à 49 ans,Femmes,47,18.8
2019,Saskatchewan,50 à 64 ans,Les deux sexes,47,17.6
2019,Saskatchewan,50 à 64 ans,Hommes,47,22.1
2019,Saskatchewan,50 à 64 ans,Femmes,47,13.0
2019,Saskatchewan,65 ans et plus,Les deux sexes,47,9.8
2019,Saskatchewan,65 ans et plus,Hommes,47,8.8
2019,Saskatchewan,65 ans et plus,Femmes,47,10.8
2019,Alberta,18 à 34 ans,Les deux sexes,48,18.7
2019,Alberta,18 à 34 ans,Hommes,48,21.9
2019,Alberta,18 à 34 ans,Femmes,48,15.3
2019,Alberta,35 à 49 ans,Les deux sexes,48,16.6
2019,Alberta,35 à 49 ans,Hommes,48,18.3
2019,Alberta,35 à 49 ans,Femmes,48,14.9
2019,Alberta,50 à 64 ans,Les deux sexes,48,19.5
2019,Alberta,50 à 64 ans,Hommes,48,21.3
2019,Alberta,50 à 64 ans,Femmes,48,17.5
2019,Alberta,65 ans et plus,Les deux sexes,48,9.7
2019,Alberta,65 ans et plus,Hommes,48,10.0
2019,Alberta,65 ans et plus,Femmes,48,9.5
2019,Colombie-Britannique,18 à 34 ans,Les deux sexes,59,11.5
2019,Colombie-Britannique,18 à 34 ans,Hommes,59,14.8
2019,Colombie-Britannique,18 à 34 ans,Femmes,59,8.1
2019,Colombie-Britannique,35 à 49 ans,Les deux sexes,59,14.6
2019,Colombie-Britannique,35 à 49 ans,Hommes,59,17.6
2019,Colombie-Britannique,35 à 49 ans,Femmes,59,11.6
2019,Colombie-Britannique,50 à 64 ans,Les deux sexes,59,13.6
2019,Colombie-Britannique,50 à 64 ans,Hommes,59,16.4
2019,Colombie-Britannique,50 à 64 ans,Femmes,59,11.0
2019,Colombie-Britannique,65 ans et plus,Les deux sexes,59,6.8
2019,Colombie-Britannique,65 ans et plus,Hommes,59,6.7
2019,Colombie-Britannique,65 ans et plus,Femmes,59,6.9
2020,Canada,18 à 34 ans,Les deux sexes,,14.9
2020,Canada,18 à 34 ans,Hommes,,19.6
2020,Canada,18 à 34 ans,Femmes,,9.9
2020,Canada,35 à 49 ans,Les deux sexes,,15.1
2020,Canada,35 à 49 ans,Hommes,,18.3
2020,Canada,35 à 49 ans,Femmes,,11.9
2020,Canada,50 à 64 ans,Les deux sexes,,16.1
2020,Canada,50 à 64 ans,Hommes,,18.5
2020,Canada,50 à 64 ans,Femmes,,13.7
2020,Canada,65 ans et plus,Les deux sexes,,8.4
2020,Canada,65 ans et plus,Hommes,,9.6
2020,Canada,65 ans et plus,Femmes,,7.4
2020,Terre-Neuve-et-Labrador,18 à 34 ans,Les deux sexes,10,24.7
2020,Terre-Neuve-et-Labrador,18 à 34 ans,Hommes,10,23.6
2020,Terre-Neuve-et-Labrador,18 à 34 ans,Femmes,10,25.8
2020,Terre-Neuve-et-Labrador,35 à 49 ans,Les deux sexes,10,22.0
2020,Terre-Neuve-et-Labrador,35 à 49 ans,Hommes,10,
2020,Terre-Neuve-et-Labrador,35 à 49 ans,Femmes,10,26.8
2020,Terre-Neuve-et-Labrador,50 à 64 ans,Les deux sexes,10,24.5
2020,Terre-Neuve-et-Labrador,50 à 64 ans,Hommes,10,29.0
2020,Terre-Neuve-et-Labrador,50 à 64 ans,Femmes,10,20.1
2020,Terre-Neuve-et-Labrador,65 ans et plus,Les deux sexes,10,10.3
2020,Terre-Neuve-et-Labrador,65 ans et plus,Hommes,10,9.8
2020,Terre-Neuve-et-Labrador,65 ans et plus,Femmes,10,10.7
2020,Île-du-Prince-Édouard,18 à 34 ans,Les deux sexes,11,17.9
2020,Île-du-Prince-Édouard,18 à 34 ans,Hommes,11,
2020,Île-du-Prince-Édouard,18 à 34 ans,Femmes,11,
2020,Île-du-Prince-Édouard,35 à 49 ans,Les deux sexes,11,
2020,Île-du-Prince-Édouard,35 à 49 ans,Hommes,11,
2020,Île-du-Prince-Édouard,35 à 49 ans,Femmes,11,
2020,Île-du-Prince-Édouard,50 à 64 ans,Les deux sexes,11,16.2
2020,Île-du-Prince-Édouard,50 à 64 ans,Hommes,11,
2020,Île-du-Prince-Édouard,50 à 64 ans,Femmes,11,
2020,Île-du-Prince-Édouard,65 ans et plus,Les deux sexes,11,8.5
2020,Île-du-Prince-Édouard,65 ans et plus,Hommes,11,9.0
2020,Île-du-Prince-Édouard,65 ans et plus,Femmes,11,8.1
2020,Nouvelle-Écosse,18 à 34 ans,Les deux sexes,12,12.6
2020,Nouvelle-Écosse,18 à 34 ans,Hommes,12,
2020,Nouvelle-Écosse,18 à 34 ans,Femmes,12,17.3
2020,Nouvelle-Écosse,35 à 49 ans,Les deux sexes,12,18.9
2020,Nouvelle-Écosse,35 à 49 ans,Hommes,12,18.2
2020,Nouvelle-Écosse,35 à 49 ans,Femmes,12,19.5
2020,Nouvelle-Écosse,50 à 64 ans,Les deux sexes,12,16.7
2020,Nouvelle-Écosse,50 à 64 ans,Hommes,12,24.9
2020,Nouvelle-Écosse,50 à 64 ans,Femmes,12,8.9
2020,Nouvelle-Écosse,65 ans et plus,Les deux sexes,12,8.0
2020,Nouvelle-Écosse,65 ans et plus,Hommes,12,8.9
2020,Nouvelle-Écosse,65 ans et plus,Femmes,12,7.3
2020,Nouveau-Brunswick,18 à 34 ans,Les deux sexes,13,15.8
2020,Nouveau-Brunswick,18 à 34 ans,Hommes,13,
2020,Nouveau-Brunswick,18 à 34 ans,Femmes,13,
2020,Nouveau-Brunswick,35 à 49 ans,Les deux sexes,13,16.5
2020,Nouveau-Brunswick,35 à 49 ans,Hommes,13,13.8
2020,Nouveau-Brunswick,35 à 49 ans,Femmes,13,19.1
2020,Nouveau-Brunswick,50 à 64 ans,Les deux sexes,13,15.1
2020,Nouveau-Brunswick,50 à 64 ans,Hommes,13,15.8
2020,Nouveau-Brunswick,50 à 64 ans,Femmes,13,14.5
2020,Nouveau-Brunswick,65 ans et plus,Les deux sexes,13,9.2
2020,Nouveau-Brunswick,65 ans et plus,Hommes,13,12.8
2020,Nouveau-Brunswick,65 ans et plus,Femmes,13,5.9
2020,Québec,18 à 34 ans,Les deux sexes,24,18.5
2020,Québec,18 à 34 ans,Hommes,24,29.4
2020,Québec,18 à 34 ans,Femmes,24,6.9
2020,Québec,35 à 49 ans,Les deux sexes,24,16.8
2020,Québec,35 à 49 ans,Hommes,24,21.8
2020,Québec,35 à 49 ans,Femmes,24,11.6
2020,Québec,50 à 64 ans,Les deux sexes,24,18.3
2020,Québec,50 à 64 ans,Hommes,24,20.0
2020,Québec,50 à 64 ans,Femmes,24,16.6
2020,Québec,65 ans et plus,Les deux sexes,24,10.4
2020,Québec,65 ans et plus,Hommes,24,12.4
2020,Québec,65 ans et plus,Femmes,24,8.7
2020,Ontario,18 à 34 ans,Les deux sexes,35,13.3
2020,Ontario,18 à 34 ans,Hommes,35,16.5
2020,Ontario,18 à 34 ans,Femmes,35,10.0
2020,Ontario,35 à 49 ans,Les deux sexes,35,13.3
2020,Ontario,35 à 49 ans,Hommes,35,17.0
2020,Ontario,35 à 49 ans,Femmes,35,9.8
2020,Ontario,50 à 64 ans,Les deux sexes,35,14.9
2020,Ontario,50 à 64 ans,Hommes,35,17.3
2020,Ontario,50 à 64 ans,Femmes,35,12.6
2020,Ontario,65 ans et plus,Les deux sexes,35,7.4
2020,Ontario,65 ans et plus,Hommes,35,8.1
2020,Ontario,65 ans et plus,Femmes,35,6.9
2020,Manitoba,18 à 34 ans,Les deux sexes,46,16.5
2020,Manitoba,18 à 34 ans,Hommes,46,18.2
2020,Manitoba,18 à 34 ans,Femmes,46,14.7
2020,Manitoba,35 à 49 ans,Les deux sexes,46,22.7
2020,Manitoba,35 à 49 ans,Hommes,46,25.0
2020,Manitoba,35 à 49 ans,Femmes,46,20.4
2020,Manitoba,50 à 64 ans,Les deux sexes,46,18.6
2020,Manitoba,50 à 64 ans,Hommes,46,18.3
2020,Manitoba,50 à 64 ans,Femmes,46,18.8
2020,Manitoba,65 ans et plus,Les deux sexes,46,7.5
2020,Manitoba,65 ans et plus,Hommes,46,7.4
2020,Manitoba,65 ans et plus,Femmes,46,7.5
2020,Saskatchewan,18 à 34 ans,Les deux sexes,47,17.0
2020,Saskatchewan,18 à 34 ans,Hommes,47,21.4
2020,Saskatchewan,18 à 34 ans,Femmes,47,12.2
2020,Saskatchewan,35 à 49 ans,Les deux sexes,47,14.4
2020,Saskatchewan,35 à 49 ans,Hommes,47,15.2
2020,Saskatchewan,35 à 49 ans,Femmes,47,13.6
2020,Saskatchewan,50 à 64 ans,Les deux sexes,47,25.7
2020,Saskatchewan,50 à 64 ans,Hommes,47,35.2
2020,Saskatchewan,50 à 64 ans,Femmes,47,16.1
2020,Saskatchewan,65 ans et plus,Les deux sexes,47,11.7
2020,Saskatchewan,65 ans et plus,Hommes,47,12.8
2020,Saskatchewan,65 ans et plus,Femmes,47,10.7
2020,Alberta,18 à 34 ans,Les deux sexes,48,15.8
2020,Alberta,18 à 34 ans,Hommes,48,18.5
2020,Alberta,18 à 34 ans,Femmes,48,12.9
2020,Alberta,35 à 49 ans,Les deux sexes,48,17.8
2020,Alberta,35 à 49 ans,Hommes,48,22.6
2020,Alberta,35 à 49 ans,Femmes,48,12.9
2020,Alberta,50 à 64 ans,Les deux sexes,48,15.7
2020,Alberta,50 à 64 ans,Hommes,48,18.1
2020,Alberta,50 à 64 ans,Femmes,48,13.4
2020,Alberta,65 ans et plus,Les deux sexes,48,9.6
2020,Alberta,65 ans et plus,Hommes,48,10.9
2020,Alberta,65 ans et plus,Femmes,48,8.4
2020,Colombie-Britannique,18 à 34 ans,Les deux sexes,59,12.1
2020,Colombie-Britannique,18 à 34 ans,Hommes,59,16.3
2020,Colombie-Britannique,18 à 34 ans,Femmes,59,7.6
2020,Colombie-Britannique,35 à 49 ans,Les deux sexes,59,11.4
2020,Colombie-Britannique,35 à 49 ans,Hommes,59,11.7
2020,Colombie-Britannique,35 à 49 ans,Femmes,59,11.1
2020,Colombie-Britannique,50 à 64 ans,Les deux sexes,59,12.4
2020,Colombie-Britannique,50 à 64 ans,Hommes,59,14.3
2020,Colombie-Britannique,50 à 64 ans,Femmes,59,10.5
2020,Colombie-Britannique,65 ans et plus,Les deux sexes,59,6.0
2020,Colombie-Britannique,65 ans et plus,Hommes,59,7.1
2020,Colombie-Britannique,65 ans et plus,Femmes,59,5.1
2021,Canada,18 à 34 ans,Les deux sexes,,11.4
2021,Canada,18 à 34 ans,Hommes,,13.2
2021,Canada,18 à 34 ans,Femmes,,9.5
2021,Canada,35 à 49 ans,Les deux sexes,,14.0
2021,Canada,35 à 49 ans,Hommes,,16.2
2021,Canada,35 à 49 ans,Femmes,,11.9
2021,Canada,50 à 64 ans,Les deux sexes,,16.3
2021,Canada,50 à 64 ans,Hommes,,18.1
2021,Canada,50 à 64 ans,Femmes,,14.4
2021,Canada,65 ans et plus,Les deux sexes,,8.7
2021,Canada,65 ans et plus,Hommes,,9.1
2021,Canada,65 ans et plus,Femmes,,8.3
2021,Terre-Neuve-et-Labrador,18 à 34 ans,Les deux sexes,10,16.0
2021,Terre-Neuve-et-Labrador,18 à 34 ans,Hommes,10,16.7
2021,Terre-Neuve-et-Labrador,18 à 34 ans,Femmes,10,15.2
2021,Terre-Neuve-et-Labrador,35 à 49 ans,Les deux sexes,10,17.5
2021,Terre-Neuve-et-Labrador,35 à 49 ans,Hommes,10,18.9
2021,Terre-Neuve-et-Labrador,35 à 49 ans,Femmes,10,16.2
2021,Terre-Neuve-et-Labrador,50 à 64 ans,Les deux sexes,10,13.8
2021,Terre-Neuve-et-Labrador,50 à 64 ans,Hommes,10,14.7
2021,Terre-Neuve-et-Labrador,50 à 64 ans,Femmes,10,13.0
2021,Terre-Neuve-et-Labrador,65 ans et plus,Les deux sexes,10,10.6
2021,Terre-Neuve-et-Labrador,65 ans et plus,Hommes,10,11.0
2021,Terre-Neuve-et-Labrador,65 ans et plus,Femmes,10,10.2
2021,Île-du-Prince-Édouard,18 à 34 ans,Les deux sexes,11,11.7
2021,Île-du-Prince-Édouard,18 à 34 ans,Hommes,11,16.6
2021,Île-du-Prince-Édouard,18 à 34 ans,Femmes,11,
2021,Île-du-Prince-Édouard,35 à 49 ans,Les deux sexes,11,16.1
2021,Île-du-Prince-Édouard,35 à 49 ans,Hommes,11,23.2
2021,Île-du-Prince-Édouard,35 à 49 ans,Femmes,11,9.4
2021,Île-du-Prince-Édouard,50 à 64 ans,Les deux sexes,11,18.9
2021,Île-du-Prince-Édouard,50 à 64 ans,Hommes,11,23.4
2021,Île-du-Prince-Édouard,50 à 64 ans,Femmes,11,14.6
2021,Île-du-Prince-Édouard,65 ans et plus,Les deux sexes,11,14.8
2021,Île-du-Prince-Édouard,65 ans et plus,Hommes,11,20.9
2021,Île-du-Prince-Édouard,65 ans et plus,Femmes,11,9.6
2021,Nouvelle-Écosse,18 à 34 ans,Les deux sexes,12,11.8
2021,Nouvelle-Écosse,18 à 34 ans,Hommes,12,16.3
2021,Nouvelle-Écosse,18 à 34 ans,Femmes,12,7.2
2021,Nouvelle-Écosse,35 à 49 ans,Les deux sexes,12,15.4
2021,Nouvelle-Écosse,35 à 49 ans,Hommes,12,12.0
2021,Nouvelle-Écosse,35 à 49 ans,Femmes,12,18.4
2021,Nouvelle-Écosse,50 à 64 ans,Les deux sexes,12,21.5
2021,Nouvelle-Écosse,50 à 64 ans,Hommes,12,24.5
2021,Nouvelle-Écosse,50 à 64 ans,Femmes,12,18.6
2021,Nouvelle-Écosse,65 ans et plus,Les deux sexes,12,8.2
2021,Nouvelle-Écosse,65 ans et plus,Hommes,12,9.1
2021,Nouvelle-Écosse,65 ans et plus,Femmes,12,7.4
2021,Nouveau-Brunswick,18 à 34 ans,Les deux sexes,13,13.0
2021,Nouveau-Brunswick,18 à 34 ans,Hommes,13,16.2
2021,Nouveau-Brunswick,18 à 34 ans,Femmes,13,9.7
2021,Nouveau-Brunswick,35 à 49 ans,Les deux sexes,13,18.1
2021,Nouveau-Brunswick,35 à 49 ans,Hommes,13,19.6
2021,Nouveau-Brunswick,35 à 49 ans,Femmes,13,16.6
2021,Nouveau-Brunswick,50 à 64 ans,Les deux sexes,13,13.6
2021,Nouveau-Brunswick,50 à 64 ans,Hommes,13,12.4
2021,Nouveau-Brunswick,50 à 64 ans,Femmes,13,14.8
2021,Nouveau-Brunswick,65 ans et plus,Les deux sexes,13,8.6
2021,Nouveau-Brunswick,65 ans et plus,Hommes,13,6.9
2021,Nouveau-Brunswick,65 ans et plus,Femmes,13,10.1
2021,Québec,18 à 34 ans,Les deux sexes,24,13.2
2021,Québec,18 à 34 ans,Hommes,24,14.4
2021,Québec,18 à 34 ans,Femmes,24,11.8
2021,Québec,35 à 49 ans,Les deux sexes,24,15.1
2021,Québec,35 à 49 ans,Hommes,24,15.3
2021,Québec,35 à 49 ans,Femmes,24,14.9
2021,Québec,50 à 64 ans,Les deux sexes,24,19.6
2021,Québec,50 à 64 ans,Hommes,24,20.8
2021,Québec,50 à 64 ans,Femmes,24,18.4
2021,Québec,65 ans et plus,Les deux sexes,24,8.3
2021,Québec,65 ans et plus,Hommes,24,7.7
2021,Québec,65 ans et plus,Femmes,24,8.9
2021,Ontario,18 à 34 ans,Les deux sexes,35,11.3
2021,Ontario,18 à 34 ans,Hommes,35,12.6
2021,Ontario,18 à 34 ans,Femmes,35,9.9
2021,Ontario,35 à 49 ans,Les deux sexes,35,14.2
2021,Ontario,35 à 49 ans,Hommes,35,17.8
2021,Ontario,35 à 49 ans,Femmes,35,10.6
2021,Ontario,50 à 64 ans,Les deux sexes,35,15.4
2021,Ontario,50 à 64 ans,Hommes,35,18.4
2021,Ontario,50 à 64 ans,Femmes,35,12.5
2021,Ontario,65 ans et plus,Les deux sexes,35,8.8
2021,Ontario,65 ans et plus,Hommes,35,9.3
2021,Ontario,65 ans et plus,Femmes,35,8.4
2021,Manitoba,18 à 34 ans,Les deux sexes,46,11.8
2021,Manitoba,18 à 34 ans,Hommes,46,11.9
2021,Manitoba,18 à 34 ans,Femmes,46,11.7
2021,Manitoba,35 à 49 ans,Les deux sexes,46,11.0
2021,Manitoba,35 à 49 ans,Hommes,46,10.8
2021,Manitoba,35 à 49 ans,Femmes,46,11.2
2021,Manitoba,50 à 64 ans,Les deux sexes,46,16.4
2021,Manitoba,50 à 64 ans,Hommes,46,16.7
2021,Manitoba,50 à 64 ans,Femmes,46,16.1
2021,Manitoba,65 ans et plus,Les deux sexes,46,8.7
2021,Manitoba,65 ans et plus,Hommes,46,9.1
2021,Manitoba,65 ans et plus,Femmes,46,8.4
2021,Saskatchewan,18 à 34 ans,Les deux sexes,47,10.5
2021,Saskatchewan,18 à 34 ans,Hommes,47,14.6
2021,Saskatchewan,18 à 34 ans,Femmes,47,6.2
2021,Saskatchewan,35 à 49 ans,Les deux sexes,47,16.0
2021,Saskatchewan,35 à 49 ans,Hommes,47,14.6
2021,Saskatchewan,35 à 49 ans,Femmes,47,17.5
2021,Saskatchewan,50 à 64 ans,Les deux sexes,47,16.8
2021,Saskatchewan,50 à 64 ans,Hommes,47,19.5
2021,Saskatchewan,50 à 64 ans,Femmes,47,14.1
2021,Saskatchewan,65 ans et plus,Les deux sexes,47,10.3
2021,Saskatchewan,65 ans et plus,Hommes,47,12.2
2021,Saskatchewan,65 ans et plus,Femmes,47,8.6
2021,Alberta,18 à 34 ans,Les deux sexes,48,11.9
2021,Alberta,18 à 34 ans,Hommes,48,15.2
2021,Alberta,18 à 34 ans,Femmes,48,8.4
2021,Alberta,35 à 49 ans,Les deux sexes,48,12.1
2021,Alberta,35 à 49 ans,Hommes,48,15.1
2021,Alberta,35 à 49 ans,Femmes,48,9.1
2021,Alberta,50 à 64 ans,Les deux sexes,48,16.4
2021,Alberta,50 à 64 ans,Hommes,48,17.2
2021,Alberta,50 à 64 ans,Femmes,48,15.6
2021,Alberta,65 ans et plus,Les deux sexes,48,9.5
2021,Alberta,65 ans et plus,Hommes,48,10.4
2021,Alberta,65 ans et plus,Femmes,48,8.7
2021,Colombie-Britannique,18 à 34 ans,Les deux sexes,59,8.2
2021,Colombie-Britannique,18 à 34 ans,Hommes,59,10.2
2021,Colombie-Britannique,18 à 34 ans,Femmes,59,6.0
2021,Colombie-Britannique,35 à 49 ans,Les deux sexes,59,12.8
2021,Colombie-Britannique,35 à 49 ans,Hommes,59,16.1
2021,Colombie-Britannique,35 à 49 ans,Femmes,59,9.7
2021,Colombie-Britannique,50 à 64 ans,Les deux sexes,59,12.3
2021,Colombie-Britannique,50 à 64 ans,Hommes,59,13.4
2021,Colombie-Britannique,50 à 64 ans,Femmes,59,11.3
2021,Colombie-Britannique,65 ans et plus,Les deux sexes,59,7.9
2021,Colombie-Britannique,65 ans et plus,Hommes,59,9.6
2021,Colombie-Britannique,65 ans et plus,Femmes,59,6.3
2022,Canada,"Total, 18 ans et plus",Hommes,,14.4
2022,Canada,"Total, 18 ans et plus",Femmes,,10.6
2022,Canada,18 à 34 ans,Les deux sexes,,10.7
2022,Canada,18 à 34 ans,Hommes,,13.2
2022,Canada,18 à 34 ans,Femmes,,8.1
2022,Canada,35 à 49 ans,Les deux sexes,,14.0
2022,Canada,35 à 49 ans,Hommes,,16.9
2022,Canada,35 à 49 ans,Femmes,,11.2
2022,Canada,50 à 64 ans,Les deux sexes,,16.1
2022,Canada,50 à 64 ans,Hommes,,17.3
2022,Canada,50 à 64 ans,Femmes,,14.9
2022,Canada,65 ans et plus,Les deux sexes,,8.9
2022,Canada,65 ans et plus,Hommes,,9.8
2022,Canada,65 ans et plus,Femmes,,8.2
2022,Terre-Neuve-et-Labrador,"Total, 18 ans et plus",Les deux sexes,10,17.4
2022,Terre-Neuve-et-Labrador,"Total, 18 ans et plus",Hommes,10,16.4
2022,Terre-Neuve-et-Labrador,"Total, 18 ans et plus",Femmes,10,18.3
2022,Terre-Neuve-et-Labrador,18 à 34 ans,Les deux sexes,10,17.9
2022,Terre-Neuve-et-Labrador,18 à 34 ans,Hommes,10,18.8
2022,Terre-Neuve-et-Labrador,18 à 34 ans,Femmes,10,17.0
2022,Terre-Neuve-et-Labrador,35 à 49 ans,Les deux sexes,10,15.9
2022,Terre-Neuve-et-Labrador,35 à 49 ans,Hommes,10,14.5
2022,Terre-Neuve-et-Labrador,35 à 49 ans,Femmes,10,17.2
2022,Terre-Neuve-et-Labrador,50 à 64 ans,Les deux sexes,10,24.8
2022,Terre-Neuve-et-Labrador,50 à 64 ans,Hommes,10,21.9
2022,Terre-Neuve-et-Labrador,50 à 64 ans,Femmes,10,27.7
2022,Terre-Neuve-et-Labrador,65 ans et plus,Les deux sexes,10,10.3
2022,Terre-Neuve-et-Labrador,65 ans et plus,Hommes,10,9.6
2022,Terre-Neuve-et-Labrador,65 ans et plus,Femmes,10,10.9
2022,Île-du-Prince-Édouard,"Total, 18 ans et plus",Les deux sexes,11,16.6
2022,Île-du-Prince-Édouard,"Total, 18 ans et plus",Hommes,11,25.0
2022,Île-du-Prince-Édouard,"Total, 18 ans et plus",Femmes,11,8.5
2022,Île-du-Prince-Édouard,18 à 34 ans,Les deux sexes,11,
2022,Île-du-Prince-Édouard,18 à 34 ans,Hommes,11,
2022,Île-du-Prince-Édouard,18 à 34 ans,Femmes,11,
2022,Île-du-Prince-Édouard,35 à 49 ans,Les deux sexes,11,
2022,Île-du-Prince-Édouard,35 à 49 ans,Hommes,11,
2022,Île-du-Prince-Édouard,35 à 49 ans,Femmes,11,
2022,Île-du-Prince-Édouard,50 à 64 ans,Les deux sexes,11,25.5
2022,Île-du-Prince-Édouard,50 à 64 ans,Hommes,11,
2022,Île-du-Prince-Édouard,50 à 64 ans,Femmes,11,
2022,Île-du-Prince-Édouard,65 ans et plus,Les deux sexes,11,9.0
2022,Île-du-Prince-Édouard,65 ans et plus,Hommes,11,
2022,Île-du-Prince-Édouard,65 ans et plus,Femmes,11,
2022,Nouvelle-Écosse,"Total, 18 ans et plus",Les deux sexes,12,16.2
2022,Nouvelle-Écosse,"Total, 18 ans et plus",Hommes,12,17.0
2022,Nouvelle-Écosse,"Total, 18 ans et plus",Femmes,12,15.5
2022,Nouvelle-Écosse,18 à 34 ans,Les deux sexes,12,15.1
2022,Nouvelle-Écosse,18 à 34 ans,Hommes,12,15.6
2022,Nouvelle-Écosse,18 à 34 ans,Femmes,12,14.6
2022,Nouvelle-Écosse,35 à 49 ans,Les deux sexes,12,13.1
2022,Nouvelle-Écosse,35 à 49 ans,Hommes,12,17.3
2022,Nouvelle-Écosse,35 à 49 ans,Femmes,12,9.0
2022,Nouvelle-Écosse,50 à 64 ans,Les deux sexes,12,24.3
2022,Nouvelle-Écosse,50 à 64 ans,Hommes,12,23.4
2022,Nouvelle-Écosse,50 à 64 ans,Femmes,12,25.1
2022,Nouvelle-Écosse,65 ans et plus,Les deux sexes,12,11.7
2022,Nouvelle-Écosse,65 ans et plus,Hommes,12,11.3
2022,Nouvelle-Écosse,65 ans et plus,Femmes,12,12.0
2022,Nouveau-Brunswick,"Total, 18 ans et plus",Les deux sexes,13,14.2
2022,Nouveau-Brunswick,"Total, 18 ans et plus",Hommes,13,16.1
2022,Nouveau-Brunswick,"Total, 18 ans et plus",Femmes,13,12.5
2022,Nouveau-Brunswick,18 à 34 ans,Les deux sexes,13,14.7
2022,Nouveau-Brunswick,18 à 34 ans,Hommes,13,16.6
2022,Nouveau-Brunswick,18 à 34 ans,Femmes,13,12.6
2022,Nouveau-Brunswick,35 à 49 ans,Les deux sexes,13,14.5
2022,Nouveau-Brunswick,35 à 49 ans,Hommes,13,16.4
2022,Nouveau-Brunswick,35 à 49 ans,Femmes,13,12.8
2022,Nouveau-Brunswick,50 à 64 ans,Les deux sexes,13,19.0
2022,Nouveau-Brunswick,50 à 64 ans,Hommes,13,22.3
2022,Nouveau-Brunswick,50 à 64 ans,Femmes,13,15.7
2022,Nouveau-Brunswick,65 ans et plus,Les deux sexes,13,8.8
2022,Nouveau-Brunswick,65 ans et plus,Hommes,13,8.5
2022,Nouveau-Brunswick,65 ans et plus,Femmes,13,9.1
2022,Québec,"Total, 18 ans et plus",Les deux sexes,24,14.2
2022,Québec,"Total, 18 ans et plus",Hommes,24,16.3
2022,Québec,"Total, 18 ans et plus",Femmes,24,12.1
2022,Québec,18 à 34 ans,Les deux sexes,24,13.7
2022,Québec,18 à 34 ans,Hommes,24,16.9
2022,Québec,18 à 34 ans,Femmes,24,10.4
2022,Québec,35 à 49 ans,Les deux sexes,24,15.8
2022,Québec,35 à 49 ans,Hommes,24,17.6
2022,Québec,35 à 49 ans,Femmes,24,14.0
2022,Québec,50 à 64 ans,Les deux sexes,24,17.0
2022,Québec,50 à 64 ans,Hommes,24,18.2
2022,Québec,50 à 64 ans,Femmes,24,15.9
2022,Québec,65 ans et plus,Les deux sexes,24,10.2
2022,Québec,65 ans et plus,Hommes,24,12.2
2022,Québec,65 ans et plus,Femmes,24,8.3
2022,Ontario,"Total, 18 ans et plus",Les deux sexes,35,11.7
2022,Ontario,"Total, 18 ans et plus",Hommes,35,13.8
2022,Ontario,"Total, 18 ans et plus",Femmes,35,9.5
2022,Ontario,18 à 34 ans,Les deux sexes,35,9.0
2022,Ontario,18 à 34 ans,Hommes,35,11.5
2022,Ontario,18 à 34 ans,Femmes,35,6.4
2022,Ontario,35 à 49 ans,Les deux sexes,35,13.5
2022,Ontario,35 à 49 ans,Hommes,35,17.7
2022,Ontario,35 à 49 ans,Femmes,35,9.5
2022,Ontario,50 à 64 ans,Les deux sexes,35,15.7
2022,Ontario,50 à 64 ans,Hommes,35,17.0
2022,Ontario,50 à 64 ans,Femmes,35,14.6
2022,Ontario,65 ans et plus,Les deux sexes,35,8.5
2022,Ontario,65 ans et plus,Hommes,35,9.3
2022,Ontario,65 ans et plus,Femmes,35,7.8
2022,Manitoba,"Total, 18 ans et plus",Les deux sexes,46,12.7
2022,Manitoba,"Total, 18 ans et plus",Hommes,46,13.2
2022,Manitoba,"Total, 18 ans et plus",Femmes,46,12.3
2022,Manitoba,18 à 34 ans,Les deux sexes,46,5.5
2022,Manitoba,18 à 34 ans,Hommes,46,6.9
2022,Manitoba,18 à 34 ans,Femmes,46,4.0
2022,Manitoba,35 à 49 ans,Les deux sexes,46,17.6
2022,Manitoba,35 à 49 ans,Hommes,46,20.5
2022,Manitoba,35 à 49 ans,Femmes,46,14.7
2022,Manitoba,50 à 64 ans,Les deux sexes,46,18.7
2022,Manitoba,50 à 64 ans,Hommes,46,18.0
2022,Manitoba,50 à 64 ans,Femmes,46,19.3
2022,Manitoba,65 ans et plus,Les deux sexes,46,10.4
2022,Manitoba,65 ans et plus,Hommes,46,8.1
2022,Manitoba,65 ans et plus,Femmes,46,12.6
2022,Saskatchewan,"Total, 18 ans et plus",Les deux sexes,47,16.2
2022,Saskatchewan,"Total, 18 ans et plus",Hommes,47,18.1
2022,Saskatchewan,"Total, 18 ans et plus",Femmes,47,14.3
2022,Saskatchewan,18 à 34 ans,Les deux sexes,47,16.8
2022,Saskatchewan,18 à 34 ans,Hommes,47,20.3
2022,Saskatchewan,18 à 34 ans,Femmes,47,13.2
2022,Saskatchewan,35 à 49 ans,Les deux sexes,47,18.8
2022,Saskatchewan,35 à 49 ans,Hommes,47,23.3
2022,Saskatchewan,35 à 49 ans,Femmes,47,14.2
2022,Saskatchewan,50 à 64 ans,Les deux sexes,47,18.6
2022,Saskatchewan,50 à 64 ans,Hommes,47,18.3
2022,Saskatchewan,50 à 64 ans,Femmes,47,18.9
2022,Saskatchewan,65 ans et plus,Les deux sexes,47,9.6
2022,Saskatchewan,65 ans et plus,Hommes,47,8.1
2022,Saskatchewan,65 ans et plus,Femmes,47,11.0
2022,Alberta,"Total, 18 ans et plus",Les deux sexes,48,12.5
2022,Alberta,"Total, 18 ans et plus",Hommes,48,14.2
2022,Alberta,"Total, 18 ans et plus",Femmes,48,10.8
2022,Alberta,18 à 34 ans,Les deux sexes,48,10.9
2022,Alberta,18 à 34 ans,Hommes,48,12.3
2022,Alberta,18 à 34 ans,Femmes,48,9.6
2022,Alberta,35 à 49 ans,Les deux sexes,48,14.1
2022,Alberta,35 à 49 ans,Hommes,48,17.5
2022,Alberta,35 à 49 ans,Femmes,48,10.6
2022,Alberta,50 à 64 ans,Les deux sexes,48,15.2
2022,Alberta,50 à 64 ans,Hommes,48,16.2
2022,Alberta,50 à 64 ans,Femmes,48,14.2
2022,Alberta,65 ans et plus,Les deux sexes,48,9.0
2022,Alberta,65 ans et plus,Hommes,48,9.1
2022,Alberta,65 ans et plus,Femmes,48,8.8
2022,Colombie-Britannique,"Total, 18 ans et plus",Les deux sexes,59,9.5
2022,Colombie-Britannique,"Total, 18 ans et plus",Hommes,59,11.3
2022,Colombie-Britannique,"Total, 18 ans et plus",Femmes,59,7.7
2022,Colombie-Britannique,18 à 34 ans,Les deux sexes,59,8.9
2022,Colombie-Britannique,18 à 34 ans,Hommes,59,11.9
2022,Colombie-Britannique,18 à 34 ans,Femmes,59,5.9
2022,Colombie-Britannique,35 à 49 ans,Les deux sexes,59,10.4
2022,Colombie-Britannique,35 à 49 ans,Hommes,59,10.7
2022,Colombie-Britannique,35 à 49 ans,Femmes,59,10.1
2022,Colombie-Britannique,50 à 64 ans,Les deux sexes,59,11.9
2022,Colombie-Britannique,50 à 64 ans,Hommes,59,14.2
2022,Colombie-Britannique,50 à 64 ans,Femmes,59,9.7
2022,Colombie-Britannique,65 ans et plus,Les deux sexes,59,6.8
2022,Colombie-Britannique,65 ans et plus,Hommes,59,8.3
2022,Colombie-Britannique,65 ans et plus,Femmes,59,5.5
