Year,Géographie,Groupe d'âge,Sexe,GeoCode,Value
2015,,,,,19.2
2016,,,,,19.0
2017,,,,,19.5
2018,,,,,19.1
2019,,,,,18.3
2020,,,,,16.6
2021,,,,,15.6
2022,,,,,19.7
2015,Canada,"Total, 12 ans et plus",Hommes,,24.1
2015,Canada,"Total, 12 ans et plus",Femmes,,14.5
2015,Canada,12 à 17 ans,Les deux sexes,,4.1
2015,Canada,12 à 17 ans,Hommes,,4.5
2015,Canada,12 à 17 ans,Femmes,,3.6
2015,Canada,18 à 34 ans,Les deux sexes,,30.6
2015,Canada,18 à 34 ans,Hommes,,36.2
2015,Canada,18 à 34 ans,Femmes,,24.9
2015,Canada,35 à 49 ans,Les deux sexes,,21.0
2015,Canada,35 à 49 ans,Hommes,,27.0
2015,Canada,35 à 49 ans,Femmes,,15.1
2015,Canada,50 à 64 ans,Les deux sexes,,18.9
2015,Canada,50 à 64 ans,Hommes,,23.8
2015,Canada,50 à 64 ans,Femmes,,14.0
2015,Canada,65 ans et plus,Les deux sexes,,6.7
2015,Canada,65 ans et plus,Hommes,,9.8
2015,Canada,65 ans et plus,Femmes,,4.0
2015,Terre-Neuve-et-Labrador,"Total, 12 ans et plus",Les deux sexes,10,25.6
2015,Terre-Neuve-et-Labrador,"Total, 12 ans et plus",Hommes,10,36.4
2015,Terre-Neuve-et-Labrador,"Total, 12 ans et plus",Femmes,10,15.1
2015,Terre-Neuve-et-Labrador,12 à 17 ans,Les deux sexes,10,
2015,Terre-Neuve-et-Labrador,12 à 17 ans,Hommes,10,
2015,Terre-Neuve-et-Labrador,12 à 17 ans,Femmes,10,
2015,Terre-Neuve-et-Labrador,18 à 34 ans,Les deux sexes,10,40.0
2015,Terre-Neuve-et-Labrador,18 à 34 ans,Hommes,10,48.6
2015,Terre-Neuve-et-Labrador,18 à 34 ans,Femmes,10,31.2
2015,Terre-Neuve-et-Labrador,35 à 49 ans,Les deux sexes,10,31.3
2015,Terre-Neuve-et-Labrador,35 à 49 ans,Hommes,10,46.7
2015,Terre-Neuve-et-Labrador,35 à 49 ans,Femmes,10,16.8
2015,Terre-Neuve-et-Labrador,50 à 64 ans,Les deux sexes,10,22.9
2015,Terre-Neuve-et-Labrador,50 à 64 ans,Hommes,10,35.1
2015,Terre-Neuve-et-Labrador,50 à 64 ans,Femmes,10,11.0
2015,Terre-Neuve-et-Labrador,65 ans et plus,Les deux sexes,10,12.9
2015,Terre-Neuve-et-Labrador,65 ans et plus,Hommes,10,23.0
2015,Terre-Neuve-et-Labrador,65 ans et plus,Femmes,10,
2015,Île-du-Prince-Édouard,"Total, 12 ans et plus",Les deux sexes,11,18.8
2015,Île-du-Prince-Édouard,"Total, 12 ans et plus",Hommes,11,25.0
2015,Île-du-Prince-Édouard,"Total, 12 ans et plus",Femmes,11,12.9
2015,Île-du-Prince-Édouard,12 à 17 ans,Les deux sexes,11,
2015,Île-du-Prince-Édouard,12 à 17 ans,Hommes,11,
2015,Île-du-Prince-Édouard,12 à 17 ans,Femmes,11,
2015,Île-du-Prince-Édouard,18 à 34 ans,Les deux sexes,11,31.4
2015,Île-du-Prince-Édouard,18 à 34 ans,Hommes,11,34.8
2015,Île-du-Prince-Édouard,18 à 34 ans,Femmes,11,28.2
2015,Île-du-Prince-Édouard,35 à 49 ans,Les deux sexes,11,23.2
2015,Île-du-Prince-Édouard,35 à 49 ans,Hommes,11,36.3
2015,Île-du-Prince-Édouard,35 à 49 ans,Femmes,11,10.9
2015,Île-du-Prince-Édouard,50 à 64 ans,Les deux sexes,11,17.1
2015,Île-du-Prince-Édouard,50 à 64 ans,Hommes,11,22.5
2015,Île-du-Prince-Édouard,50 à 64 ans,Femmes,11,11.9
2015,Île-du-Prince-Édouard,65 ans et plus,Les deux sexes,11,6.6
2015,Île-du-Prince-Édouard,65 ans et plus,Hommes,11,
2015,Île-du-Prince-Édouard,65 ans et plus,Femmes,11,
2015,Nouvelle-Écosse,"Total, 12 ans et plus",Les deux sexes,12,20.6
2015,Nouvelle-Écosse,"Total, 12 ans et plus",Hommes,12,24.1
2015,Nouvelle-Écosse,"Total, 12 ans et plus",Femmes,12,17.3
2015,Nouvelle-Écosse,12 à 17 ans,Les deux sexes,12,5.8
2015,Nouvelle-Écosse,12 à 17 ans,Hommes,12,
2015,Nouvelle-Écosse,12 à 17 ans,Femmes,12,
2015,Nouvelle-Écosse,18 à 34 ans,Les deux sexes,12,31.1
2015,Nouvelle-Écosse,18 à 34 ans,Hommes,12,35.1
2015,Nouvelle-Écosse,18 à 34 ans,Femmes,12,27.0
2015,Nouvelle-Écosse,35 à 49 ans,Les deux sexes,12,24.2
2015,Nouvelle-Écosse,35 à 49 ans,Hommes,12,30.1
2015,Nouvelle-Écosse,35 à 49 ans,Femmes,12,18.6
2015,Nouvelle-Écosse,50 à 64 ans,Les deux sexes,12,23.2
2015,Nouvelle-Écosse,50 à 64 ans,Hommes,12,24.2
2015,Nouvelle-Écosse,50 à 64 ans,Femmes,12,22.4
2015,Nouvelle-Écosse,65 ans et plus,Les deux sexes,12,6.5
2015,Nouvelle-Écosse,65 ans et plus,Hommes,12,10.0
2015,Nouvelle-Écosse,65 ans et plus,Femmes,12,3.5
2015,Nouveau-Brunswick,"Total, 12 ans et plus",Les deux sexes,13,17.5
2015,Nouveau-Brunswick,"Total, 12 ans et plus",Hommes,13,23.0
2015,Nouveau-Brunswick,"Total, 12 ans et plus",Femmes,13,12.2
2015,Nouveau-Brunswick,12 à 17 ans,Les deux sexes,13,
2015,Nouveau-Brunswick,12 à 17 ans,Hommes,13,
2015,Nouveau-Brunswick,12 à 17 ans,Femmes,13,
2015,Nouveau-Brunswick,18 à 34 ans,Les deux sexes,13,27.1
2015,Nouveau-Brunswick,18 à 34 ans,Hommes,13,31.6
2015,Nouveau-Brunswick,18 à 34 ans,Femmes,13,22.4
2015,Nouveau-Brunswick,35 à 49 ans,Les deux sexes,13,17.7
2015,Nouveau-Brunswick,35 à 49 ans,Hommes,13,24.6
2015,Nouveau-Brunswick,35 à 49 ans,Femmes,13,11.3
2015,Nouveau-Brunswick,50 à 64 ans,Les deux sexes,13,22.2
2015,Nouveau-Brunswick,50 à 64 ans,Hommes,13,28.6
2015,Nouveau-Brunswick,50 à 64 ans,Femmes,13,15.9
2015,Nouveau-Brunswick,65 ans et plus,Les deux sexes,13,6.2
2015,Nouveau-Brunswick,65 ans et plus,Hommes,13,10.6
2015,Nouveau-Brunswick,65 ans et plus,Femmes,13,
2015,Québec,"Total, 12 ans et plus",Les deux sexes,24,20.2
2015,Québec,"Total, 12 ans et plus",Hommes,24,24.6
2015,Québec,"Total, 12 ans et plus",Femmes,24,15.9
2015,Québec,12 à 17 ans,Les deux sexes,24,5.4
2015,Québec,12 à 17 ans,Hommes,24,6.8
2015,Québec,12 à 17 ans,Femmes,24,3.9
2015,Québec,18 à 34 ans,Les deux sexes,24,32.9
2015,Québec,18 à 34 ans,Hommes,24,38.4
2015,Québec,18 à 34 ans,Femmes,24,27.3
2015,Québec,35 à 49 ans,Les deux sexes,24,22.0
2015,Québec,35 à 49 ans,Hommes,24,26.6
2015,Québec,35 à 49 ans,Femmes,24,17.4
2015,Québec,50 à 64 ans,Les deux sexes,24,19.4
2015,Québec,50 à 64 ans,Hommes,24,23.2
2015,Québec,50 à 64 ans,Femmes,24,15.5
2015,Québec,65 ans et plus,Les deux sexes,24,7.7
2015,Québec,65 ans et plus,Hommes,24,10.9
2015,Québec,65 ans et plus,Femmes,24,5.0
2015,Ontario,"Total, 12 ans et plus",Les deux sexes,35,18.9
2015,Ontario,"Total, 12 ans et plus",Hommes,35,23.8
2015,Ontario,"Total, 12 ans et plus",Femmes,35,14.2
2015,Ontario,12 à 17 ans,Les deux sexes,35,3.8
2015,Ontario,12 à 17 ans,Hommes,35,4.6
2015,Ontario,12 à 17 ans,Femmes,35,3.0
2015,Ontario,18 à 34 ans,Les deux sexes,35,30.3
2015,Ontario,18 à 34 ans,Hommes,35,35.9
2015,Ontario,18 à 34 ans,Femmes,35,24.8
2015,Ontario,35 à 49 ans,Les deux sexes,35,20.0
2015,Ontario,35 à 49 ans,Hommes,35,26.0
2015,Ontario,35 à 49 ans,Femmes,35,14.3
2015,Ontario,50 à 64 ans,Les deux sexes,35,19.7
2015,Ontario,50 à 64 ans,Hommes,35,24.7
2015,Ontario,50 à 64 ans,Femmes,35,14.7
2015,Ontario,65 ans et plus,Les deux sexes,35,5.7
2015,Ontario,65 ans et plus,Hommes,35,8.8
2015,Ontario,65 ans et plus,Femmes,35,3.2
2015,Manitoba,"Total, 12 ans et plus",Les deux sexes,46,19.6
2015,Manitoba,"Total, 12 ans et plus",Hommes,46,24.5
2015,Manitoba,"Total, 12 ans et plus",Femmes,46,14.9
2015,Manitoba,12 à 17 ans,Les deux sexes,46,
2015,Manitoba,12 à 17 ans,Hommes,46,
2015,Manitoba,12 à 17 ans,Femmes,46,
2015,Manitoba,18 à 34 ans,Les deux sexes,46,30.0
2015,Manitoba,18 à 34 ans,Hommes,46,32.8
2015,Manitoba,18 à 34 ans,Femmes,46,27.0
2015,Manitoba,35 à 49 ans,Les deux sexes,46,20.2
2015,Manitoba,35 à 49 ans,Hommes,46,24.9
2015,Manitoba,35 à 49 ans,Femmes,46,15.6
2015,Manitoba,50 à 64 ans,Les deux sexes,46,22.2
2015,Manitoba,50 à 64 ans,Hommes,46,33.2
2015,Manitoba,50 à 64 ans,Femmes,46,11.3
2015,Manitoba,65 ans et plus,Les deux sexes,46,6.5
2015,Manitoba,65 ans et plus,Hommes,46,8.8
2015,Manitoba,65 ans et plus,Femmes,46,4.6
2015,Saskatchewan,"Total, 12 ans et plus",Les deux sexes,47,21.7
2015,Saskatchewan,"Total, 12 ans et plus",Hommes,47,28.5
2015,Saskatchewan,"Total, 12 ans et plus",Femmes,47,14.8
2015,Saskatchewan,12 à 17 ans,Les deux sexes,47,7.1
2015,Saskatchewan,12 à 17 ans,Hommes,47,
2015,Saskatchewan,12 à 17 ans,Femmes,47,
2015,Saskatchewan,18 à 34 ans,Les deux sexes,47,33.0
2015,Saskatchewan,18 à 34 ans,Hommes,47,39.3
2015,Saskatchewan,18 à 34 ans,Femmes,47,26.3
2015,Saskatchewan,35 à 49 ans,Les deux sexes,47,24.2
2015,Saskatchewan,35 à 49 ans,Hommes,47,35.5
2015,Saskatchewan,35 à 49 ans,Femmes,47,12.3
2015,Saskatchewan,50 à 64 ans,Les deux sexes,47,20.6
2015,Saskatchewan,50 à 64 ans,Hommes,47,26.1
2015,Saskatchewan,50 à 64 ans,Femmes,47,14.9
2015,Saskatchewan,65 ans et plus,Les deux sexes,47,7.8
2015,Saskatchewan,65 ans et plus,Hommes,47,13.8
2015,Saskatchewan,65 ans et plus,Femmes,47,
2015,Alberta,"Total, 12 ans et plus",Les deux sexes,48,18.8
2015,Alberta,"Total, 12 ans et plus",Hommes,48,23.1
2015,Alberta,"Total, 12 ans et plus",Femmes,48,14.2
2015,Alberta,12 à 17 ans,Les deux sexes,48,3.5
2015,Alberta,12 à 17 ans,Hommes,48,
2015,Alberta,12 à 17 ans,Femmes,48,
2015,Alberta,18 à 34 ans,Les deux sexes,48,28.5
2015,Alberta,18 à 34 ans,Hommes,48,31.9
2015,Alberta,18 à 34 ans,Femmes,48,25.0
2015,Alberta,35 à 49 ans,Les deux sexes,48,19.8
2015,Alberta,35 à 49 ans,Hommes,48,26.2
2015,Alberta,35 à 49 ans,Femmes,48,13.0
2015,Alberta,50 à 64 ans,Les deux sexes,48,16.3
2015,Alberta,50 à 64 ans,Hommes,48,21.7
2015,Alberta,50 à 64 ans,Femmes,48,10.5
2015,Alberta,65 ans et plus,Les deux sexes,48,6.9
2015,Alberta,65 ans et plus,Hommes,48,10.1
2015,Alberta,65 ans et plus,Femmes,48,4.0
2015,Colombie-Britannique,"Total, 12 ans et plus",Les deux sexes,59,17.3
2015,Colombie-Britannique,"Total, 12 ans et plus",Hommes,59,22.4
2015,Colombie-Britannique,"Total, 12 ans et plus",Femmes,59,12.3
2015,Colombie-Britannique,12 à 17 ans,Les deux sexes,59,2.0
2015,Colombie-Britannique,12 à 17 ans,Hommes,59,2.0
2015,Colombie-Britannique,12 à 17 ans,Femmes,59,
2015,Colombie-Britannique,18 à 34 ans,Les deux sexes,59,28.5
2015,Colombie-Britannique,18 à 34 ans,Hommes,59,37.6
2015,Colombie-Britannique,18 à 34 ans,Femmes,59,19.4
2015,Colombie-Britannique,35 à 49 ans,Les deux sexes,59,21.2
2015,Colombie-Britannique,35 à 49 ans,Hommes,59,27.3
2015,Colombie-Britannique,35 à 49 ans,Femmes,59,15.4
2015,Colombie-Britannique,50 à 64 ans,Les deux sexes,59,14.6
2015,Colombie-Britannique,50 à 64 ans,Hommes,59,18.6
2015,Colombie-Britannique,50 à 64 ans,Femmes,59,10.6
2015,Colombie-Britannique,65 ans et plus,Les deux sexes,59,6.3
2015,Colombie-Britannique,65 ans et plus,Hommes,59,7.7
2015,Colombie-Britannique,65 ans et plus,Femmes,59,5.1
2016,Canada,"Total, 12 ans et plus",Hommes,,23.8
2016,Canada,"Total, 12 ans et plus",Femmes,,14.2
2016,Canada,12 à 17 ans,Les deux sexes,,4.0
2016,Canada,12 à 17 ans,Hommes,,3.7
2016,Canada,12 à 17 ans,Femmes,,4.2
2016,Canada,18 à 34 ans,Les deux sexes,,29.0
2016,Canada,18 à 34 ans,Hommes,,34.4
2016,Canada,18 à 34 ans,Femmes,,23.4
2016,Canada,35 à 49 ans,Les deux sexes,,21.8
2016,Canada,35 à 49 ans,Hommes,,27.4
2016,Canada,35 à 49 ans,Femmes,,16.3
2016,Canada,50 à 64 ans,Les deux sexes,,18.8
2016,Canada,50 à 64 ans,Hommes,,24.3
2016,Canada,50 à 64 ans,Femmes,,13.4
2016,Canada,65 ans et plus,Les deux sexes,,7.2
2016,Canada,65 ans et plus,Hommes,,10.5
2016,Canada,65 ans et plus,Femmes,,4.3
2016,Terre-Neuve-et-Labrador,"Total, 12 ans et plus",Les deux sexes,10,25.8
2016,Terre-Neuve-et-Labrador,"Total, 12 ans et plus",Hommes,10,33.5
2016,Terre-Neuve-et-Labrador,"Total, 12 ans et plus",Femmes,10,18.5
2016,Terre-Neuve-et-Labrador,12 à 17 ans,Les deux sexes,10,
2016,Terre-Neuve-et-Labrador,12 à 17 ans,Hommes,10,
2016,Terre-Neuve-et-Labrador,12 à 17 ans,Femmes,10,
2016,Terre-Neuve-et-Labrador,18 à 34 ans,Les deux sexes,10,33.4
2016,Terre-Neuve-et-Labrador,18 à 34 ans,Hommes,10,37.3
2016,Terre-Neuve-et-Labrador,18 à 34 ans,Femmes,10,29.3
2016,Terre-Neuve-et-Labrador,35 à 49 ans,Les deux sexes,10,38.4
2016,Terre-Neuve-et-Labrador,35 à 49 ans,Hommes,10,47.3
2016,Terre-Neuve-et-Labrador,35 à 49 ans,Femmes,10,29.9
2016,Terre-Neuve-et-Labrador,50 à 64 ans,Les deux sexes,10,27.2
2016,Terre-Neuve-et-Labrador,50 à 64 ans,Hommes,10,40.2
2016,Terre-Neuve-et-Labrador,50 à 64 ans,Femmes,10,14.9
2016,Terre-Neuve-et-Labrador,65 ans et plus,Les deux sexes,10,9.8
2016,Terre-Neuve-et-Labrador,65 ans et plus,Hommes,10,15.6
2016,Terre-Neuve-et-Labrador,65 ans et plus,Femmes,10,
2016,Île-du-Prince-Édouard,"Total, 12 ans et plus",Les deux sexes,11,20.1
2016,Île-du-Prince-Édouard,"Total, 12 ans et plus",Hommes,11,22.7
2016,Île-du-Prince-Édouard,"Total, 12 ans et plus",Femmes,11,17.6
2016,Île-du-Prince-Édouard,12 à 17 ans,Les deux sexes,11,
2016,Île-du-Prince-Édouard,12 à 17 ans,Hommes,11,
2016,Île-du-Prince-Édouard,12 à 17 ans,Femmes,11,
2016,Île-du-Prince-Édouard,18 à 34 ans,Les deux sexes,11,35.7
2016,Île-du-Prince-Édouard,18 à 34 ans,Hommes,11,33.6
2016,Île-du-Prince-Édouard,18 à 34 ans,Femmes,11,37.7
2016,Île-du-Prince-Édouard,35 à 49 ans,Les deux sexes,11,24.9
2016,Île-du-Prince-Édouard,35 à 49 ans,Hommes,11,25.4
2016,Île-du-Prince-Édouard,35 à 49 ans,Femmes,11,24.4
2016,Île-du-Prince-Édouard,50 à 64 ans,Les deux sexes,11,19.5
2016,Île-du-Prince-Édouard,50 à 64 ans,Hommes,11,31.3
2016,Île-du-Prince-Édouard,50 à 64 ans,Femmes,11,8.3
2016,Île-du-Prince-Édouard,65 ans et plus,Les deux sexes,11,4.0
2016,Île-du-Prince-Édouard,65 ans et plus,Hommes,11,
2016,Île-du-Prince-Édouard,65 ans et plus,Femmes,11,
2016,Nouvelle-Écosse,"Total, 12 ans et plus",Les deux sexes,12,21.1
2016,Nouvelle-Écosse,"Total, 12 ans et plus",Hommes,12,27.4
2016,Nouvelle-Écosse,"Total, 12 ans et plus",Femmes,12,15.1
2016,Nouvelle-Écosse,12 à 17 ans,Les deux sexes,12,
2016,Nouvelle-Écosse,12 à 17 ans,Hommes,12,
2016,Nouvelle-Écosse,12 à 17 ans,Femmes,12,
2016,Nouvelle-Écosse,18 à 34 ans,Les deux sexes,12,37.0
2016,Nouvelle-Écosse,18 à 34 ans,Hommes,12,45.3
2016,Nouvelle-Écosse,18 à 34 ans,Femmes,12,28.6
2016,Nouvelle-Écosse,35 à 49 ans,Les deux sexes,12,24.2
2016,Nouvelle-Écosse,35 à 49 ans,Hommes,12,31.4
2016,Nouvelle-Écosse,35 à 49 ans,Femmes,12,17.4
2016,Nouvelle-Écosse,50 à 64 ans,Les deux sexes,12,19.8
2016,Nouvelle-Écosse,50 à 64 ans,Hommes,12,26.4
2016,Nouvelle-Écosse,50 à 64 ans,Femmes,12,13.7
2016,Nouvelle-Écosse,65 ans et plus,Les deux sexes,12,7.5
2016,Nouvelle-Écosse,65 ans et plus,Hommes,12,12.0
2016,Nouvelle-Écosse,65 ans et plus,Femmes,12,
2016,Nouveau-Brunswick,"Total, 12 ans et plus",Les deux sexes,13,20.1
2016,Nouveau-Brunswick,"Total, 12 ans et plus",Hommes,13,27.9
2016,Nouveau-Brunswick,"Total, 12 ans et plus",Femmes,13,12.6
2016,Nouveau-Brunswick,12 à 17 ans,Les deux sexes,13,
2016,Nouveau-Brunswick,12 à 17 ans,Hommes,13,
2016,Nouveau-Brunswick,12 à 17 ans,Femmes,13,
2016,Nouveau-Brunswick,18 à 34 ans,Les deux sexes,13,29.1
2016,Nouveau-Brunswick,18 à 34 ans,Hommes,13,37.3
2016,Nouveau-Brunswick,18 à 34 ans,Femmes,13,20.6
2016,Nouveau-Brunswick,35 à 49 ans,Les deux sexes,13,29.4
2016,Nouveau-Brunswick,35 à 49 ans,Hommes,13,38.2
2016,Nouveau-Brunswick,35 à 49 ans,Femmes,13,21.2
2016,Nouveau-Brunswick,50 à 64 ans,Les deux sexes,13,21.1
2016,Nouveau-Brunswick,50 à 64 ans,Hommes,13,33.5
2016,Nouveau-Brunswick,50 à 64 ans,Femmes,13,9.3
2016,Nouveau-Brunswick,65 ans et plus,Les deux sexes,13,5.1
2016,Nouveau-Brunswick,65 ans et plus,Hommes,13,7.5
2016,Nouveau-Brunswick,65 ans et plus,Femmes,13,
2016,Québec,"Total, 12 ans et plus",Les deux sexes,24,22.2
2016,Québec,"Total, 12 ans et plus",Hommes,24,25.5
2016,Québec,"Total, 12 ans et plus",Femmes,24,19.0
2016,Québec,12 à 17 ans,Les deux sexes,24,6.8
2016,Québec,12 à 17 ans,Hommes,24,5.8
2016,Québec,12 à 17 ans,Femmes,24,7.9
2016,Québec,18 à 34 ans,Les deux sexes,24,32.7
2016,Québec,18 à 34 ans,Hommes,24,36.6
2016,Québec,18 à 34 ans,Femmes,24,28.7
2016,Québec,35 à 49 ans,Les deux sexes,24,27.0
2016,Québec,35 à 49 ans,Hommes,24,28.7
2016,Québec,35 à 49 ans,Femmes,24,25.1
2016,Québec,50 à 64 ans,Les deux sexes,24,22.2
2016,Québec,50 à 64 ans,Hommes,24,26.8
2016,Québec,50 à 64 ans,Femmes,24,17.5
2016,Québec,65 ans et plus,Les deux sexes,24,8.9
2016,Québec,65 ans et plus,Hommes,24,11.7
2016,Québec,65 ans et plus,Femmes,24,6.6
2016,Ontario,"Total, 12 ans et plus",Les deux sexes,35,17.5
2016,Ontario,"Total, 12 ans et plus",Hommes,35,22.8
2016,Ontario,"Total, 12 ans et plus",Femmes,35,12.4
2016,Ontario,12 à 17 ans,Les deux sexes,35,3.2
2016,Ontario,12 à 17 ans,Hommes,35,3.6
2016,Ontario,12 à 17 ans,Femmes,35,
2016,Ontario,18 à 34 ans,Les deux sexes,35,27.8
2016,Ontario,18 à 34 ans,Hommes,35,32.8
2016,Ontario,18 à 34 ans,Femmes,35,22.8
2016,Ontario,35 à 49 ans,Les deux sexes,35,18.0
2016,Ontario,35 à 49 ans,Hommes,35,24.9
2016,Ontario,35 à 49 ans,Femmes,35,11.4
2016,Ontario,50 à 64 ans,Les deux sexes,35,18.2
2016,Ontario,50 à 64 ans,Hommes,35,24.2
2016,Ontario,50 à 64 ans,Femmes,35,12.3
2016,Ontario,65 ans et plus,Les deux sexes,35,6.7
2016,Ontario,65 ans et plus,Hommes,35,10.6
2016,Ontario,65 ans et plus,Femmes,35,3.4
2016,Manitoba,"Total, 12 ans et plus",Les deux sexes,46,16.8
2016,Manitoba,"Total, 12 ans et plus",Hommes,46,20.5
2016,Manitoba,"Total, 12 ans et plus",Femmes,46,13.1
2016,Manitoba,12 à 17 ans,Les deux sexes,46,
2016,Manitoba,12 à 17 ans,Hommes,46,
2016,Manitoba,12 à 17 ans,Femmes,46,
2016,Manitoba,18 à 34 ans,Les deux sexes,46,26.5
2016,Manitoba,18 à 34 ans,Hommes,46,31.6
2016,Manitoba,18 à 34 ans,Femmes,46,21.4
2016,Manitoba,35 à 49 ans,Les deux sexes,46,20.4
2016,Manitoba,35 à 49 ans,Hommes,46,22.7
2016,Manitoba,35 à 49 ans,Femmes,46,18.2
2016,Manitoba,50 à 64 ans,Les deux sexes,46,15.7
2016,Manitoba,50 à 64 ans,Hommes,46,20.8
2016,Manitoba,50 à 64 ans,Femmes,46,10.3
2016,Manitoba,65 ans et plus,Les deux sexes,46,5.0
2016,Manitoba,65 ans et plus,Hommes,46,7.6
2016,Manitoba,65 ans et plus,Femmes,46,2.8
2016,Saskatchewan,"Total, 12 ans et plus",Les deux sexes,47,18.8
2016,Saskatchewan,"Total, 12 ans et plus",Hommes,47,24.9
2016,Saskatchewan,"Total, 12 ans et plus",Femmes,47,12.7
2016,Saskatchewan,12 à 17 ans,Les deux sexes,47,4.7
2016,Saskatchewan,12 à 17 ans,Hommes,47,
2016,Saskatchewan,12 à 17 ans,Femmes,47,
2016,Saskatchewan,18 à 34 ans,Les deux sexes,47,33.5
2016,Saskatchewan,18 à 34 ans,Hommes,47,43.6
2016,Saskatchewan,18 à 34 ans,Femmes,47,22.7
2016,Saskatchewan,35 à 49 ans,Les deux sexes,47,19.5
2016,Saskatchewan,35 à 49 ans,Hommes,47,27.1
2016,Saskatchewan,35 à 49 ans,Femmes,47,11.7
2016,Saskatchewan,50 à 64 ans,Les deux sexes,47,16.0
2016,Saskatchewan,50 à 64 ans,Hommes,47,19.4
2016,Saskatchewan,50 à 64 ans,Femmes,47,12.5
2016,Saskatchewan,65 ans et plus,Les deux sexes,47,4.0
2016,Saskatchewan,65 ans et plus,Hommes,47,5.7
2016,Saskatchewan,65 ans et plus,Femmes,47,
2016,Alberta,"Total, 12 ans et plus",Les deux sexes,48,19.1
2016,Alberta,"Total, 12 ans et plus",Hommes,48,24.6
2016,Alberta,"Total, 12 ans et plus",Femmes,48,13.4
2016,Alberta,12 à 17 ans,Les deux sexes,48,
2016,Alberta,12 à 17 ans,Hommes,48,
2016,Alberta,12 à 17 ans,Femmes,48,
2016,Alberta,18 à 34 ans,Les deux sexes,48,28.6
2016,Alberta,18 à 34 ans,Hommes,48,35.7
2016,Alberta,18 à 34 ans,Femmes,48,21.1
2016,Alberta,35 à 49 ans,Les deux sexes,48,21.0
2016,Alberta,35 à 49 ans,Hommes,48,28.1
2016,Alberta,35 à 49 ans,Femmes,48,13.4
2016,Alberta,50 à 64 ans,Les deux sexes,48,18.0
2016,Alberta,50 à 64 ans,Hommes,48,22.1
2016,Alberta,50 à 64 ans,Femmes,48,13.6
2016,Alberta,65 ans et plus,Les deux sexes,48,5.7
2016,Alberta,65 ans et plus,Hommes,48,8.9
2016,Alberta,65 ans et plus,Femmes,48,2.9
2016,Colombie-Britannique,"Total, 12 ans et plus",Les deux sexes,59,16.7
2016,Colombie-Britannique,"Total, 12 ans et plus",Hommes,59,21.5
2016,Colombie-Britannique,"Total, 12 ans et plus",Femmes,59,12.1
2016,Colombie-Britannique,12 à 17 ans,Les deux sexes,59,4.3
2016,Colombie-Britannique,12 à 17 ans,Hommes,59,
2016,Colombie-Britannique,12 à 17 ans,Femmes,59,4.2
2016,Colombie-Britannique,18 à 34 ans,Les deux sexes,59,24.1
2016,Colombie-Britannique,18 à 34 ans,Hommes,59,30.2
2016,Colombie-Britannique,18 à 34 ans,Femmes,59,17.9
2016,Colombie-Britannique,35 à 49 ans,Les deux sexes,59,22.1
2016,Colombie-Britannique,35 à 49 ans,Hommes,59,28.2
2016,Colombie-Britannique,35 à 49 ans,Femmes,59,16.3
2016,Colombie-Britannique,50 à 64 ans,Les deux sexes,59,15.2
2016,Colombie-Britannique,50 à 64 ans,Hommes,59,19.7
2016,Colombie-Britannique,50 à 64 ans,Femmes,59,10.8
2016,Colombie-Britannique,65 ans et plus,Les deux sexes,59,7.3
2016,Colombie-Britannique,65 ans et plus,Hommes,59,10.3
2016,Colombie-Britannique,65 ans et plus,Femmes,59,4.5
2017,Canada,"Total, 12 ans et plus",Hommes,,23.8
2017,Canada,"Total, 12 ans et plus",Femmes,,15.4
2017,Canada,12 à 17 ans,Les deux sexes,,4.2
2017,Canada,12 à 17 ans,Hommes,,4.0
2017,Canada,12 à 17 ans,Femmes,,4.5
2017,Canada,18 à 34 ans,Les deux sexes,,29.7
2017,Canada,18 à 34 ans,Hommes,,34.8
2017,Canada,18 à 34 ans,Femmes,,24.5
2017,Canada,35 à 49 ans,Les deux sexes,,23.1
2017,Canada,35 à 49 ans,Hommes,,27.5
2017,Canada,35 à 49 ans,Femmes,,18.8
2017,Canada,50 à 64 ans,Les deux sexes,,18.8
2017,Canada,50 à 64 ans,Hommes,,23.4
2017,Canada,50 à 64 ans,Femmes,,14.2
2017,Canada,65 ans et plus,Les deux sexes,,7.8
2017,Canada,65 ans et plus,Hommes,,11.1
2017,Canada,65 ans et plus,Femmes,,4.9
2017,Terre-Neuve-et-Labrador,"Total, 12 ans et plus",Les deux sexes,10,25.7
2017,Terre-Neuve-et-Labrador,"Total, 12 ans et plus",Hommes,10,34.0
2017,Terre-Neuve-et-Labrador,"Total, 12 ans et plus",Femmes,10,17.8
2017,Terre-Neuve-et-Labrador,12 à 17 ans,Les deux sexes,10,
2017,Terre-Neuve-et-Labrador,12 à 17 ans,Hommes,10,
2017,Terre-Neuve-et-Labrador,12 à 17 ans,Femmes,10,
2017,Terre-Neuve-et-Labrador,18 à 34 ans,Les deux sexes,10,36.2
2017,Terre-Neuve-et-Labrador,18 à 34 ans,Hommes,10,41.7
2017,Terre-Neuve-et-Labrador,18 à 34 ans,Femmes,10,30.6
2017,Terre-Neuve-et-Labrador,35 à 49 ans,Les deux sexes,10,35.3
2017,Terre-Neuve-et-Labrador,35 à 49 ans,Hommes,10,41.8
2017,Terre-Neuve-et-Labrador,35 à 49 ans,Femmes,10,29.2
2017,Terre-Neuve-et-Labrador,50 à 64 ans,Les deux sexes,10,28.5
2017,Terre-Neuve-et-Labrador,50 à 64 ans,Hommes,10,42.4
2017,Terre-Neuve-et-Labrador,50 à 64 ans,Femmes,10,15.1
2017,Terre-Neuve-et-Labrador,65 ans et plus,Les deux sexes,10,9.1
2017,Terre-Neuve-et-Labrador,65 ans et plus,Hommes,10,16.8
2017,Terre-Neuve-et-Labrador,65 ans et plus,Femmes,10,
2017,Île-du-Prince-Édouard,"Total, 12 ans et plus",Les deux sexes,11,16.7
2017,Île-du-Prince-Édouard,"Total, 12 ans et plus",Hommes,11,22.4
2017,Île-du-Prince-Édouard,"Total, 12 ans et plus",Femmes,11,11.3
2017,Île-du-Prince-Édouard,12 à 17 ans,Les deux sexes,11,
2017,Île-du-Prince-Édouard,12 à 17 ans,Hommes,11,
2017,Île-du-Prince-Édouard,12 à 17 ans,Femmes,11,
2017,Île-du-Prince-Édouard,18 à 34 ans,Les deux sexes,11,30.7
2017,Île-du-Prince-Édouard,18 à 34 ans,Hommes,11,40.2
2017,Île-du-Prince-Édouard,18 à 34 ans,Femmes,11,21.1
2017,Île-du-Prince-Édouard,35 à 49 ans,Les deux sexes,11,16.8
2017,Île-du-Prince-Édouard,35 à 49 ans,Hommes,11,22.5
2017,Île-du-Prince-Édouard,35 à 49 ans,Femmes,11,11.7
2017,Île-du-Prince-Édouard,50 à 64 ans,Les deux sexes,11,13.7
2017,Île-du-Prince-Édouard,50 à 64 ans,Hommes,11,17.5
2017,Île-du-Prince-Édouard,50 à 64 ans,Femmes,11,
2017,Île-du-Prince-Édouard,65 ans et plus,Les deux sexes,11,9.8
2017,Île-du-Prince-Édouard,65 ans et plus,Hommes,11,15.7
2017,Île-du-Prince-Édouard,65 ans et plus,Femmes,11,
2017,Nouvelle-Écosse,"Total, 12 ans et plus",Les deux sexes,12,22.3
2017,Nouvelle-Écosse,"Total, 12 ans et plus",Hommes,12,28.4
2017,Nouvelle-Écosse,"Total, 12 ans et plus",Femmes,12,16.7
2017,Nouvelle-Écosse,12 à 17 ans,Les deux sexes,12,
2017,Nouvelle-Écosse,12 à 17 ans,Hommes,12,
2017,Nouvelle-Écosse,12 à 17 ans,Femmes,12,
2017,Nouvelle-Écosse,18 à 34 ans,Les deux sexes,12,33.0
2017,Nouvelle-Écosse,18 à 34 ans,Hommes,12,40.5
2017,Nouvelle-Écosse,18 à 34 ans,Femmes,12,25.5
2017,Nouvelle-Écosse,35 à 49 ans,Les deux sexes,12,31.6
2017,Nouvelle-Écosse,35 à 49 ans,Hommes,12,34.8
2017,Nouvelle-Écosse,35 à 49 ans,Femmes,12,28.6
2017,Nouvelle-Écosse,50 à 64 ans,Les deux sexes,12,21.6
2017,Nouvelle-Écosse,50 à 64 ans,Hommes,12,29.6
2017,Nouvelle-Écosse,50 à 64 ans,Femmes,12,14.2
2017,Nouvelle-Écosse,65 ans et plus,Les deux sexes,12,9.0
2017,Nouvelle-Écosse,65 ans et plus,Hommes,12,14.4
2017,Nouvelle-Écosse,65 ans et plus,Femmes,12,4.4
2017,Nouveau-Brunswick,"Total, 12 ans et plus",Les deux sexes,13,20.5
2017,Nouveau-Brunswick,"Total, 12 ans et plus",Hommes,13,27.1
2017,Nouveau-Brunswick,"Total, 12 ans et plus",Femmes,13,14.3
2017,Nouveau-Brunswick,12 à 17 ans,Les deux sexes,13,
2017,Nouveau-Brunswick,12 à 17 ans,Hommes,13,
2017,Nouveau-Brunswick,12 à 17 ans,Femmes,13,
2017,Nouveau-Brunswick,18 à 34 ans,Les deux sexes,13,27.9
2017,Nouveau-Brunswick,18 à 34 ans,Hommes,13,32.7
2017,Nouveau-Brunswick,18 à 34 ans,Femmes,13,23.1
2017,Nouveau-Brunswick,35 à 49 ans,Les deux sexes,13,29.6
2017,Nouveau-Brunswick,35 à 49 ans,Hommes,13,36.6
2017,Nouveau-Brunswick,35 à 49 ans,Femmes,13,23.0
2017,Nouveau-Brunswick,50 à 64 ans,Les deux sexes,13,21.1
2017,Nouveau-Brunswick,50 à 64 ans,Hommes,13,30.3
2017,Nouveau-Brunswick,50 à 64 ans,Femmes,13,12.4
2017,Nouveau-Brunswick,65 ans et plus,Les deux sexes,13,9.2
2017,Nouveau-Brunswick,65 ans et plus,Hommes,13,14.9
2017,Nouveau-Brunswick,65 ans et plus,Femmes,13,4.2
2017,Québec,"Total, 12 ans et plus",Les deux sexes,24,22.8
2017,Québec,"Total, 12 ans et plus",Hommes,24,26.9
2017,Québec,"Total, 12 ans et plus",Femmes,24,18.7
2017,Québec,12 à 17 ans,Les deux sexes,24,8.0
2017,Québec,12 à 17 ans,Hommes,24,9.6
2017,Québec,12 à 17 ans,Femmes,24,6.3
2017,Québec,18 à 34 ans,Les deux sexes,24,35.1
2017,Québec,18 à 34 ans,Hommes,24,42.0
2017,Québec,18 à 34 ans,Femmes,24,28.1
2017,Québec,35 à 49 ans,Les deux sexes,24,26.6
2017,Québec,35 à 49 ans,Hommes,24,29.3
2017,Québec,35 à 49 ans,Femmes,24,23.8
2017,Québec,50 à 64 ans,Les deux sexes,24,22.1
2017,Québec,50 à 64 ans,Hommes,24,25.4
2017,Québec,50 à 64 ans,Femmes,24,18.8
2017,Québec,65 ans et plus,Les deux sexes,24,9.4
2017,Québec,65 ans et plus,Hommes,24,12.5
2017,Québec,65 ans et plus,Femmes,24,6.8
2017,Ontario,"Total, 12 ans et plus",Les deux sexes,35,17.9
2017,Ontario,"Total, 12 ans et plus",Hommes,35,21.5
2017,Ontario,"Total, 12 ans et plus",Femmes,35,14.4
2017,Ontario,12 à 17 ans,Les deux sexes,35,3.8
2017,Ontario,12 à 17 ans,Hommes,35,2.6
2017,Ontario,12 à 17 ans,Femmes,35,5.1
2017,Ontario,18 à 34 ans,Les deux sexes,35,26.9
2017,Ontario,18 à 34 ans,Hommes,35,30.8
2017,Ontario,18 à 34 ans,Femmes,35,23.0
2017,Ontario,35 à 49 ans,Les deux sexes,35,20.7
2017,Ontario,35 à 49 ans,Hommes,35,24.7
2017,Ontario,35 à 49 ans,Femmes,35,16.8
2017,Ontario,50 à 64 ans,Les deux sexes,35,18.0
2017,Ontario,50 à 64 ans,Hommes,35,22.4
2017,Ontario,50 à 64 ans,Femmes,35,13.7
2017,Ontario,65 ans et plus,Les deux sexes,35,7.0
2017,Ontario,65 ans et plus,Hommes,35,9.8
2017,Ontario,65 ans et plus,Femmes,35,4.6
2017,Manitoba,"Total, 12 ans et plus",Les deux sexes,46,16.7
2017,Manitoba,"Total, 12 ans et plus",Hommes,46,21.6
2017,Manitoba,"Total, 12 ans et plus",Femmes,46,11.8
2017,Manitoba,12 à 17 ans,Les deux sexes,46,
2017,Manitoba,12 à 17 ans,Hommes,46,
2017,Manitoba,12 à 17 ans,Femmes,46,
2017,Manitoba,18 à 34 ans,Les deux sexes,46,23.3
2017,Manitoba,18 à 34 ans,Hommes,46,26.9
2017,Manitoba,18 à 34 ans,Femmes,46,19.7
2017,Manitoba,35 à 49 ans,Les deux sexes,46,25.2
2017,Manitoba,35 à 49 ans,Hommes,46,36.2
2017,Manitoba,35 à 49 ans,Femmes,46,14.5
2017,Manitoba,50 à 64 ans,Les deux sexes,46,14.4
2017,Manitoba,50 à 64 ans,Hommes,46,18.9
2017,Manitoba,50 à 64 ans,Femmes,46,9.9
2017,Manitoba,65 ans et plus,Les deux sexes,46,5.5
2017,Manitoba,65 ans et plus,Hommes,46,7.1
2017,Manitoba,65 ans et plus,Femmes,46,4.1
2017,Saskatchewan,"Total, 12 ans et plus",Les deux sexes,47,21.9
2017,Saskatchewan,"Total, 12 ans et plus",Hommes,47,27.8
2017,Saskatchewan,"Total, 12 ans et plus",Femmes,47,16.0
2017,Saskatchewan,12 à 17 ans,Les deux sexes,47,
2017,Saskatchewan,12 à 17 ans,Hommes,47,
2017,Saskatchewan,12 à 17 ans,Femmes,47,
2017,Saskatchewan,18 à 34 ans,Les deux sexes,47,33.6
2017,Saskatchewan,18 à 34 ans,Hommes,47,39.6
2017,Saskatchewan,18 à 34 ans,Femmes,47,27.1
2017,Saskatchewan,35 à 49 ans,Les deux sexes,47,27.8
2017,Saskatchewan,35 à 49 ans,Hommes,47,32.9
2017,Saskatchewan,35 à 49 ans,Femmes,47,22.6
2017,Saskatchewan,50 à 64 ans,Les deux sexes,47,19.1
2017,Saskatchewan,50 à 64 ans,Hommes,47,27.8
2017,Saskatchewan,50 à 64 ans,Femmes,47,10.1
2017,Saskatchewan,65 ans et plus,Les deux sexes,47,6.2
2017,Saskatchewan,65 ans et plus,Hommes,47,10.6
2017,Saskatchewan,65 ans et plus,Femmes,47,
2017,Alberta,"Total, 12 ans et plus",Les deux sexes,48,19.4
2017,Alberta,"Total, 12 ans et plus",Hommes,48,23.9
2017,Alberta,"Total, 12 ans et plus",Femmes,48,14.9
2017,Alberta,12 à 17 ans,Les deux sexes,48,2.9
2017,Alberta,12 à 17 ans,Hommes,48,2.7
2017,Alberta,12 à 17 ans,Femmes,48,
2017,Alberta,18 à 34 ans,Les deux sexes,48,29.5
2017,Alberta,18 à 34 ans,Hommes,48,34.2
2017,Alberta,18 à 34 ans,Femmes,48,24.6
2017,Alberta,35 à 49 ans,Les deux sexes,48,23.1
2017,Alberta,35 à 49 ans,Hommes,48,28.0
2017,Alberta,35 à 49 ans,Femmes,48,17.9
2017,Alberta,50 à 64 ans,Les deux sexes,48,15.0
2017,Alberta,50 à 64 ans,Hommes,48,20.6
2017,Alberta,50 à 64 ans,Femmes,48,9.1
2017,Alberta,65 ans et plus,Les deux sexes,48,7.4
2017,Alberta,65 ans et plus,Hommes,48,10.0
2017,Alberta,65 ans et plus,Femmes,48,5.1
2017,Colombie-Britannique,"Total, 12 ans et plus",Les deux sexes,59,17.6
2017,Colombie-Britannique,"Total, 12 ans et plus",Hommes,59,22.3
2017,Colombie-Britannique,"Total, 12 ans et plus",Femmes,59,13.2
2017,Colombie-Britannique,12 à 17 ans,Les deux sexes,59,1.8
2017,Colombie-Britannique,12 à 17 ans,Hommes,59,
2017,Colombie-Britannique,12 à 17 ans,Femmes,59,
2017,Colombie-Britannique,18 à 34 ans,Les deux sexes,59,29.3
2017,Colombie-Britannique,18 à 34 ans,Hommes,59,35.5
2017,Colombie-Britannique,18 à 34 ans,Femmes,59,23.2
2017,Colombie-Britannique,35 à 49 ans,Les deux sexes,59,18.9
2017,Colombie-Britannique,35 à 49 ans,Hommes,59,24.3
2017,Colombie-Britannique,35 à 49 ans,Femmes,59,13.7
2017,Colombie-Britannique,50 à 64 ans,Les deux sexes,59,17.1
2017,Colombie-Britannique,50 à 64 ans,Hommes,59,20.9
2017,Colombie-Britannique,50 à 64 ans,Femmes,59,13.5
2017,Colombie-Britannique,65 ans et plus,Les deux sexes,59,7.4
2017,Colombie-Britannique,65 ans et plus,Hommes,59,11.7
2017,Colombie-Britannique,65 ans et plus,Femmes,59,3.4
2018,Canada,"Total, 12 ans et plus",Hommes,,23.5
2018,Canada,"Total, 12 ans et plus",Femmes,,14.8
2018,Canada,12 à 17 ans,Les deux sexes,,3.4
2018,Canada,12 à 17 ans,Hommes,,2.9
2018,Canada,12 à 17 ans,Femmes,,4.0
2018,Canada,18 à 34 ans,Les deux sexes,,28.7
2018,Canada,18 à 34 ans,Hommes,,33.5
2018,Canada,18 à 34 ans,Femmes,,23.8
2018,Canada,35 à 49 ans,Les deux sexes,,22.9
2018,Canada,35 à 49 ans,Hommes,,28.4
2018,Canada,35 à 49 ans,Femmes,,17.5
2018,Canada,50 à 64 ans,Les deux sexes,,19.0
2018,Canada,50 à 64 ans,Hommes,,23.7
2018,Canada,50 à 64 ans,Femmes,,14.2
2018,Canada,65 ans et plus,Les deux sexes,,7.4
2018,Canada,65 ans et plus,Hommes,,10.6
2018,Canada,65 ans et plus,Femmes,,4.6
2018,Terre-Neuve-et-Labrador,"Total, 12 ans et plus",Les deux sexes,10,27.7
2018,Terre-Neuve-et-Labrador,"Total, 12 ans et plus",Hommes,10,35.5
2018,Terre-Neuve-et-Labrador,"Total, 12 ans et plus",Femmes,10,19.9
2018,Terre-Neuve-et-Labrador,12 à 17 ans,Les deux sexes,10,
2018,Terre-Neuve-et-Labrador,12 à 17 ans,Hommes,10,
2018,Terre-Neuve-et-Labrador,12 à 17 ans,Femmes,10,
2018,Terre-Neuve-et-Labrador,18 à 34 ans,Les deux sexes,10,40.5
2018,Terre-Neuve-et-Labrador,18 à 34 ans,Hommes,10,47.0
2018,Terre-Neuve-et-Labrador,18 à 34 ans,Femmes,10,33.3
2018,Terre-Neuve-et-Labrador,35 à 49 ans,Les deux sexes,10,33.8
2018,Terre-Neuve-et-Labrador,35 à 49 ans,Hommes,10,45.5
2018,Terre-Neuve-et-Labrador,35 à 49 ans,Femmes,10,23.1
2018,Terre-Neuve-et-Labrador,50 à 64 ans,Les deux sexes,10,33.1
2018,Terre-Neuve-et-Labrador,50 à 64 ans,Hommes,10,41.0
2018,Terre-Neuve-et-Labrador,50 à 64 ans,Femmes,10,25.1
2018,Terre-Neuve-et-Labrador,65 ans et plus,Les deux sexes,10,11.2
2018,Terre-Neuve-et-Labrador,65 ans et plus,Hommes,10,18.4
2018,Terre-Neuve-et-Labrador,65 ans et plus,Femmes,10,4.9
2018,Île-du-Prince-Édouard,"Total, 12 ans et plus",Les deux sexes,11,17.5
2018,Île-du-Prince-Édouard,"Total, 12 ans et plus",Hommes,11,25.5
2018,Île-du-Prince-Édouard,"Total, 12 ans et plus",Femmes,11,9.8
2018,Île-du-Prince-Édouard,12 à 17 ans,Les deux sexes,11,
2018,Île-du-Prince-Édouard,12 à 17 ans,Hommes,11,
2018,Île-du-Prince-Édouard,12 à 17 ans,Femmes,11,
2018,Île-du-Prince-Édouard,18 à 34 ans,Les deux sexes,11,29.9
2018,Île-du-Prince-Édouard,18 à 34 ans,Hommes,11,42.1
2018,Île-du-Prince-Édouard,18 à 34 ans,Femmes,11,17.3
2018,Île-du-Prince-Édouard,35 à 49 ans,Les deux sexes,11,15.6
2018,Île-du-Prince-Édouard,35 à 49 ans,Hommes,11,23.0
2018,Île-du-Prince-Édouard,35 à 49 ans,Femmes,11,8.6
2018,Île-du-Prince-Édouard,50 à 64 ans,Les deux sexes,11,19.6
2018,Île-du-Prince-Édouard,50 à 64 ans,Hommes,11,27.3
2018,Île-du-Prince-Édouard,50 à 64 ans,Femmes,11,12.3
2018,Île-du-Prince-Édouard,65 ans et plus,Les deux sexes,11,7.8
2018,Île-du-Prince-Édouard,65 ans et plus,Hommes,11,15.0
2018,Île-du-Prince-Édouard,65 ans et plus,Femmes,11,
2018,Nouvelle-Écosse,"Total, 12 ans et plus",Les deux sexes,12,19.2
2018,Nouvelle-Écosse,"Total, 12 ans et plus",Hommes,12,25.5
2018,Nouvelle-Écosse,"Total, 12 ans et plus",Femmes,12,13.3
2018,Nouvelle-Écosse,12 à 17 ans,Les deux sexes,12,
2018,Nouvelle-Écosse,12 à 17 ans,Hommes,12,
2018,Nouvelle-Écosse,12 à 17 ans,Femmes,12,
2018,Nouvelle-Écosse,18 à 34 ans,Les deux sexes,12,29.1
2018,Nouvelle-Écosse,18 à 34 ans,Hommes,12,36.0
2018,Nouvelle-Écosse,18 à 34 ans,Femmes,12,22.4
2018,Nouvelle-Écosse,35 à 49 ans,Les deux sexes,12,20.8
2018,Nouvelle-Écosse,35 à 49 ans,Hommes,12,26.8
2018,Nouvelle-Écosse,35 à 49 ans,Femmes,12,15.2
2018,Nouvelle-Écosse,50 à 64 ans,Les deux sexes,12,22.5
2018,Nouvelle-Écosse,50 à 64 ans,Hommes,12,29.8
2018,Nouvelle-Écosse,50 à 64 ans,Femmes,12,15.6
2018,Nouvelle-Écosse,65 ans et plus,Les deux sexes,12,8.5
2018,Nouvelle-Écosse,65 ans et plus,Hommes,12,14.5
2018,Nouvelle-Écosse,65 ans et plus,Femmes,12,3.5
2018,Nouveau-Brunswick,"Total, 12 ans et plus",Les deux sexes,13,18.1
2018,Nouveau-Brunswick,"Total, 12 ans et plus",Hommes,13,24.5
2018,Nouveau-Brunswick,"Total, 12 ans et plus",Femmes,13,11.9
2018,Nouveau-Brunswick,12 à 17 ans,Les deux sexes,13,
2018,Nouveau-Brunswick,12 à 17 ans,Hommes,13,
2018,Nouveau-Brunswick,12 à 17 ans,Femmes,13,
2018,Nouveau-Brunswick,18 à 34 ans,Les deux sexes,13,30.3
2018,Nouveau-Brunswick,18 à 34 ans,Hommes,13,38.8
2018,Nouveau-Brunswick,18 à 34 ans,Femmes,13,21.4
2018,Nouveau-Brunswick,35 à 49 ans,Les deux sexes,13,21.6
2018,Nouveau-Brunswick,35 à 49 ans,Hommes,13,34.1
2018,Nouveau-Brunswick,35 à 49 ans,Femmes,13,9.7
2018,Nouveau-Brunswick,50 à 64 ans,Les deux sexes,13,18.1
2018,Nouveau-Brunswick,50 à 64 ans,Hommes,13,22.0
2018,Nouveau-Brunswick,50 à 64 ans,Femmes,13,14.5
2018,Nouveau-Brunswick,65 ans et plus,Les deux sexes,13,7.0
2018,Nouveau-Brunswick,65 ans et plus,Hommes,13,10.9
2018,Nouveau-Brunswick,65 ans et plus,Femmes,13,
2018,Québec,"Total, 12 ans et plus",Les deux sexes,24,21.2
2018,Québec,"Total, 12 ans et plus",Hommes,24,24.7
2018,Québec,"Total, 12 ans et plus",Femmes,24,17.7
2018,Québec,12 à 17 ans,Les deux sexes,24,6.6
2018,Québec,12 à 17 ans,Hommes,24,7.0
2018,Québec,12 à 17 ans,Femmes,24,6.2
2018,Québec,18 à 34 ans,Les deux sexes,24,32.8
2018,Québec,18 à 34 ans,Hommes,24,37.0
2018,Québec,18 à 34 ans,Femmes,24,28.6
2018,Québec,35 à 49 ans,Les deux sexes,24,25.7
2018,Québec,35 à 49 ans,Hommes,24,30.4
2018,Québec,35 à 49 ans,Femmes,24,20.9
2018,Québec,50 à 64 ans,Les deux sexes,24,19.9
2018,Québec,50 à 64 ans,Hommes,24,22.1
2018,Québec,50 à 64 ans,Femmes,24,17.6
2018,Québec,65 ans et plus,Les deux sexes,24,9.0
2018,Québec,65 ans et plus,Hommes,24,12.3
2018,Québec,65 ans et plus,Femmes,24,6.2
2018,Ontario,"Total, 12 ans et plus",Les deux sexes,35,17.3
2018,Ontario,"Total, 12 ans et plus",Hommes,35,21.6
2018,Ontario,"Total, 12 ans et plus",Femmes,35,13.3
2018,Ontario,12 à 17 ans,Les deux sexes,35,2.7
2018,Ontario,12 à 17 ans,Hommes,35,
2018,Ontario,12 à 17 ans,Femmes,35,3.2
2018,Ontario,18 à 34 ans,Les deux sexes,35,25.7
2018,Ontario,18 à 34 ans,Hommes,35,30.5
2018,Ontario,18 à 34 ans,Femmes,35,20.9
2018,Ontario,35 à 49 ans,Les deux sexes,35,21.1
2018,Ontario,35 à 49 ans,Hommes,35,26.0
2018,Ontario,35 à 49 ans,Femmes,35,16.5
2018,Ontario,50 à 64 ans,Les deux sexes,35,17.8
2018,Ontario,50 à 64 ans,Hommes,35,23.3
2018,Ontario,50 à 64 ans,Femmes,35,12.4
2018,Ontario,65 ans et plus,Les deux sexes,35,6.2
2018,Ontario,65 ans et plus,Hommes,35,8.2
2018,Ontario,65 ans et plus,Femmes,35,4.4
2018,Manitoba,"Total, 12 ans et plus",Les deux sexes,46,16.0
2018,Manitoba,"Total, 12 ans et plus",Hommes,46,19.6
2018,Manitoba,"Total, 12 ans et plus",Femmes,46,12.4
2018,Manitoba,12 à 17 ans,Les deux sexes,46,
2018,Manitoba,12 à 17 ans,Hommes,46,
2018,Manitoba,12 à 17 ans,Femmes,46,
2018,Manitoba,18 à 34 ans,Les deux sexes,46,21.9
2018,Manitoba,18 à 34 ans,Hommes,46,28.6
2018,Manitoba,18 à 34 ans,Femmes,46,14.9
2018,Manitoba,35 à 49 ans,Les deux sexes,46,19.3
2018,Manitoba,35 à 49 ans,Hommes,46,22.3
2018,Manitoba,35 à 49 ans,Femmes,46,16.3
2018,Manitoba,50 à 64 ans,Les deux sexes,46,18.3
2018,Manitoba,50 à 64 ans,Hommes,46,20.8
2018,Manitoba,50 à 64 ans,Femmes,46,15.8
2018,Manitoba,65 ans et plus,Les deux sexes,46,7.1
2018,Manitoba,65 ans et plus,Hommes,46,9.0
2018,Manitoba,65 ans et plus,Femmes,46,5.4
2018,Saskatchewan,"Total, 12 ans et plus",Les deux sexes,47,20.4
2018,Saskatchewan,"Total, 12 ans et plus",Hommes,47,26.8
2018,Saskatchewan,"Total, 12 ans et plus",Femmes,47,13.8
2018,Saskatchewan,12 à 17 ans,Les deux sexes,47,
2018,Saskatchewan,12 à 17 ans,Hommes,47,
2018,Saskatchewan,12 à 17 ans,Femmes,47,
2018,Saskatchewan,18 à 34 ans,Les deux sexes,47,30.4
2018,Saskatchewan,18 à 34 ans,Hommes,47,36.4
2018,Saskatchewan,18 à 34 ans,Femmes,47,24.1
2018,Saskatchewan,35 à 49 ans,Les deux sexes,47,26.8
2018,Saskatchewan,35 à 49 ans,Hommes,47,35.1
2018,Saskatchewan,35 à 49 ans,Femmes,47,18.2
2018,Saskatchewan,50 à 64 ans,Les deux sexes,47,17.4
2018,Saskatchewan,50 à 64 ans,Hommes,47,24.6
2018,Saskatchewan,50 à 64 ans,Femmes,47,9.9
2018,Saskatchewan,65 ans et plus,Les deux sexes,47,8.6
2018,Saskatchewan,65 ans et plus,Hommes,47,14.8
2018,Saskatchewan,65 ans et plus,Femmes,47,
2018,Alberta,"Total, 12 ans et plus",Les deux sexes,48,19.3
2018,Alberta,"Total, 12 ans et plus",Hommes,48,24.2
2018,Alberta,"Total, 12 ans et plus",Femmes,48,14.3
2018,Alberta,12 à 17 ans,Les deux sexes,48,2.8
2018,Alberta,12 à 17 ans,Hommes,48,
2018,Alberta,12 à 17 ans,Femmes,48,
2018,Alberta,18 à 34 ans,Les deux sexes,48,28.0
2018,Alberta,18 à 34 ans,Hommes,48,31.9
2018,Alberta,18 à 34 ans,Femmes,48,24.0
2018,Alberta,35 à 49 ans,Les deux sexes,48,22.5
2018,Alberta,35 à 49 ans,Hommes,48,28.8
2018,Alberta,35 à 49 ans,Femmes,48,15.9
2018,Alberta,50 à 64 ans,Les deux sexes,48,17.7
2018,Alberta,50 à 64 ans,Hommes,48,24.3
2018,Alberta,50 à 64 ans,Femmes,48,10.8
2018,Alberta,65 ans et plus,Les deux sexes,48,7.2
2018,Alberta,65 ans et plus,Hommes,48,12.1
2018,Alberta,65 ans et plus,Femmes,48,2.8
2018,Colombie-Britannique,"Total, 12 ans et plus",Les deux sexes,59,20.1
2018,Colombie-Britannique,"Total, 12 ans et plus",Hommes,59,24.6
2018,Colombie-Britannique,"Total, 12 ans et plus",Femmes,59,15.7
2018,Colombie-Britannique,12 à 17 ans,Les deux sexes,59,2.9
2018,Colombie-Britannique,12 à 17 ans,Hommes,59,
2018,Colombie-Britannique,12 à 17 ans,Femmes,59,3.6
2018,Colombie-Britannique,18 à 34 ans,Les deux sexes,59,32.2
2018,Colombie-Britannique,18 à 34 ans,Hommes,59,36.9
2018,Colombie-Britannique,18 à 34 ans,Femmes,59,27.4
2018,Colombie-Britannique,35 à 49 ans,Les deux sexes,59,23.3
2018,Colombie-Britannique,35 à 49 ans,Hommes,59,29.2
2018,Colombie-Britannique,35 à 49 ans,Femmes,59,17.6
2018,Colombie-Britannique,50 à 64 ans,Les deux sexes,59,19.9
2018,Colombie-Britannique,50 à 64 ans,Hommes,59,24.8
2018,Colombie-Britannique,50 à 64 ans,Femmes,59,15.3
2018,Colombie-Britannique,65 ans et plus,Les deux sexes,59,7.3
2018,Colombie-Britannique,65 ans et plus,Hommes,59,10.9
2018,Colombie-Britannique,65 ans et plus,Femmes,59,4.1
2019,Canada,"Total, 12 ans et plus",Hommes,,22.8
2019,Canada,"Total, 12 ans et plus",Femmes,,14.0
2019,Canada,12 à 17 ans,Les deux sexes,,2.7
2019,Canada,12 à 17 ans,Hommes,,3.0
2019,Canada,12 à 17 ans,Femmes,,2.4
2019,Canada,18 à 34 ans,Les deux sexes,,26.9
2019,Canada,18 à 34 ans,Hommes,,31.9
2019,Canada,18 à 34 ans,Femmes,,21.9
2019,Canada,35 à 49 ans,Les deux sexes,,22.2
2019,Canada,35 à 49 ans,Hommes,,28.0
2019,Canada,35 à 49 ans,Femmes,,16.4
2019,Canada,50 à 64 ans,Les deux sexes,,18.8
2019,Canada,50 à 64 ans,Hommes,,23.2
2019,Canada,50 à 64 ans,Femmes,,14.5
2019,Canada,65 ans et plus,Les deux sexes,,7.6
2019,Canada,65 ans et plus,Hommes,,10.7
2019,Canada,65 ans et plus,Femmes,,4.9
2019,Terre-Neuve-et-Labrador,"Total, 12 ans et plus",Les deux sexes,10,23.6
2019,Terre-Neuve-et-Labrador,"Total, 12 ans et plus",Hommes,10,28.6
2019,Terre-Neuve-et-Labrador,"Total, 12 ans et plus",Femmes,10,18.7
2019,Terre-Neuve-et-Labrador,12 à 17 ans,Les deux sexes,10,
2019,Terre-Neuve-et-Labrador,12 à 17 ans,Hommes,10,
2019,Terre-Neuve-et-Labrador,12 à 17 ans,Femmes,10,
2019,Terre-Neuve-et-Labrador,18 à 34 ans,Les deux sexes,10,33.5
2019,Terre-Neuve-et-Labrador,18 à 34 ans,Hommes,10,34.8
2019,Terre-Neuve-et-Labrador,18 à 34 ans,Femmes,10,32.1
2019,Terre-Neuve-et-Labrador,35 à 49 ans,Les deux sexes,10,30.4
2019,Terre-Neuve-et-Labrador,35 à 49 ans,Hommes,10,38.7
2019,Terre-Neuve-et-Labrador,35 à 49 ans,Femmes,10,22.4
2019,Terre-Neuve-et-Labrador,50 à 64 ans,Les deux sexes,10,28.2
2019,Terre-Neuve-et-Labrador,50 à 64 ans,Hommes,10,32.7
2019,Terre-Neuve-et-Labrador,50 à 64 ans,Femmes,10,23.8
2019,Terre-Neuve-et-Labrador,65 ans et plus,Les deux sexes,10,9.1
2019,Terre-Neuve-et-Labrador,65 ans et plus,Hommes,10,15.7
2019,Terre-Neuve-et-Labrador,65 ans et plus,Femmes,10,3.3
2019,Île-du-Prince-Édouard,"Total, 12 ans et plus",Les deux sexes,11,20.8
2019,Île-du-Prince-Édouard,"Total, 12 ans et plus",Hommes,11,28.2
2019,Île-du-Prince-Édouard,"Total, 12 ans et plus",Femmes,11,13.6
2019,Île-du-Prince-Édouard,12 à 17 ans,Les deux sexes,11,
2019,Île-du-Prince-Édouard,12 à 17 ans,Hommes,11,
2019,Île-du-Prince-Édouard,12 à 17 ans,Femmes,11,
2019,Île-du-Prince-Édouard,18 à 34 ans,Les deux sexes,11,35.5
2019,Île-du-Prince-Édouard,18 à 34 ans,Hommes,11,50.1
2019,Île-du-Prince-Édouard,18 à 34 ans,Femmes,11,20.0
2019,Île-du-Prince-Édouard,35 à 49 ans,Les deux sexes,11,26.2
2019,Île-du-Prince-Édouard,35 à 49 ans,Hommes,11,28.2
2019,Île-du-Prince-Édouard,35 à 49 ans,Femmes,11,24.4
2019,Île-du-Prince-Édouard,50 à 64 ans,Les deux sexes,11,16.6
2019,Île-du-Prince-Édouard,50 à 64 ans,Hommes,11,25.8
2019,Île-du-Prince-Édouard,50 à 64 ans,Femmes,11,7.7
2019,Île-du-Prince-Édouard,65 ans et plus,Les deux sexes,11,8.3
2019,Île-du-Prince-Édouard,65 ans et plus,Hommes,11,13.1
2019,Île-du-Prince-Édouard,65 ans et plus,Femmes,11,4.2
2019,Nouvelle-Écosse,"Total, 12 ans et plus",Les deux sexes,12,22.0
2019,Nouvelle-Écosse,"Total, 12 ans et plus",Hommes,12,27.7
2019,Nouvelle-Écosse,"Total, 12 ans et plus",Femmes,12,16.6
2019,Nouvelle-Écosse,12 à 17 ans,Les deux sexes,12,
2019,Nouvelle-Écosse,12 à 17 ans,Hommes,12,
2019,Nouvelle-Écosse,12 à 17 ans,Femmes,12,
2019,Nouvelle-Écosse,18 à 34 ans,Les deux sexes,12,38.2
2019,Nouvelle-Écosse,18 à 34 ans,Hommes,12,41.4
2019,Nouvelle-Écosse,18 à 34 ans,Femmes,12,34.9
2019,Nouvelle-Écosse,35 à 49 ans,Les deux sexes,12,23.4
2019,Nouvelle-Écosse,35 à 49 ans,Hommes,12,32.7
2019,Nouvelle-Écosse,35 à 49 ans,Femmes,12,14.6
2019,Nouvelle-Écosse,50 à 64 ans,Les deux sexes,12,21.8
2019,Nouvelle-Écosse,50 à 64 ans,Hommes,12,28.6
2019,Nouvelle-Écosse,50 à 64 ans,Femmes,12,15.4
2019,Nouvelle-Écosse,65 ans et plus,Les deux sexes,12,9.8
2019,Nouvelle-Écosse,65 ans et plus,Hommes,12,14.0
2019,Nouvelle-Écosse,65 ans et plus,Femmes,12,6.2
2019,Nouveau-Brunswick,"Total, 12 ans et plus",Les deux sexes,13,18.6
2019,Nouveau-Brunswick,"Total, 12 ans et plus",Hommes,13,25.1
2019,Nouveau-Brunswick,"Total, 12 ans et plus",Femmes,13,12.3
2019,Nouveau-Brunswick,12 à 17 ans,Les deux sexes,13,
2019,Nouveau-Brunswick,12 à 17 ans,Hommes,13,
2019,Nouveau-Brunswick,12 à 17 ans,Femmes,13,
2019,Nouveau-Brunswick,18 à 34 ans,Les deux sexes,13,27.5
2019,Nouveau-Brunswick,18 à 34 ans,Hommes,13,35.7
2019,Nouveau-Brunswick,18 à 34 ans,Femmes,13,19.1
2019,Nouveau-Brunswick,35 à 49 ans,Les deux sexes,13,19.2
2019,Nouveau-Brunswick,35 à 49 ans,Hommes,13,28.6
2019,Nouveau-Brunswick,35 à 49 ans,Femmes,13,10.4
2019,Nouveau-Brunswick,50 à 64 ans,Les deux sexes,13,22.5
2019,Nouveau-Brunswick,50 à 64 ans,Hommes,13,28.2
2019,Nouveau-Brunswick,50 à 64 ans,Femmes,13,17.2
2019,Nouveau-Brunswick,65 ans et plus,Les deux sexes,13,9.3
2019,Nouveau-Brunswick,65 ans et plus,Hommes,13,13.7
2019,Nouveau-Brunswick,65 ans et plus,Femmes,13,5.5
2019,Québec,"Total, 12 ans et plus",Les deux sexes,24,19.9
2019,Québec,"Total, 12 ans et plus",Hommes,24,23.7
2019,Québec,"Total, 12 ans et plus",Femmes,24,16.2
2019,Québec,12 à 17 ans,Les deux sexes,24,3.5
2019,Québec,12 à 17 ans,Hommes,24,4.4
2019,Québec,12 à 17 ans,Femmes,24,2.6
2019,Québec,18 à 34 ans,Les deux sexes,24,28.2
2019,Québec,18 à 34 ans,Hommes,24,31.3
2019,Québec,18 à 34 ans,Femmes,24,25.0
2019,Québec,35 à 49 ans,Les deux sexes,24,27.6
2019,Québec,35 à 49 ans,Hommes,24,33.7
2019,Québec,35 à 49 ans,Femmes,24,21.3
2019,Québec,50 à 64 ans,Les deux sexes,24,19.5
2019,Québec,50 à 64 ans,Hommes,24,22.4
2019,Québec,50 à 64 ans,Femmes,24,16.5
2019,Québec,65 ans et plus,Les deux sexes,24,8.3
2019,Québec,65 ans et plus,Hommes,24,11.3
2019,Québec,65 ans et plus,Femmes,24,5.7
2019,Ontario,"Total, 12 ans et plus",Les deux sexes,35,16.2
2019,Ontario,"Total, 12 ans et plus",Hommes,35,20.6
2019,Ontario,"Total, 12 ans et plus",Femmes,35,12.0
2019,Ontario,12 à 17 ans,Les deux sexes,35,1.7
2019,Ontario,12 à 17 ans,Hommes,35,
2019,Ontario,12 à 17 ans,Femmes,35,
2019,Ontario,18 à 34 ans,Les deux sexes,35,22.8
2019,Ontario,18 à 34 ans,Hommes,35,27.2
2019,Ontario,18 à 34 ans,Femmes,35,18.3
2019,Ontario,35 à 49 ans,Les deux sexes,35,19.5
2019,Ontario,35 à 49 ans,Hommes,35,25.6
2019,Ontario,35 à 49 ans,Femmes,35,13.7
2019,Ontario,50 à 64 ans,Les deux sexes,35,17.6
2019,Ontario,50 à 64 ans,Hommes,35,22.0
2019,Ontario,50 à 64 ans,Femmes,35,13.3
2019,Ontario,65 ans et plus,Les deux sexes,35,7.0
2019,Ontario,65 ans et plus,Hommes,35,10.5
2019,Ontario,65 ans et plus,Femmes,35,4.2
2019,Manitoba,"Total, 12 ans et plus",Les deux sexes,46,20.2
2019,Manitoba,"Total, 12 ans et plus",Hommes,46,25.7
2019,Manitoba,"Total, 12 ans et plus",Femmes,46,14.8
2019,Manitoba,12 à 17 ans,Les deux sexes,46,
2019,Manitoba,12 à 17 ans,Hommes,46,
2019,Manitoba,12 à 17 ans,Femmes,46,
2019,Manitoba,18 à 34 ans,Les deux sexes,46,32.0
2019,Manitoba,18 à 34 ans,Hommes,46,39.7
2019,Manitoba,18 à 34 ans,Femmes,46,23.9
2019,Manitoba,35 à 49 ans,Les deux sexes,46,18.2
2019,Manitoba,35 à 49 ans,Hommes,46,21.4
2019,Manitoba,35 à 49 ans,Femmes,46,15.1
2019,Manitoba,50 à 64 ans,Les deux sexes,46,24.9
2019,Manitoba,50 à 64 ans,Hommes,46,33.3
2019,Manitoba,50 à 64 ans,Femmes,46,16.3
2019,Manitoba,65 ans et plus,Les deux sexes,46,6.4
2019,Manitoba,65 ans et plus,Hommes,46,9.2
2019,Manitoba,65 ans et plus,Femmes,46,4.0
2019,Saskatchewan,"Total, 12 ans et plus",Les deux sexes,47,20.0
2019,Saskatchewan,"Total, 12 ans et plus",Hommes,47,28.0
2019,Saskatchewan,"Total, 12 ans et plus",Femmes,47,11.8
2019,Saskatchewan,12 à 17 ans,Les deux sexes,47,
2019,Saskatchewan,12 à 17 ans,Hommes,47,
2019,Saskatchewan,12 à 17 ans,Femmes,47,
2019,Saskatchewan,18 à 34 ans,Les deux sexes,47,31.5
2019,Saskatchewan,18 à 34 ans,Hommes,47,42.7
2019,Saskatchewan,18 à 34 ans,Femmes,47,19.6
2019,Saskatchewan,35 à 49 ans,Les deux sexes,47,23.8
2019,Saskatchewan,35 à 49 ans,Hommes,47,33.1
2019,Saskatchewan,35 à 49 ans,Femmes,47,14.2
2019,Saskatchewan,50 à 64 ans,Les deux sexes,47,18.5
2019,Saskatchewan,50 à 64 ans,Hommes,47,26.9
2019,Saskatchewan,50 à 64 ans,Femmes,47,9.9
2019,Saskatchewan,65 ans et plus,Les deux sexes,47,6.7
2019,Saskatchewan,65 ans et plus,Hommes,47,10.4
2019,Saskatchewan,65 ans et plus,Femmes,47,3.5
2019,Alberta,"Total, 12 ans et plus",Les deux sexes,48,19.9
2019,Alberta,"Total, 12 ans et plus",Hommes,48,25.3
2019,Alberta,"Total, 12 ans et plus",Femmes,48,14.5
2019,Alberta,12 à 17 ans,Les deux sexes,48,
2019,Alberta,12 à 17 ans,Hommes,48,
2019,Alberta,12 à 17 ans,Femmes,48,
2019,Alberta,18 à 34 ans,Les deux sexes,48,32.8
2019,Alberta,18 à 34 ans,Hommes,48,39.8
2019,Alberta,18 à 34 ans,Femmes,48,25.5
2019,Alberta,35 à 49 ans,Les deux sexes,48,22.4
2019,Alberta,35 à 49 ans,Hommes,48,29.4
2019,Alberta,35 à 49 ans,Femmes,48,15.1
2019,Alberta,50 à 64 ans,Les deux sexes,48,15.0
2019,Alberta,50 à 64 ans,Hommes,48,19.8
2019,Alberta,50 à 64 ans,Femmes,48,10.0
2019,Alberta,65 ans et plus,Les deux sexes,48,7.0
2019,Alberta,65 ans et plus,Hommes,48,8.7
2019,Alberta,65 ans et plus,Femmes,48,5.5
2019,Colombie-Britannique,"Total, 12 ans et plus",Les deux sexes,59,18.2
2019,Colombie-Britannique,"Total, 12 ans et plus",Hommes,59,21.4
2019,Colombie-Britannique,"Total, 12 ans et plus",Femmes,59,15.1
2019,Colombie-Britannique,12 à 17 ans,Les deux sexes,59,2.9
2019,Colombie-Britannique,12 à 17 ans,Hommes,59,
2019,Colombie-Britannique,12 à 17 ans,Femmes,59,
2019,Colombie-Britannique,18 à 34 ans,Les deux sexes,59,27.0
2019,Colombie-Britannique,18 à 34 ans,Hommes,59,32.0
2019,Colombie-Britannique,18 à 34 ans,Femmes,59,21.9
2019,Colombie-Britannique,35 à 49 ans,Les deux sexes,59,20.0
2019,Colombie-Britannique,35 à 49 ans,Hommes,59,21.8
2019,Colombie-Britannique,35 à 49 ans,Femmes,59,18.2
2019,Colombie-Britannique,50 à 64 ans,Les deux sexes,59,20.7
2019,Colombie-Britannique,50 à 64 ans,Hommes,59,24.4
2019,Colombie-Britannique,50 à 64 ans,Femmes,59,17.1
2019,Colombie-Britannique,65 ans et plus,Les deux sexes,59,7.8
2019,Colombie-Britannique,65 ans et plus,Hommes,59,10.2
2019,Colombie-Britannique,65 ans et plus,Femmes,59,5.6
2020,Canada,"Total, 12 ans et plus",Hommes,,19.9
2020,Canada,"Total, 12 ans et plus",Femmes,,13.3
2020,Canada,12 à 17 ans,Les deux sexes,,2.8
2020,Canada,12 à 17 ans,Hommes,,3.6
2020,Canada,12 à 17 ans,Femmes,,2.0
2020,Canada,18 à 34 ans,Les deux sexes,,22.4
2020,Canada,18 à 34 ans,Hommes,,25.1
2020,Canada,18 à 34 ans,Femmes,,19.6
2020,Canada,35 à 49 ans,Les deux sexes,,21.0
2020,Canada,35 à 49 ans,Hommes,,24.9
2020,Canada,35 à 49 ans,Femmes,,17.1
2020,Canada,50 à 64 ans,Les deux sexes,,18.1
2020,Canada,50 à 64 ans,Hommes,,22.0
2020,Canada,50 à 64 ans,Femmes,,14.3
2020,Canada,65 ans et plus,Les deux sexes,,7.4
2020,Canada,65 ans et plus,Hommes,,10.4
2020,Canada,65 ans et plus,Femmes,,4.7
2020,Terre-Neuve-et-Labrador,"Total, 12 ans et plus",Les deux sexes,10,21.0
2020,Terre-Neuve-et-Labrador,"Total, 12 ans et plus",Hommes,10,28.1
2020,Terre-Neuve-et-Labrador,"Total, 12 ans et plus",Femmes,10,14.2
2020,Terre-Neuve-et-Labrador,12 à 17 ans,Les deux sexes,10,
2020,Terre-Neuve-et-Labrador,12 à 17 ans,Hommes,10,
2020,Terre-Neuve-et-Labrador,12 à 17 ans,Femmes,10,
2020,Terre-Neuve-et-Labrador,18 à 34 ans,Les deux sexes,10,27.2
2020,Terre-Neuve-et-Labrador,18 à 34 ans,Hommes,10,34.9
2020,Terre-Neuve-et-Labrador,18 à 34 ans,Femmes,10,
2020,Terre-Neuve-et-Labrador,35 à 49 ans,Les deux sexes,10,28.3
2020,Terre-Neuve-et-Labrador,35 à 49 ans,Hommes,10,32.0
2020,Terre-Neuve-et-Labrador,35 à 49 ans,Femmes,10,24.8
2020,Terre-Neuve-et-Labrador,50 à 64 ans,Les deux sexes,10,24.3
2020,Terre-Neuve-et-Labrador,50 à 64 ans,Hommes,10,35.3
2020,Terre-Neuve-et-Labrador,50 à 64 ans,Femmes,10,13.8
2020,Terre-Neuve-et-Labrador,65 ans et plus,Les deux sexes,10,10.5
2020,Terre-Neuve-et-Labrador,65 ans et plus,Hommes,10,18.2
2020,Terre-Neuve-et-Labrador,65 ans et plus,Femmes,10,3.4
2020,Île-du-Prince-Édouard,"Total, 12 ans et plus",Les deux sexes,11,19.4
2020,Île-du-Prince-Édouard,"Total, 12 ans et plus",Hommes,11,27.7
2020,Île-du-Prince-Édouard,"Total, 12 ans et plus",Femmes,11,11.3
2020,Île-du-Prince-Édouard,12 à 17 ans,Les deux sexes,11,
2020,Île-du-Prince-Édouard,12 à 17 ans,Hommes,11,
2020,Île-du-Prince-Édouard,12 à 17 ans,Femmes,11,
2020,Île-du-Prince-Édouard,18 à 34 ans,Les deux sexes,11,30.9
2020,Île-du-Prince-Édouard,18 à 34 ans,Hommes,11,
2020,Île-du-Prince-Édouard,18 à 34 ans,Femmes,11,
2020,Île-du-Prince-Édouard,35 à 49 ans,Les deux sexes,11,20.1
2020,Île-du-Prince-Édouard,35 à 49 ans,Hommes,11,
2020,Île-du-Prince-Édouard,35 à 49 ans,Femmes,11,
2020,Île-du-Prince-Édouard,50 à 64 ans,Les deux sexes,11,22.7
2020,Île-du-Prince-Édouard,50 à 64 ans,Hommes,11,39.0
2020,Île-du-Prince-Édouard,50 à 64 ans,Femmes,11,
2020,Île-du-Prince-Édouard,65 ans et plus,Les deux sexes,11,7.9
2020,Île-du-Prince-Édouard,65 ans et plus,Hommes,11,11.1
2020,Île-du-Prince-Édouard,65 ans et plus,Femmes,11,5.2
2020,Nouvelle-Écosse,"Total, 12 ans et plus",Les deux sexes,12,18.6
2020,Nouvelle-Écosse,"Total, 12 ans et plus",Hommes,12,19.8
2020,Nouvelle-Écosse,"Total, 12 ans et plus",Femmes,12,17.5
2020,Nouvelle-Écosse,12 à 17 ans,Les deux sexes,12,
2020,Nouvelle-Écosse,12 à 17 ans,Hommes,12,
2020,Nouvelle-Écosse,12 à 17 ans,Femmes,12,
2020,Nouvelle-Écosse,18 à 34 ans,Les deux sexes,12,23.2
2020,Nouvelle-Écosse,18 à 34 ans,Hommes,12,
2020,Nouvelle-Écosse,18 à 34 ans,Femmes,12,29.7
2020,Nouvelle-Écosse,35 à 49 ans,Les deux sexes,12,21.9
2020,Nouvelle-Écosse,35 à 49 ans,Hommes,12,23.0
2020,Nouvelle-Écosse,35 à 49 ans,Femmes,12,21.0
2020,Nouvelle-Écosse,50 à 64 ans,Les deux sexes,12,24.4
2020,Nouvelle-Écosse,50 à 64 ans,Hommes,12,30.1
2020,Nouvelle-Écosse,50 à 64 ans,Femmes,12,19.0
2020,Nouvelle-Écosse,65 ans et plus,Les deux sexes,12,8.7
2020,Nouvelle-Écosse,65 ans et plus,Hommes,12,12.3
2020,Nouvelle-Écosse,65 ans et plus,Femmes,12,5.7
2020,Nouveau-Brunswick,"Total, 12 ans et plus",Les deux sexes,13,18.7
2020,Nouveau-Brunswick,"Total, 12 ans et plus",Hommes,13,25.3
2020,Nouveau-Brunswick,"Total, 12 ans et plus",Femmes,13,12.4
2020,Nouveau-Brunswick,12 à 17 ans,Les deux sexes,13,
2020,Nouveau-Brunswick,12 à 17 ans,Hommes,13,
2020,Nouveau-Brunswick,12 à 17 ans,Femmes,13,
2020,Nouveau-Brunswick,18 à 34 ans,Les deux sexes,13,28.5
2020,Nouveau-Brunswick,18 à 34 ans,Hommes,13,41.1
2020,Nouveau-Brunswick,18 à 34 ans,Femmes,13,15.8
2020,Nouveau-Brunswick,35 à 49 ans,Les deux sexes,13,23.3
2020,Nouveau-Brunswick,35 à 49 ans,Hommes,13,32.2
2020,Nouveau-Brunswick,35 à 49 ans,Femmes,13,14.6
2020,Nouveau-Brunswick,50 à 64 ans,Les deux sexes,13,21.1
2020,Nouveau-Brunswick,50 à 64 ans,Hommes,13,24.5
2020,Nouveau-Brunswick,50 à 64 ans,Femmes,13,17.7
2020,Nouveau-Brunswick,65 ans et plus,Les deux sexes,13,7.5
2020,Nouveau-Brunswick,65 ans et plus,Hommes,13,10.5
2020,Nouveau-Brunswick,65 ans et plus,Femmes,13,4.8
2020,Québec,"Total, 12 ans et plus",Les deux sexes,24,17.5
2020,Québec,"Total, 12 ans et plus",Hommes,24,21.5
2020,Québec,"Total, 12 ans et plus",Femmes,24,13.6
2020,Québec,12 à 17 ans,Les deux sexes,24,4.0
2020,Québec,12 à 17 ans,Hommes,24,6.8
2020,Québec,12 à 17 ans,Femmes,24,
2020,Québec,18 à 34 ans,Les deux sexes,24,22.3
2020,Québec,18 à 34 ans,Hommes,24,27.0
2020,Québec,18 à 34 ans,Femmes,24,17.3
2020,Québec,35 à 49 ans,Les deux sexes,24,24.3
2020,Québec,35 à 49 ans,Hommes,24,28.8
2020,Québec,35 à 49 ans,Femmes,24,19.7
2020,Québec,50 à 64 ans,Les deux sexes,24,19.2
2020,Québec,50 à 64 ans,Hommes,24,23.0
2020,Québec,50 à 64 ans,Femmes,24,15.3
2020,Québec,65 ans et plus,Les deux sexes,24,7.8
2020,Québec,65 ans et plus,Hommes,24,9.9
2020,Québec,65 ans et plus,Femmes,24,5.8
2020,Ontario,"Total, 12 ans et plus",Les deux sexes,35,15.0
2020,Ontario,"Total, 12 ans et plus",Hommes,35,18.1
2020,Ontario,"Total, 12 ans et plus",Femmes,35,12.1
2020,Ontario,12 à 17 ans,Les deux sexes,35,2.1
2020,Ontario,12 à 17 ans,Hommes,35,
2020,Ontario,12 à 17 ans,Femmes,35,
2020,Ontario,18 à 34 ans,Les deux sexes,35,19.4
2020,Ontario,18 à 34 ans,Hommes,35,20.7
2020,Ontario,18 à 34 ans,Femmes,35,18.0
2020,Ontario,35 à 49 ans,Les deux sexes,35,18.1
2020,Ontario,35 à 49 ans,Hommes,35,21.6
2020,Ontario,35 à 49 ans,Femmes,35,14.8
2020,Ontario,50 à 64 ans,Les deux sexes,35,17.3
2020,Ontario,50 à 64 ans,Hommes,35,21.9
2020,Ontario,50 à 64 ans,Femmes,35,12.8
2020,Ontario,65 ans et plus,Les deux sexes,35,7.7
2020,Ontario,65 ans et plus,Hommes,35,11.6
2020,Ontario,65 ans et plus,Femmes,35,4.4
2020,Manitoba,"Total, 12 ans et plus",Les deux sexes,46,15.8
2020,Manitoba,"Total, 12 ans et plus",Hommes,46,18.5
2020,Manitoba,"Total, 12 ans et plus",Femmes,46,13.1
2020,Manitoba,12 à 17 ans,Les deux sexes,46,
2020,Manitoba,12 à 17 ans,Hommes,46,
2020,Manitoba,12 à 17 ans,Femmes,46,
2020,Manitoba,18 à 34 ans,Les deux sexes,46,24.7
2020,Manitoba,18 à 34 ans,Hommes,46,25.3
2020,Manitoba,18 à 34 ans,Femmes,46,24.1
2020,Manitoba,35 à 49 ans,Les deux sexes,46,15.3
2020,Manitoba,35 à 49 ans,Hommes,46,16.5
2020,Manitoba,35 à 49 ans,Femmes,46,14.1
2020,Manitoba,50 à 64 ans,Les deux sexes,46,18.0
2020,Manitoba,50 à 64 ans,Hommes,46,25.8
2020,Manitoba,50 à 64 ans,Femmes,46,10.4
2020,Manitoba,65 ans et plus,Les deux sexes,46,5.6
2020,Manitoba,65 ans et plus,Hommes,46,8.1
2020,Manitoba,65 ans et plus,Femmes,46,3.4
2020,Saskatchewan,"Total, 12 ans et plus",Les deux sexes,47,18.5
2020,Saskatchewan,"Total, 12 ans et plus",Hommes,47,22.4
2020,Saskatchewan,"Total, 12 ans et plus",Femmes,47,14.6
2020,Saskatchewan,12 à 17 ans,Les deux sexes,47,
2020,Saskatchewan,12 à 17 ans,Hommes,47,
2020,Saskatchewan,12 à 17 ans,Femmes,47,
2020,Saskatchewan,18 à 34 ans,Les deux sexes,47,26.5
2020,Saskatchewan,18 à 34 ans,Hommes,47,30.8
2020,Saskatchewan,18 à 34 ans,Femmes,47,21.9
2020,Saskatchewan,35 à 49 ans,Les deux sexes,47,23.6
2020,Saskatchewan,35 à 49 ans,Hommes,47,28.3
2020,Saskatchewan,35 à 49 ans,Femmes,47,18.7
2020,Saskatchewan,50 à 64 ans,Les deux sexes,47,19.3
2020,Saskatchewan,50 à 64 ans,Hommes,47,22.8
2020,Saskatchewan,50 à 64 ans,Femmes,47,15.7
2020,Saskatchewan,65 ans et plus,Les deux sexes,47,5.9
2020,Saskatchewan,65 ans et plus,Hommes,47,7.3
2020,Saskatchewan,65 ans et plus,Femmes,47,4.6
2020,Alberta,"Total, 12 ans et plus",Les deux sexes,48,17.8
2020,Alberta,"Total, 12 ans et plus",Hommes,48,20.4
2020,Alberta,"Total, 12 ans et plus",Femmes,48,15.1
2020,Alberta,12 à 17 ans,Les deux sexes,48,
2020,Alberta,12 à 17 ans,Hommes,48,
2020,Alberta,12 à 17 ans,Femmes,48,
2020,Alberta,18 à 34 ans,Les deux sexes,48,25.7
2020,Alberta,18 à 34 ans,Hommes,48,28.8
2020,Alberta,18 à 34 ans,Femmes,48,22.4
2020,Alberta,35 à 49 ans,Les deux sexes,48,21.8
2020,Alberta,35 à 49 ans,Hommes,48,27.6
2020,Alberta,35 à 49 ans,Femmes,48,16.0
2020,Alberta,50 à 64 ans,Les deux sexes,48,17.9
2020,Alberta,50 à 64 ans,Hommes,48,16.9
2020,Alberta,50 à 64 ans,Femmes,48,19.0
2020,Alberta,65 ans et plus,Les deux sexes,48,5.0
2020,Alberta,65 ans et plus,Hommes,48,7.1
2020,Alberta,65 ans et plus,Femmes,48,3.1
2020,Colombie-Britannique,"Total, 12 ans et plus",Les deux sexes,59,17.1
2020,Colombie-Britannique,"Total, 12 ans et plus",Hommes,59,20.0
2020,Colombie-Britannique,"Total, 12 ans et plus",Femmes,59,14.2
2020,Colombie-Britannique,12 à 17 ans,Les deux sexes,59,
2020,Colombie-Britannique,12 à 17 ans,Hommes,59,
2020,Colombie-Britannique,12 à 17 ans,Femmes,59,
2020,Colombie-Britannique,18 à 34 ans,Les deux sexes,59,25.7
2020,Colombie-Britannique,18 à 34 ans,Hommes,59,29.0
2020,Colombie-Britannique,18 à 34 ans,Femmes,59,22.2
2020,Colombie-Britannique,35 à 49 ans,Les deux sexes,59,22.3
2020,Colombie-Britannique,35 à 49 ans,Hommes,59,24.9
2020,Colombie-Britannique,35 à 49 ans,Femmes,59,19.8
2020,Colombie-Britannique,50 à 64 ans,Les deux sexes,59,15.9
2020,Colombie-Britannique,50 à 64 ans,Hommes,59,19.4
2020,Colombie-Britannique,50 à 64 ans,Femmes,59,12.6
2020,Colombie-Britannique,65 ans et plus,Les deux sexes,59,7.1
2020,Colombie-Britannique,65 ans et plus,Hommes,59,9.5
2020,Colombie-Britannique,65 ans et plus,Femmes,59,4.9
2021,Canada,"Total, 12 ans et plus",Hommes,,18.7
2021,Canada,"Total, 12 ans et plus",Femmes,,12.5
2021,Canada,12 à 17 ans,Les deux sexes,,3.4
2021,Canada,12 à 17 ans,Hommes,,3.7
2021,Canada,12 à 17 ans,Femmes,,3.0
2021,Canada,18 à 34 ans,Les deux sexes,,20.1
2021,Canada,18 à 34 ans,Hommes,,23.2
2021,Canada,18 à 34 ans,Femmes,,16.9
2021,Canada,35 à 49 ans,Les deux sexes,,19.3
2021,Canada,35 à 49 ans,Hommes,,23.0
2021,Canada,35 à 49 ans,Femmes,,15.6
2021,Canada,50 à 64 ans,Les deux sexes,,17.7
2021,Canada,50 à 64 ans,Hommes,,21.2
2021,Canada,50 à 64 ans,Femmes,,14.2
2021,Canada,65 ans et plus,Les deux sexes,,7.9
2021,Canada,65 ans et plus,Hommes,,10.4
2021,Canada,65 ans et plus,Femmes,,5.6
2021,Terre-Neuve-et-Labrador,"Total, 12 ans et plus",Les deux sexes,10,22.8
2021,Terre-Neuve-et-Labrador,"Total, 12 ans et plus",Hommes,10,29.9
2021,Terre-Neuve-et-Labrador,"Total, 12 ans et plus",Femmes,10,15.9
2021,Terre-Neuve-et-Labrador,12 à 17 ans,Les deux sexes,10,
2021,Terre-Neuve-et-Labrador,12 à 17 ans,Hommes,10,
2021,Terre-Neuve-et-Labrador,12 à 17 ans,Femmes,10,
2021,Terre-Neuve-et-Labrador,18 à 34 ans,Les deux sexes,10,32.2
2021,Terre-Neuve-et-Labrador,18 à 34 ans,Hommes,10,38.3
2021,Terre-Neuve-et-Labrador,18 à 34 ans,Femmes,10,25.7
2021,Terre-Neuve-et-Labrador,35 à 49 ans,Les deux sexes,10,27.0
2021,Terre-Neuve-et-Labrador,35 à 49 ans,Hommes,10,33.8
2021,Terre-Neuve-et-Labrador,35 à 49 ans,Femmes,10,20.6
2021,Terre-Neuve-et-Labrador,50 à 64 ans,Les deux sexes,10,26.3
2021,Terre-Neuve-et-Labrador,50 à 64 ans,Hommes,10,36.3
2021,Terre-Neuve-et-Labrador,50 à 64 ans,Femmes,10,16.7
2021,Terre-Neuve-et-Labrador,65 ans et plus,Les deux sexes,10,11.3
2021,Terre-Neuve-et-Labrador,65 ans et plus,Hommes,10,16.9
2021,Terre-Neuve-et-Labrador,65 ans et plus,Femmes,10,6.1
2021,Île-du-Prince-Édouard,"Total, 12 ans et plus",Les deux sexes,11,19.0
2021,Île-du-Prince-Édouard,"Total, 12 ans et plus",Hommes,11,22.3
2021,Île-du-Prince-Édouard,"Total, 12 ans et plus",Femmes,11,15.9
2021,Île-du-Prince-Édouard,12 à 17 ans,Les deux sexes,11,
2021,Île-du-Prince-Édouard,12 à 17 ans,Hommes,11,
2021,Île-du-Prince-Édouard,12 à 17 ans,Femmes,11,
2021,Île-du-Prince-Édouard,18 à 34 ans,Les deux sexes,11,29.9
2021,Île-du-Prince-Édouard,18 à 34 ans,Hommes,11,30.5
2021,Île-du-Prince-Édouard,18 à 34 ans,Femmes,11,29.3
2021,Île-du-Prince-Édouard,35 à 49 ans,Les deux sexes,11,21.2
2021,Île-du-Prince-Édouard,35 à 49 ans,Hommes,11,33.5
2021,Île-du-Prince-Édouard,35 à 49 ans,Femmes,11,9.5
2021,Île-du-Prince-Édouard,50 à 64 ans,Les deux sexes,11,21.6
2021,Île-du-Prince-Édouard,50 à 64 ans,Hommes,11,22.1
2021,Île-du-Prince-Édouard,50 à 64 ans,Femmes,11,21.0
2021,Île-du-Prince-Édouard,65 ans et plus,Les deux sexes,11,6.1
2021,Île-du-Prince-Édouard,65 ans et plus,Hommes,11,7.7
2021,Île-du-Prince-Édouard,65 ans et plus,Femmes,11,4.8
2021,Nouvelle-Écosse,"Total, 12 ans et plus",Les deux sexes,12,19.4
2021,Nouvelle-Écosse,"Total, 12 ans et plus",Hommes,12,24.3
2021,Nouvelle-Écosse,"Total, 12 ans et plus",Femmes,12,14.9
2021,Nouvelle-Écosse,12 à 17 ans,Les deux sexes,12,
2021,Nouvelle-Écosse,12 à 17 ans,Hommes,12,
2021,Nouvelle-Écosse,12 à 17 ans,Femmes,12,
2021,Nouvelle-Écosse,18 à 34 ans,Les deux sexes,12,29.9
2021,Nouvelle-Écosse,18 à 34 ans,Hommes,12,35.8
2021,Nouvelle-Écosse,18 à 34 ans,Femmes,12,24.0
2021,Nouvelle-Écosse,35 à 49 ans,Les deux sexes,12,23.6
2021,Nouvelle-Écosse,35 à 49 ans,Hommes,12,29.0
2021,Nouvelle-Écosse,35 à 49 ans,Femmes,12,18.8
2021,Nouvelle-Écosse,50 à 64 ans,Les deux sexes,12,21.1
2021,Nouvelle-Écosse,50 à 64 ans,Hommes,12,28.6
2021,Nouvelle-Écosse,50 à 64 ans,Femmes,12,14.0
2021,Nouvelle-Écosse,65 ans et plus,Les deux sexes,12,8.9
2021,Nouvelle-Écosse,65 ans et plus,Hommes,12,11.1
2021,Nouvelle-Écosse,65 ans et plus,Femmes,12,7.1
2021,Nouveau-Brunswick,"Total, 12 ans et plus",Les deux sexes,13,18.9
2021,Nouveau-Brunswick,"Total, 12 ans et plus",Hommes,13,24.0
2021,Nouveau-Brunswick,"Total, 12 ans et plus",Femmes,13,14.1
2021,Nouveau-Brunswick,12 à 17 ans,Les deux sexes,13,
2021,Nouveau-Brunswick,12 à 17 ans,Hommes,13,
2021,Nouveau-Brunswick,12 à 17 ans,Femmes,13,
2021,Nouveau-Brunswick,18 à 34 ans,Les deux sexes,13,24.1
2021,Nouveau-Brunswick,18 à 34 ans,Hommes,13,30.8
2021,Nouveau-Brunswick,18 à 34 ans,Femmes,13,17.2
2021,Nouveau-Brunswick,35 à 49 ans,Les deux sexes,13,26.8
2021,Nouveau-Brunswick,35 à 49 ans,Hommes,13,32.0
2021,Nouveau-Brunswick,35 à 49 ans,Femmes,13,21.7
2021,Nouveau-Brunswick,50 à 64 ans,Les deux sexes,13,21.8
2021,Nouveau-Brunswick,50 à 64 ans,Hommes,13,27.3
2021,Nouveau-Brunswick,50 à 64 ans,Femmes,13,16.4
2021,Nouveau-Brunswick,65 ans et plus,Les deux sexes,13,8.7
2021,Nouveau-Brunswick,65 ans et plus,Hommes,13,11.7
2021,Nouveau-Brunswick,65 ans et plus,Femmes,13,6.0
2021,Québec,"Total, 12 ans et plus",Les deux sexes,24,15.9
2021,Québec,"Total, 12 ans et plus",Hommes,24,18.3
2021,Québec,"Total, 12 ans et plus",Femmes,24,13.6
2021,Québec,12 à 17 ans,Les deux sexes,24,4.6
2021,Québec,12 à 17 ans,Hommes,24,5.3
2021,Québec,12 à 17 ans,Femmes,24,3.8
2021,Québec,18 à 34 ans,Les deux sexes,24,19.2
2021,Québec,18 à 34 ans,Hommes,24,20.8
2021,Québec,18 à 34 ans,Femmes,24,17.6
2021,Québec,35 à 49 ans,Les deux sexes,24,21.7
2021,Québec,35 à 49 ans,Hommes,24,22.8
2021,Québec,35 à 49 ans,Femmes,24,20.7
2021,Québec,50 à 64 ans,Les deux sexes,24,17.6
2021,Québec,50 à 64 ans,Hommes,24,21.7
2021,Québec,50 à 64 ans,Femmes,24,13.6
2021,Québec,65 ans et plus,Les deux sexes,24,8.3
2021,Québec,65 ans et plus,Hommes,24,11.0
2021,Québec,65 ans et plus,Femmes,24,6.0
2021,Ontario,"Total, 12 ans et plus",Les deux sexes,35,14.7
2021,Ontario,"Total, 12 ans et plus",Hommes,35,17.9
2021,Ontario,"Total, 12 ans et plus",Femmes,35,11.7
2021,Ontario,12 à 17 ans,Les deux sexes,35,2.3
2021,Ontario,12 à 17 ans,Hommes,35,
2021,Ontario,12 à 17 ans,Femmes,35,
2021,Ontario,18 à 34 ans,Les deux sexes,35,19.8
2021,Ontario,18 à 34 ans,Hommes,35,23.5
2021,Ontario,18 à 34 ans,Femmes,35,15.9
2021,Ontario,35 à 49 ans,Les deux sexes,35,17.0
2021,Ontario,35 à 49 ans,Hommes,35,21.7
2021,Ontario,35 à 49 ans,Femmes,35,12.5
2021,Ontario,50 à 64 ans,Les deux sexes,35,17.3
2021,Ontario,50 à 64 ans,Hommes,35,19.8
2021,Ontario,50 à 64 ans,Femmes,35,14.9
2021,Ontario,65 ans et plus,Les deux sexes,35,7.2
2021,Ontario,65 ans et plus,Hommes,35,9.0
2021,Ontario,65 ans et plus,Femmes,35,5.7
2021,Manitoba,"Total, 12 ans et plus",Les deux sexes,46,14.6
2021,Manitoba,"Total, 12 ans et plus",Hommes,46,17.6
2021,Manitoba,"Total, 12 ans et plus",Femmes,46,11.7
2021,Manitoba,12 à 17 ans,Les deux sexes,46,
2021,Manitoba,12 à 17 ans,Hommes,46,
2021,Manitoba,12 à 17 ans,Femmes,46,
2021,Manitoba,18 à 34 ans,Les deux sexes,46,21.5
2021,Manitoba,18 à 34 ans,Hommes,46,25.2
2021,Manitoba,18 à 34 ans,Femmes,46,17.5
2021,Manitoba,35 à 49 ans,Les deux sexes,46,15.6
2021,Manitoba,35 à 49 ans,Hommes,46,17.6
2021,Manitoba,35 à 49 ans,Femmes,46,13.6
2021,Manitoba,50 à 64 ans,Les deux sexes,46,17.5
2021,Manitoba,50 à 64 ans,Hommes,46,21.2
2021,Manitoba,50 à 64 ans,Femmes,46,13.8
2021,Manitoba,65 ans et plus,Les deux sexes,46,5.6
2021,Manitoba,65 ans et plus,Hommes,46,8.5
2021,Manitoba,65 ans et plus,Femmes,46,3.0
2021,Saskatchewan,"Total, 12 ans et plus",Les deux sexes,47,16.7
2021,Saskatchewan,"Total, 12 ans et plus",Hommes,47,19.3
2021,Saskatchewan,"Total, 12 ans et plus",Femmes,47,14.1
2021,Saskatchewan,12 à 17 ans,Les deux sexes,47,
2021,Saskatchewan,12 à 17 ans,Hommes,47,
2021,Saskatchewan,12 à 17 ans,Femmes,47,
2021,Saskatchewan,18 à 34 ans,Les deux sexes,47,22.6
2021,Saskatchewan,18 à 34 ans,Hommes,47,24.2
2021,Saskatchewan,18 à 34 ans,Femmes,47,21.0
2021,Saskatchewan,35 à 49 ans,Les deux sexes,47,22.6
2021,Saskatchewan,35 à 49 ans,Hommes,47,25.1
2021,Saskatchewan,35 à 49 ans,Femmes,47,20.0
2021,Saskatchewan,50 à 64 ans,Les deux sexes,47,16.4
2021,Saskatchewan,50 à 64 ans,Hommes,47,19.6
2021,Saskatchewan,50 à 64 ans,Femmes,47,13.2
2021,Saskatchewan,65 ans et plus,Les deux sexes,47,6.1
2021,Saskatchewan,65 ans et plus,Hommes,47,9.1
2021,Saskatchewan,65 ans et plus,Femmes,47,3.4
2021,Alberta,"Total, 12 ans et plus",Les deux sexes,48,16.0
2021,Alberta,"Total, 12 ans et plus",Hommes,48,19.7
2021,Alberta,"Total, 12 ans et plus",Femmes,48,12.2
2021,Alberta,12 à 17 ans,Les deux sexes,48,2.9
2021,Alberta,12 à 17 ans,Hommes,48,
2021,Alberta,12 à 17 ans,Femmes,48,
2021,Alberta,18 à 34 ans,Les deux sexes,48,21.1
2021,Alberta,18 à 34 ans,Hommes,48,25.4
2021,Alberta,18 à 34 ans,Femmes,48,16.6
2021,Alberta,35 à 49 ans,Les deux sexes,48,17.9
2021,Alberta,35 à 49 ans,Hommes,48,23.0
2021,Alberta,35 à 49 ans,Femmes,48,12.7
2021,Alberta,50 à 64 ans,Les deux sexes,48,18.3
2021,Alberta,50 à 64 ans,Hommes,48,21.7
2021,Alberta,50 à 64 ans,Femmes,48,14.8
2021,Alberta,65 ans et plus,Les deux sexes,48,8.1
2021,Alberta,65 ans et plus,Hommes,48,11.1
2021,Alberta,65 ans et plus,Femmes,48,5.4
2021,Colombie-Britannique,"Total, 12 ans et plus",Les deux sexes,59,15.1
2021,Colombie-Britannique,"Total, 12 ans et plus",Hommes,59,18.2
2021,Colombie-Britannique,"Total, 12 ans et plus",Femmes,59,12.1
2021,Colombie-Britannique,12 à 17 ans,Les deux sexes,59,3.2
2021,Colombie-Britannique,12 à 17 ans,Hommes,59,
2021,Colombie-Britannique,12 à 17 ans,Femmes,59,
2021,Colombie-Britannique,18 à 34 ans,Les deux sexes,59,17.3
2021,Colombie-Britannique,18 à 34 ans,Hommes,59,19.2
2021,Colombie-Britannique,18 à 34 ans,Femmes,59,15.4
2021,Colombie-Britannique,35 à 49 ans,Les deux sexes,59,20.8
2021,Colombie-Britannique,35 à 49 ans,Hommes,59,24.7
2021,Colombie-Britannique,35 à 49 ans,Femmes,59,17.1
2021,Colombie-Britannique,50 à 64 ans,Les deux sexes,59,16.1
2021,Colombie-Britannique,50 à 64 ans,Hommes,59,20.1
2021,Colombie-Britannique,50 à 64 ans,Femmes,59,12.3
2021,Colombie-Britannique,65 ans et plus,Les deux sexes,59,9.0
2021,Colombie-Britannique,65 ans et plus,Hommes,59,12.6
2021,Colombie-Britannique,65 ans et plus,Femmes,59,5.8
2022,Canada,"Total, 12 ans et plus",Hommes,,22.9
2022,Canada,"Total, 12 ans et plus",Femmes,,16.6
2022,Canada,12 à 17 ans,Les deux sexes,,3.3
2022,Canada,12 à 17 ans,Hommes,,3.0
2022,Canada,12 à 17 ans,Femmes,,3.6
2022,Canada,"data.Total, 18 years and over",Les deux sexes,,21.0
2022,Canada,"data.Total, 18 years and over",Hommes,,24.5
2022,Canada,"data.Total, 18 years and over",Femmes,,17.6
2022,Canada,18 à 34 ans,Les deux sexes,,27.2
2022,Canada,18 à 34 ans,Hommes,,29.4
2022,Canada,18 à 34 ans,Femmes,,24.9
2022,Canada,35 à 49 ans,Les deux sexes,,24.7
2022,Canada,35 à 49 ans,Hommes,,29.5
2022,Canada,35 à 49 ans,Femmes,,20.1
2022,Canada,50 à 64 ans,Les deux sexes,,20.7
2022,Canada,50 à 64 ans,Hommes,,24.4
2022,Canada,50 à 64 ans,Femmes,,17.2
2022,Canada,65 ans et plus,Les deux sexes,,10.0
2022,Canada,65 ans et plus,Hommes,,12.9
2022,Canada,65 ans et plus,Femmes,,7.3
2022,Terre-Neuve-et-Labrador,"Total, 12 ans et plus",Les deux sexes,10,25.0
2022,Terre-Neuve-et-Labrador,"Total, 12 ans et plus",Hommes,10,31.4
2022,Terre-Neuve-et-Labrador,"Total, 12 ans et plus",Femmes,10,18.7
2022,Terre-Neuve-et-Labrador,12 à 17 ans,Les deux sexes,10,
2022,Terre-Neuve-et-Labrador,12 à 17 ans,Hommes,10,
2022,Terre-Neuve-et-Labrador,12 à 17 ans,Femmes,10,
2022,Terre-Neuve-et-Labrador,"data.Total, 18 years and over",Les deux sexes,10,26.6
2022,Terre-Neuve-et-Labrador,"data.Total, 18 years and over",Hommes,10,33.8
2022,Terre-Neuve-et-Labrador,"data.Total, 18 years and over",Femmes,10,19.7
2022,Terre-Neuve-et-Labrador,18 à 34 ans,Les deux sexes,10,36.0
2022,Terre-Neuve-et-Labrador,18 à 34 ans,Hommes,10,41.8
2022,Terre-Neuve-et-Labrador,18 à 34 ans,Femmes,10,29.6
2022,Terre-Neuve-et-Labrador,35 à 49 ans,Les deux sexes,10,29.5
2022,Terre-Neuve-et-Labrador,35 à 49 ans,Hommes,10,35.7
2022,Terre-Neuve-et-Labrador,35 à 49 ans,Femmes,10,24.0
2022,Terre-Neuve-et-Labrador,50 à 64 ans,Les deux sexes,10,31.2
2022,Terre-Neuve-et-Labrador,50 à 64 ans,Hommes,10,40.9
2022,Terre-Neuve-et-Labrador,50 à 64 ans,Femmes,10,21.8
2022,Terre-Neuve-et-Labrador,65 ans et plus,Les deux sexes,10,12.1
2022,Terre-Neuve-et-Labrador,65 ans et plus,Hommes,10,17.6
2022,Terre-Neuve-et-Labrador,65 ans et plus,Femmes,10,7.0
2022,Île-du-Prince-Édouard,"Total, 12 ans et plus",Les deux sexes,11,23.6
2022,Île-du-Prince-Édouard,"Total, 12 ans et plus",Hommes,11,28.1
2022,Île-du-Prince-Édouard,"Total, 12 ans et plus",Femmes,11,19.1
2022,Île-du-Prince-Édouard,12 à 17 ans,Les deux sexes,11,
2022,Île-du-Prince-Édouard,12 à 17 ans,Hommes,11,
2022,Île-du-Prince-Édouard,12 à 17 ans,Femmes,11,
2022,Île-du-Prince-Édouard,"data.Total, 18 years and over",Les deux sexes,11,25.4
2022,Île-du-Prince-Édouard,"data.Total, 18 years and over",Hommes,11,30.3
2022,Île-du-Prince-Édouard,"data.Total, 18 years and over",Femmes,11,20.6
2022,Île-du-Prince-Édouard,18 à 34 ans,Les deux sexes,11,
2022,Île-du-Prince-Édouard,18 à 34 ans,Hommes,11,
2022,Île-du-Prince-Édouard,18 à 34 ans,Femmes,11,
2022,Île-du-Prince-Édouard,35 à 49 ans,Les deux sexes,11,29.8
2022,Île-du-Prince-Édouard,35 à 49 ans,Hommes,11,
2022,Île-du-Prince-Édouard,35 à 49 ans,Femmes,11,
2022,Île-du-Prince-Édouard,50 à 64 ans,Les deux sexes,11,26.9
2022,Île-du-Prince-Édouard,50 à 64 ans,Hommes,11,
2022,Île-du-Prince-Édouard,50 à 64 ans,Femmes,11,
2022,Île-du-Prince-Édouard,65 ans et plus,Les deux sexes,11,6.9
2022,Île-du-Prince-Édouard,65 ans et plus,Hommes,11,
2022,Île-du-Prince-Édouard,65 ans et plus,Femmes,11,
2022,Nouvelle-Écosse,"Total, 12 ans et plus",Les deux sexes,12,21.5
2022,Nouvelle-Écosse,"Total, 12 ans et plus",Hommes,12,27.1
2022,Nouvelle-Écosse,"Total, 12 ans et plus",Femmes,12,16.3
2022,Nouvelle-Écosse,12 à 17 ans,Les deux sexes,12,
2022,Nouvelle-Écosse,12 à 17 ans,Hommes,12,
2022,Nouvelle-Écosse,12 à 17 ans,Femmes,12,
2022,Nouvelle-Écosse,"data.Total, 18 years and over",Les deux sexes,12,22.9
2022,Nouvelle-Écosse,"data.Total, 18 years and over",Hommes,12,28.8
2022,Nouvelle-Écosse,"data.Total, 18 years and over",Femmes,12,17.4
2022,Nouvelle-Écosse,18 à 34 ans,Les deux sexes,12,29.6
2022,Nouvelle-Écosse,18 à 34 ans,Hommes,12,35.6
2022,Nouvelle-Écosse,18 à 34 ans,Femmes,12,23.8
2022,Nouvelle-Écosse,35 à 49 ans,Les deux sexes,12,27.9
2022,Nouvelle-Écosse,35 à 49 ans,Hommes,12,33.7
2022,Nouvelle-Écosse,35 à 49 ans,Femmes,12,22.2
2022,Nouvelle-Écosse,50 à 64 ans,Les deux sexes,12,23.6
2022,Nouvelle-Écosse,50 à 64 ans,Hommes,12,28.2
2022,Nouvelle-Écosse,50 à 64 ans,Femmes,12,19.1
2022,Nouvelle-Écosse,65 ans et plus,Les deux sexes,12,11.8
2022,Nouvelle-Écosse,65 ans et plus,Hommes,12,18.3
2022,Nouvelle-Écosse,65 ans et plus,Femmes,12,6.2
2022,Nouveau-Brunswick,"Total, 12 ans et plus",Les deux sexes,13,21.3
2022,Nouveau-Brunswick,"Total, 12 ans et plus",Hommes,13,24.7
2022,Nouveau-Brunswick,"Total, 12 ans et plus",Femmes,13,17.9
2022,Nouveau-Brunswick,12 à 17 ans,Les deux sexes,13,
2022,Nouveau-Brunswick,12 à 17 ans,Hommes,13,
2022,Nouveau-Brunswick,12 à 17 ans,Femmes,13,
2022,Nouveau-Brunswick,"data.Total, 18 years and over",Les deux sexes,13,22.4
2022,Nouveau-Brunswick,"data.Total, 18 years and over",Hommes,13,26.2
2022,Nouveau-Brunswick,"data.Total, 18 years and over",Femmes,13,18.7
2022,Nouveau-Brunswick,18 à 34 ans,Les deux sexes,13,28.5
2022,Nouveau-Brunswick,18 à 34 ans,Hommes,13,32.0
2022,Nouveau-Brunswick,18 à 34 ans,Femmes,13,24.9
2022,Nouveau-Brunswick,35 à 49 ans,Les deux sexes,13,27.0
2022,Nouveau-Brunswick,35 à 49 ans,Hommes,13,29.4
2022,Nouveau-Brunswick,35 à 49 ans,Femmes,13,24.7
2022,Nouveau-Brunswick,50 à 64 ans,Les deux sexes,13,26.0
2022,Nouveau-Brunswick,50 à 64 ans,Hommes,13,31.9
2022,Nouveau-Brunswick,50 à 64 ans,Femmes,13,20.2
2022,Nouveau-Brunswick,65 ans et plus,Les deux sexes,13,9.8
2022,Nouveau-Brunswick,65 ans et plus,Hommes,13,12.2
2022,Nouveau-Brunswick,65 ans et plus,Femmes,13,7.6
2022,Québec,"Total, 12 ans et plus",Les deux sexes,24,21.4
2022,Québec,"Total, 12 ans et plus",Hommes,24,24.1
2022,Québec,"Total, 12 ans et plus",Femmes,24,18.8
2022,Québec,12 à 17 ans,Les deux sexes,24,4.7
2022,Québec,12 à 17 ans,Hommes,24,5.1
2022,Québec,12 à 17 ans,Femmes,24,4.3
2022,Québec,"data.Total, 18 years and over",Les deux sexes,24,22.7
2022,Québec,"data.Total, 18 years and over",Hommes,24,25.5
2022,Québec,"data.Total, 18 years and over",Femmes,24,19.8
2022,Québec,18 à 34 ans,Les deux sexes,24,31.7
2022,Québec,18 à 34 ans,Hommes,24,34.7
2022,Québec,18 à 34 ans,Femmes,24,28.5
2022,Québec,35 à 49 ans,Les deux sexes,24,27.0
2022,Québec,35 à 49 ans,Hommes,24,29.9
2022,Québec,35 à 49 ans,Femmes,24,24.0
2022,Québec,50 à 64 ans,Les deux sexes,24,21.5
2022,Québec,50 à 64 ans,Hommes,24,23.4
2022,Québec,50 à 64 ans,Femmes,24,19.6
2022,Québec,65 ans et plus,Les deux sexes,24,10.7
2022,Québec,65 ans et plus,Hommes,24,13.5
2022,Québec,65 ans et plus,Femmes,24,8.2
2022,Ontario,"Total, 12 ans et plus",Les deux sexes,35,18.1
2022,Ontario,"Total, 12 ans et plus",Hommes,35,20.9
2022,Ontario,"Total, 12 ans et plus",Femmes,35,15.5
2022,Ontario,12 à 17 ans,Les deux sexes,35,2.6
2022,Ontario,12 à 17 ans,Hommes,35,1.5
2022,Ontario,12 à 17 ans,Femmes,35,3.7
2022,Ontario,"data.Total, 18 years and over",Les deux sexes,35,19.4
2022,Ontario,"data.Total, 18 years and over",Hommes,35,22.5
2022,Ontario,"data.Total, 18 years and over",Femmes,35,16.4
2022,Ontario,18 à 34 ans,Les deux sexes,35,24.2
2022,Ontario,18 à 34 ans,Hommes,35,24.8
2022,Ontario,18 à 34 ans,Femmes,35,23.7
2022,Ontario,35 à 49 ans,Les deux sexes,35,21.6
2022,Ontario,35 à 49 ans,Hommes,35,26.7
2022,Ontario,35 à 49 ans,Femmes,35,16.9
2022,Ontario,50 à 64 ans,Les deux sexes,35,20.4
2022,Ontario,50 à 64 ans,Hommes,35,23.7
2022,Ontario,50 à 64 ans,Femmes,35,17.1
2022,Ontario,65 ans et plus,Les deux sexes,35,9.6
2022,Ontario,65 ans et plus,Hommes,35,12.8
2022,Ontario,65 ans et plus,Femmes,35,6.8
2022,Manitoba,"Total, 12 ans et plus",Les deux sexes,46,21.4
2022,Manitoba,"Total, 12 ans et plus",Hommes,46,26.4
2022,Manitoba,"Total, 12 ans et plus",Femmes,46,16.5
2022,Manitoba,12 à 17 ans,Les deux sexes,46,4.5
2022,Manitoba,12 à 17 ans,Hommes,46,
2022,Manitoba,12 à 17 ans,Femmes,46,
2022,Manitoba,"data.Total, 18 years and over",Les deux sexes,46,22.9
2022,Manitoba,"data.Total, 18 years and over",Hommes,46,28.9
2022,Manitoba,"data.Total, 18 years and over",Femmes,46,17.0
2022,Manitoba,18 à 34 ans,Les deux sexes,46,29.7
2022,Manitoba,18 à 34 ans,Hommes,46,35.8
2022,Manitoba,18 à 34 ans,Femmes,46,23.3
2022,Manitoba,35 à 49 ans,Les deux sexes,46,26.4
2022,Manitoba,35 à 49 ans,Hommes,46,33.7
2022,Manitoba,35 à 49 ans,Femmes,46,19.2
2022,Manitoba,50 à 64 ans,Les deux sexes,46,20.9
2022,Manitoba,50 à 64 ans,Hommes,46,27.4
2022,Manitoba,50 à 64 ans,Femmes,46,14.9
2022,Manitoba,65 ans et plus,Les deux sexes,46,11.6
2022,Manitoba,65 ans et plus,Hommes,46,14.6
2022,Manitoba,65 ans et plus,Femmes,46,8.8
2022,Saskatchewan,"Total, 12 ans et plus",Les deux sexes,47,19.9
2022,Saskatchewan,"Total, 12 ans et plus",Hommes,47,23.6
2022,Saskatchewan,"Total, 12 ans et plus",Femmes,47,16.2
2022,Saskatchewan,12 à 17 ans,Les deux sexes,47,6.2
2022,Saskatchewan,12 à 17 ans,Hommes,47,
2022,Saskatchewan,12 à 17 ans,Femmes,47,
2022,Saskatchewan,"data.Total, 18 years and over",Les deux sexes,47,21.2
2022,Saskatchewan,"data.Total, 18 years and over",Hommes,47,24.8
2022,Saskatchewan,"data.Total, 18 years and over",Femmes,47,17.6
2022,Saskatchewan,18 à 34 ans,Les deux sexes,47,30.5
2022,Saskatchewan,18 à 34 ans,Hommes,47,36.9
2022,Saskatchewan,18 à 34 ans,Femmes,47,24.0
2022,Saskatchewan,35 à 49 ans,Les deux sexes,47,25.0
2022,Saskatchewan,35 à 49 ans,Hommes,47,27.3
2022,Saskatchewan,35 à 49 ans,Femmes,47,22.7
2022,Saskatchewan,50 à 64 ans,Les deux sexes,47,16.7
2022,Saskatchewan,50 à 64 ans,Hommes,47,17.7
2022,Saskatchewan,50 à 64 ans,Femmes,47,15.6
2022,Saskatchewan,65 ans et plus,Les deux sexes,47,9.8
2022,Saskatchewan,65 ans et plus,Hommes,47,13.4
2022,Saskatchewan,65 ans et plus,Femmes,47,6.5
2022,Alberta,"Total, 12 ans et plus",Les deux sexes,48,20.7
2022,Alberta,"Total, 12 ans et plus",Hommes,48,25.3
2022,Alberta,"Total, 12 ans et plus",Femmes,48,16.0
2022,Alberta,12 à 17 ans,Les deux sexes,48,2.7
2022,Alberta,12 à 17 ans,Hommes,48,
2022,Alberta,12 à 17 ans,Femmes,48,
2022,Alberta,"data.Total, 18 years and over",Les deux sexes,48,22.3
2022,Alberta,"data.Total, 18 years and over",Hommes,48,27.4
2022,Alberta,"data.Total, 18 years and over",Femmes,48,17.2
2022,Alberta,18 à 34 ans,Les deux sexes,48,27.9
2022,Alberta,18 à 34 ans,Hommes,48,32.2
2022,Alberta,18 à 34 ans,Femmes,48,23.4
2022,Alberta,35 à 49 ans,Les deux sexes,48,27.6
2022,Alberta,35 à 49 ans,Hommes,48,34.1
2022,Alberta,35 à 49 ans,Femmes,48,21.2
2022,Alberta,50 à 64 ans,Les deux sexes,48,19.3
2022,Alberta,50 à 64 ans,Hommes,48,24.7
2022,Alberta,50 à 64 ans,Femmes,48,13.8
2022,Alberta,65 ans et plus,Les deux sexes,48,9.2
2022,Alberta,65 ans et plus,Hommes,48,12.1
2022,Alberta,65 ans et plus,Femmes,48,6.6
2022,Colombie-Britannique,"Total, 12 ans et plus",Les deux sexes,59,18.9
2022,Colombie-Britannique,"Total, 12 ans et plus",Hommes,59,21.8
2022,Colombie-Britannique,"Total, 12 ans et plus",Femmes,59,16.2
2022,Colombie-Britannique,12 à 17 ans,Les deux sexes,59,2.4
2022,Colombie-Britannique,12 à 17 ans,Hommes,59,2.3
2022,Colombie-Britannique,12 à 17 ans,Femmes,59,2.5
2022,Colombie-Britannique,"data.Total, 18 years and over",Les deux sexes,59,20.1
2022,Colombie-Britannique,"data.Total, 18 years and over",Hommes,59,23.2
2022,Colombie-Britannique,"data.Total, 18 years and over",Femmes,59,17.1
2022,Colombie-Britannique,18 à 34 ans,Les deux sexes,59,25.9
2022,Colombie-Britannique,18 à 34 ans,Hommes,59,27.0
2022,Colombie-Britannique,18 à 34 ans,Femmes,59,24.8
2022,Colombie-Britannique,35 à 49 ans,Les deux sexes,59,24.9
2022,Colombie-Britannique,35 à 49 ans,Hommes,59,30.0
2022,Colombie-Britannique,35 à 49 ans,Femmes,59,19.9
2022,Colombie-Britannique,50 à 64 ans,Les deux sexes,59,19.4
2022,Colombie-Britannique,50 à 64 ans,Hommes,59,23.6
2022,Colombie-Britannique,50 à 64 ans,Femmes,59,15.4
2022,Colombie-Britannique,65 ans et plus,Les deux sexes,59,9.3
2022,Colombie-Britannique,65 ans et plus,Hommes,59,10.8
2022,Colombie-Britannique,65 ans et plus,Femmes,59,8.0
