Year,Géographie,Type de violence entre partenaires intimes,Groupe d'âge,Groupe autochtone,Minorité visible,Status d'immigrant,Incapacité,Plus haut grade obtenu,Revenu du ménage,Lieu de résidence,État matrimonial,GeoCode,Value
2018,,,,,,,,,,,,,12.1
2018,Canada,"Total, tous les types de violence entre partenaires intimes",Âgée de 15 à 24 ans,,,,,,,,,,29.13
2018,Canada,"Total, tous les types de violence entre partenaires intimes",Âgée de 25 à 34 ans,,,,,,,,,,14.07
2018,Canada,"Total, tous les types de violence entre partenaires intimes",Âgée de 35 à 44 ans,,,,,,,,,,12.89
2018,Canada,"Total, tous les types de violence entre partenaires intimes",Âgée de 45 à 54 ans,,,,,,,,,,10.28
2018,Canada,"Total, tous les types de violence entre partenaires intimes",Âgée de 55 à 64 ans,,,,,,,,,,8.44
2018,Canada,"Total, tous les types de violence entre partenaires intimes",Âgée de 65 à 74 ans,,,,,,,,,,5.07
2018,Canada,"Total, tous les types de violence entre partenaires intimes",Âgée de 75 ans et plus,,,,,,,,,,4.91
2018,Canada,"Violence émotionnelle, psychologique ou exploitation financière","Total, toutes les personnes",,,,,,,,,,11.89
2018,Canada,"Violence émotionnelle, psychologique ou exploitation financière",Âgée de 15 à 24 ans,,,,,,,,,,27.76
2018,Canada,"Violence émotionnelle, psychologique ou exploitation financière",Âgée de 25 à 34 ans,,,,,,,,,,13.99
2018,Canada,"Violence émotionnelle, psychologique ou exploitation financière",Âgée de 35 à 44 ans,,,,,,,,,,12.75
2018,Canada,"Violence émotionnelle, psychologique ou exploitation financière",Âgée de 45 à 54 ans,,,,,,,,,,10.25
2018,Canada,"Violence émotionnelle, psychologique ou exploitation financière",Âgée de 55 à 64 ans,,,,,,,,,,8.37
2018,Canada,"Violence émotionnelle, psychologique ou exploitation financière",Âgée de 65 à 74 ans,,,,,,,,,,4.99
2018,Canada,"Violence émotionnelle, psychologique ou exploitation financière",Âgée de 75 ans et plus,,,,,,,,,,4.89
2018,Canada,"Total, violence physique ou sexuelle entre partenaires intimes","Total, toutes les personnes",,,,,,,,,,3.1
2018,Canada,"Total, violence physique ou sexuelle entre partenaires intimes",Âgée de 15 à 24 ans,,,,,,,,,,10.17
2018,Canada,"Total, violence physique ou sexuelle entre partenaires intimes",Âgée de 25 à 34 ans,,,,,,,,,,3.1
2018,Canada,"Total, violence physique ou sexuelle entre partenaires intimes",Âgée de 35 à 44 ans,,,,,,,,,,3.65
2018,Canada,"Total, violence physique ou sexuelle entre partenaires intimes",Âgée de 45 à 54 ans,,,,,,,,,,2.34
2018,Canada,"Total, violence physique ou sexuelle entre partenaires intimes",Âgée de 55 à 64 ans,,,,,,,,,,1.38
2018,Canada,"Total, violence physique ou sexuelle entre partenaires intimes",Âgée de 65 à 74 ans,,,,,,,,,,1.45
2018,Canada,Violence physique,"Total, toutes les personnes",,,,,,,,,,2.41
2018,Canada,Violence physique,Âgée de 15 à 24 ans,,,,,,,,,,6.19
2018,Canada,Violence physique,Âgée de 25 à 34 ans,,,,,,,,,,2.49
2018,Canada,Violence physique,Âgée de 35 à 44 ans,,,,,,,,,,3.07
2018,Canada,Violence physique,Âgée de 45 à 54 ans,,,,,,,,,,2.13
2018,Canada,Violence physique,Âgée de 55 à 64 ans,,,,,,,,,,1.13
2018,Canada,Violence physique,Âgée de 65 à 74 ans,,,,,,,,,,1.42
2018,Canada,Violence sexuelle,"Total, toutes les personnes",,,,,,,,,,1.15
2018,Canada,Violence sexuelle,Âgée de 15 à 24 ans,,,,,,,,,,5.06
2018,Canada,Violence sexuelle,Âgée de 25 à 34 ans,,,,,,,,,,1.26
2018,Canada,Violence sexuelle,Âgée de 35 à 44 ans,,,,,,,,,,1.15
2018,Canada,Violence sexuelle,Âgée de 45 à 54 ans,,,,,,,,,,0.67
2018,Canada,Violence sexuelle,Âgée de 55 à 64 ans,,,,,,,,,,0.47
2018,Provinces de l'Atlantique,"Total, tous les types de violence entre partenaires intimes","Total, toutes les personnes",,,,,,,,,,10.65
2018,Provinces de l'Atlantique,"Total, tous les types de violence entre partenaires intimes",Âgée de 15 à 24 ans,,,,,,,,,,20.97
2018,Provinces de l'Atlantique,"Total, tous les types de violence entre partenaires intimes",Âgée de 25 à 34 ans,,,,,,,,,,15.88
2018,Provinces de l'Atlantique,"Total, tous les types de violence entre partenaires intimes",Âgée de 35 à 44 ans,,,,,,,,,,12.92
2018,Provinces de l'Atlantique,"Total, tous les types de violence entre partenaires intimes",Âgée de 45 à 54 ans,,,,,,,,,,9.69
2018,Provinces de l'Atlantique,"Total, tous les types de violence entre partenaires intimes",Âgée de 55 à 64 ans,,,,,,,,,,6.43
2018,Provinces de l'Atlantique,"Total, tous les types de violence entre partenaires intimes",Âgée de 65 à 74 ans,,,,,,,,,,4.65
2018,Provinces de l'Atlantique,"Violence émotionnelle, psychologique ou exploitation financière","Total, toutes les personnes",,,,,,,,,,10.45
2018,Provinces de l'Atlantique,"Violence émotionnelle, psychologique ou exploitation financière",Âgée de 15 à 24 ans,,,,,,,,,,20.74
2018,Provinces de l'Atlantique,"Violence émotionnelle, psychologique ou exploitation financière",Âgée de 25 à 34 ans,,,,,,,,,,15.4
2018,Provinces de l'Atlantique,"Violence émotionnelle, psychologique ou exploitation financière",Âgée de 35 à 44 ans,,,,,,,,,,12.76
2018,Provinces de l'Atlantique,"Violence émotionnelle, psychologique ou exploitation financière",Âgée de 45 à 54 ans,,,,,,,,,,9.69
2018,Provinces de l'Atlantique,"Violence émotionnelle, psychologique ou exploitation financière",Âgée de 55 à 64 ans,,,,,,,,,,6.08
2018,Provinces de l'Atlantique,"Violence émotionnelle, psychologique ou exploitation financière",Âgée de 65 à 74 ans,,,,,,,,,,4.65
2018,Provinces de l'Atlantique,"Total, violence physique ou sexuelle entre partenaires intimes","Total, toutes les personnes",,,,,,,,,,3.28
2018,Provinces de l'Atlantique,"Total, violence physique ou sexuelle entre partenaires intimes",Âgée de 15 à 24 ans,,,,,,,,,,7.76
2018,Provinces de l'Atlantique,"Total, violence physique ou sexuelle entre partenaires intimes",Âgée de 25 à 34 ans,,,,,,,,,,6.74
2018,Provinces de l'Atlantique,"Total, violence physique ou sexuelle entre partenaires intimes",Âgée de 35 à 44 ans,,,,,,,,,,3.61
2018,Provinces de l'Atlantique,"Total, violence physique ou sexuelle entre partenaires intimes",Âgée de 45 à 54 ans,,,,,,,,,,2.33
2018,Provinces de l'Atlantique,"Total, violence physique ou sexuelle entre partenaires intimes",Âgée de 55 à 64 ans,,,,,,,,,,1.31
2018,Provinces de l'Atlantique,Violence physique,"Total, toutes les personnes",,,,,,,,,,2.63
2018,Provinces de l'Atlantique,Violence physique,Âgée de 15 à 24 ans,,,,,,,,,,6.11
2018,Provinces de l'Atlantique,Violence physique,Âgée de 25 à 34 ans,,,,,,,,,,5.03
2018,Provinces de l'Atlantique,Violence physique,Âgée de 35 à 44 ans,,,,,,,,,,2.7
2018,Provinces de l'Atlantique,Violence physique,Âgée de 45 à 54 ans,,,,,,,,,,2.11
2018,Provinces de l'Atlantique,Violence physique,Âgée de 55 à 64 ans,,,,,,,,,,1.31
2018,Provinces de l'Atlantique,Violence sexuelle,"Total, toutes les personnes",,,,,,,,,,1.13
2018,Québec,"Total, tous les types de violence entre partenaires intimes","Total, toutes les personnes",,,,,,,,,24,12.54
2018,Québec,"Total, tous les types de violence entre partenaires intimes",Âgée de 15 à 24 ans,,,,,,,,,24,33.05
2018,Québec,"Total, tous les types de violence entre partenaires intimes",Âgée de 25 à 34 ans,,,,,,,,,24,15.89
2018,Québec,"Total, tous les types de violence entre partenaires intimes",Âgée de 35 à 44 ans,,,,,,,,,24,14.1
2018,Québec,"Total, tous les types de violence entre partenaires intimes",Âgée de 45 à 54 ans,,,,,,,,,24,9.15
2018,Québec,"Total, tous les types de violence entre partenaires intimes",Âgée de 55 à 64 ans,,,,,,,,,24,7.94
2018,Québec,"Total, tous les types de violence entre partenaires intimes",Âgée de 65 à 74 ans,,,,,,,,,24,5.44
2018,Québec,"Violence émotionnelle, psychologique ou exploitation financière","Total, toutes les personnes",,,,,,,,,24,12.26
2018,Québec,"Violence émotionnelle, psychologique ou exploitation financière",Âgée de 15 à 24 ans,,,,,,,,,24,30.79
2018,Québec,"Violence émotionnelle, psychologique ou exploitation financière",Âgée de 25 à 34 ans,,,,,,,,,24,15.83
2018,Québec,"Violence émotionnelle, psychologique ou exploitation financière",Âgée de 35 à 44 ans,,,,,,,,,24,13.91
2018,Québec,"Violence émotionnelle, psychologique ou exploitation financière",Âgée de 45 à 54 ans,,,,,,,,,24,9.05
2018,Québec,"Violence émotionnelle, psychologique ou exploitation financière",Âgée de 55 à 64 ans,,,,,,,,,24,7.94
2018,Québec,"Violence émotionnelle, psychologique ou exploitation financière",Âgée de 65 à 74 ans,,,,,,,,,24,5.44
2018,Québec,"Total, violence physique ou sexuelle entre partenaires intimes","Total, toutes les personnes",,,,,,,,,24,2.42
2018,Québec,"Total, violence physique ou sexuelle entre partenaires intimes",Âgée de 25 à 34 ans,,,,,,,,,24,2.68
2018,Québec,"Total, violence physique ou sexuelle entre partenaires intimes",Âgée de 35 à 44 ans,,,,,,,,,24,3.37
2018,Québec,"Total, violence physique ou sexuelle entre partenaires intimes",Âgée de 45 à 54 ans,,,,,,,,,24,1.44
2018,Québec,Violence physique,"Total, toutes les personnes",,,,,,,,,24,1.63
2018,Québec,Violence physique,Âgée de 25 à 34 ans,,,,,,,,,24,2.43
2018,Québec,Violence physique,Âgée de 35 à 44 ans,,,,,,,,,24,2.61
2018,Québec,Violence sexuelle,"Total, toutes les personnes",,,,,,,,,24,1.09
2018,Ontario,"Total, tous les types de violence entre partenaires intimes","Total, toutes les personnes",,,,,,,,,35,11.47
2018,Ontario,"Total, tous les types de violence entre partenaires intimes",Âgée de 15 à 24 ans,,,,,,,,,35,29.69
2018,Ontario,"Total, tous les types de violence entre partenaires intimes",Âgée de 25 à 34 ans,,,,,,,,,35,10.65
2018,Ontario,"Total, tous les types de violence entre partenaires intimes",Âgée de 35 à 44 ans,,,,,,,,,35,11.95
2018,Ontario,"Total, tous les types de violence entre partenaires intimes",Âgée de 45 à 54 ans,,,,,,,,,35,10.81
2018,Ontario,"Total, tous les types de violence entre partenaires intimes",Âgée de 55 à 64 ans,,,,,,,,,35,8.93
2018,Ontario,"Total, tous les types de violence entre partenaires intimes",Âgée de 65 à 74 ans,,,,,,,,,35,5.02
2018,Ontario,"Violence émotionnelle, psychologique ou exploitation financière","Total, toutes les personnes",,,,,,,,,35,11.27
2018,Ontario,"Violence émotionnelle, psychologique ou exploitation financière",Âgée de 15 à 24 ans,,,,,,,,,35,27.67
2018,Ontario,"Violence émotionnelle, psychologique ou exploitation financière",Âgée de 25 à 34 ans,,,,,,,,,35,10.65
2018,Ontario,"Violence émotionnelle, psychologique ou exploitation financière",Âgée de 35 à 44 ans,,,,,,,,,35,11.95
2018,Ontario,"Violence émotionnelle, psychologique ou exploitation financière",Âgée de 45 à 54 ans,,,,,,,,,35,10.79
2018,Ontario,"Violence émotionnelle, psychologique ou exploitation financière",Âgée de 55 à 64 ans,,,,,,,,,35,8.93
2018,Ontario,"Violence émotionnelle, psychologique ou exploitation financière",Âgée de 65 à 74 ans,,,,,,,,,35,4.86
2018,Ontario,"Total, violence physique ou sexuelle entre partenaires intimes","Total, toutes les personnes",,,,,,,,,35,3.17
2018,Ontario,"Total, violence physique ou sexuelle entre partenaires intimes",Âgée de 15 à 24 ans,,,,,,,,,35,11.03
2018,Ontario,"Total, violence physique ou sexuelle entre partenaires intimes",Âgée de 25 à 34 ans,,,,,,,,,35,2.62
2018,Ontario,"Total, violence physique ou sexuelle entre partenaires intimes",Âgée de 35 à 44 ans,,,,,,,,,35,3.47
2018,Ontario,"Total, violence physique ou sexuelle entre partenaires intimes",Âgée de 45 à 54 ans,,,,,,,,,35,2.78
2018,Ontario,"Total, violence physique ou sexuelle entre partenaires intimes",Âgée de 55 à 64 ans,,,,,,,,,35,1.55
2018,Ontario,Violence physique,"Total, toutes les personnes",,,,,,,,,35,2.5
2018,Ontario,Violence physique,Âgée de 25 à 34 ans,,,,,,,,,35,1.76
2018,Ontario,Violence physique,Âgée de 35 à 44 ans,,,,,,,,,35,2.95
2018,Ontario,Violence physique,Âgée de 45 à 54 ans,,,,,,,,,35,2.73
2018,Ontario,Violence sexuelle,"Total, toutes les personnes",,,,,,,,,35,1.17
2018,Ontario,Violence sexuelle,Âgée de 25 à 34 ans,,,,,,,,,35,1.61
2018,Ontario,Violence sexuelle,Âgée de 35 à 44 ans,,,,,,,,,35,1.37
2018,Provinces des Prairies,"Total, tous les types de violence entre partenaires intimes","Total, toutes les personnes",,,,,,,,,,13.4
2018,Provinces des Prairies,"Total, tous les types de violence entre partenaires intimes",Âgée de 15 à 24 ans,,,,,,,,,,27.05
2018,Provinces des Prairies,"Total, tous les types de violence entre partenaires intimes",Âgée de 25 à 34 ans,,,,,,,,,,17.05
2018,Provinces des Prairies,"Total, tous les types de violence entre partenaires intimes",Âgée de 35 à 44 ans,,,,,,,,,,14.01
2018,Provinces des Prairies,"Total, tous les types de violence entre partenaires intimes",Âgée de 45 à 54 ans,,,,,,,,,,10.17
2018,Provinces des Prairies,"Total, tous les types de violence entre partenaires intimes",Âgée de 55 à 64 ans,,,,,,,,,,8.93
2018,Provinces des Prairies,"Total, tous les types de violence entre partenaires intimes",Âgée de 65 à 74 ans,,,,,,,,,,4.85
2018,Provinces des Prairies,"Total, tous les types de violence entre partenaires intimes",Âgée de 75 ans et plus,,,,,,,,,,5.96
2018,Provinces des Prairies,"Violence émotionnelle, psychologique ou exploitation financière","Total, toutes les personnes",,,,,,,,,,13.19
2018,Provinces des Prairies,"Violence émotionnelle, psychologique ou exploitation financière",Âgée de 15 à 24 ans,,,,,,,,,,26.59
2018,Provinces des Prairies,"Violence émotionnelle, psychologique ou exploitation financière",Âgée de 25 à 34 ans,,,,,,,,,,16.92
2018,Provinces des Prairies,"Violence émotionnelle, psychologique ou exploitation financière",Âgée de 35 à 44 ans,,,,,,,,,,13.63
2018,Provinces des Prairies,"Violence émotionnelle, psychologique ou exploitation financière",Âgée de 45 à 54 ans,,,,,,,,,,10.13
2018,Provinces des Prairies,"Violence émotionnelle, psychologique ou exploitation financière",Âgée de 55 à 64 ans,,,,,,,,,,8.66
2018,Provinces des Prairies,"Violence émotionnelle, psychologique ou exploitation financière",Âgée de 65 à 74 ans,,,,,,,,,,4.71
2018,Provinces des Prairies,"Violence émotionnelle, psychologique ou exploitation financière",Âgée de 75 ans et plus,,,,,,,,,,5.96
2018,Provinces des Prairies,"Total, violence physique ou sexuelle entre partenaires intimes","Total, toutes les personnes",,,,,,,,,,3.57
2018,Provinces des Prairies,"Total, violence physique ou sexuelle entre partenaires intimes",Âgée de 15 à 24 ans,,,,,,,,,,12.64
2018,Provinces des Prairies,"Total, violence physique ou sexuelle entre partenaires intimes",Âgée de 25 à 34 ans,,,,,,,,,,3.57
2018,Provinces des Prairies,"Total, violence physique ou sexuelle entre partenaires intimes",Âgée de 35 à 44 ans,,,,,,,,,,3.78
2018,Provinces des Prairies,"Total, violence physique ou sexuelle entre partenaires intimes",Âgée de 45 à 54 ans,,,,,,,,,,2.11
2018,Provinces des Prairies,"Total, violence physique ou sexuelle entre partenaires intimes",Âgée de 55 à 64 ans,,,,,,,,,,1.34
2018,Provinces des Prairies,Violence physique,"Total, toutes les personnes",,,,,,,,,,2.79
2018,Provinces des Prairies,Violence physique,Âgée de 15 à 24 ans,,,,,,,,,,8.36
2018,Provinces des Prairies,Violence physique,Âgée de 25 à 34 ans,,,,,,,,,,3.16
2018,Provinces des Prairies,Violence physique,Âgée de 35 à 44 ans,,,,,,,,,,3.2
2018,Provinces des Prairies,Violence physique,Âgée de 45 à 54 ans,,,,,,,,,,1.6
2018,Provinces des Prairies,Violence physique,Âgée de 55 à 64 ans,,,,,,,,,,1.2
2018,Provinces des Prairies,Violence sexuelle,"Total, toutes les personnes",,,,,,,,,,1.42
2018,Provinces des Prairies,Violence sexuelle,Âgée de 15 à 24 ans,,,,,,,,,,6.75
2018,Provinces des Prairies,Violence sexuelle,Âgée de 25 à 34 ans,,,,,,,,,,1.48
2018,Provinces des Prairies,Violence sexuelle,Âgée de 35 à 44 ans,,,,,,,,,,0.91
2018,Colombie-Britannique,"Total, tous les types de violence entre partenaires intimes","Total, toutes les personnes",,,,,,,,,59,12.1
2018,Colombie-Britannique,"Total, tous les types de violence entre partenaires intimes",Âgée de 15 à 24 ans,,,,,,,,,59,28.31
2018,Colombie-Britannique,"Total, tous les types de violence entre partenaires intimes",Âgée de 25 à 34 ans,,,,,,,,,59,16.18
2018,Colombie-Britannique,"Total, tous les types de violence entre partenaires intimes",Âgée de 35 à 44 ans,,,,,,,,,59,11.76
2018,Colombie-Britannique,"Total, tous les types de violence entre partenaires intimes",Âgée de 45 à 54 ans,,,,,,,,,59,10.93
2018,Colombie-Britannique,"Total, tous les types de violence entre partenaires intimes",Âgée de 55 à 64 ans,,,,,,,,,59,8.55
2018,Colombie-Britannique,"Total, tous les types de violence entre partenaires intimes",Âgée de 65 à 74 ans,,,,,,,,,59,5.11
2018,Colombie-Britannique,"Violence émotionnelle, psychologique ou exploitation financière","Total, toutes les personnes",,,,,,,,,59,12.07
2018,Colombie-Britannique,"Violence émotionnelle, psychologique ou exploitation financière",Âgée de 15 à 24 ans,,,,,,,,,59,28.31
2018,Colombie-Britannique,"Violence émotionnelle, psychologique ou exploitation financière",Âgée de 25 à 34 ans,,,,,,,,,59,16.18
2018,Colombie-Britannique,"Violence émotionnelle, psychologique ou exploitation financière",Âgée de 35 à 44 ans,,,,,,,,,59,11.64
2018,Colombie-Britannique,"Violence émotionnelle, psychologique ou exploitation financière",Âgée de 45 à 54 ans,,,,,,,,,59,10.93
2018,Colombie-Britannique,"Violence émotionnelle, psychologique ou exploitation financière",Âgée de 55 à 64 ans,,,,,,,,,59,8.55
2018,Colombie-Britannique,"Violence émotionnelle, psychologique ou exploitation financière",Âgée de 65 à 74 ans,,,,,,,,,59,5.11
2018,Colombie-Britannique,"Total, violence physique ou sexuelle entre partenaires intimes","Total, toutes les personnes",,,,,,,,,59,3.23
2018,Colombie-Britannique,"Total, violence physique ou sexuelle entre partenaires intimes",Âgée de 25 à 34 ans,,,,,,,,,59,2.75
2018,Colombie-Britannique,"Total, violence physique ou sexuelle entre partenaires intimes",Âgée de 35 à 44 ans,,,,,,,,,59,4.34
2018,Colombie-Britannique,"Total, violence physique ou sexuelle entre partenaires intimes",Âgée de 45 à 54 ans,,,,,,,,,59,2.72
2018,Colombie-Britannique,"Total, violence physique ou sexuelle entre partenaires intimes",Âgée de 55 à 64 ans,,,,,,,,,59,2.84
2018,Colombie-Britannique,Violence physique,"Total, toutes les personnes",,,,,,,,,59,2.77
2018,Colombie-Britannique,Violence physique,Âgée de 25 à 34 ans,,,,,,,,,59,2.52
2018,Colombie-Britannique,Violence physique,Âgée de 35 à 44 ans,,,,,,,,,59,4.12
2018,Colombie-Britannique,Violence physique,Âgée de 45 à 54 ans,,,,,,,,,59,2.39
2018,Colombie-Britannique,Violence sexuelle,"Total, toutes les personnes",,,,,,,,,59,0.82
2018,Territoires,"Total, tous les types de violence entre partenaires intimes","Total, toutes les personnes",,,,,,,,,,15.25
2018,Territoires,"Total, tous les types de violence entre partenaires intimes",Âgée de 15 à 24 ans,,,,,,,,,,33.01
2018,Territoires,"Total, tous les types de violence entre partenaires intimes",Âgée de 25 à 34 ans,,,,,,,,,,15.48
2018,Territoires,"Total, tous les types de violence entre partenaires intimes",Âgée de 35 à 44 ans,,,,,,,,,,17.38
2018,Territoires,"Total, tous les types de violence entre partenaires intimes",Âgée de 45 à 54 ans,,,,,,,,,,15.8
2018,Territoires,"Violence émotionnelle, psychologique ou exploitation financière","Total, toutes les personnes",,,,,,,,,,14.57
2018,Territoires,"Violence émotionnelle, psychologique ou exploitation financière",Âgée de 15 à 24 ans,,,,,,,,,,33.01
2018,Territoires,"Violence émotionnelle, psychologique ou exploitation financière",Âgée de 25 à 34 ans,,,,,,,,,,12.95
2018,Territoires,"Violence émotionnelle, psychologique ou exploitation financière",Âgée de 35 à 44 ans,,,,,,,,,,17.38
2018,Territoires,"Violence émotionnelle, psychologique ou exploitation financière",Âgée de 45 à 54 ans,,,,,,,,,,15.41
2018,Territoires,"Total, violence physique ou sexuelle entre partenaires intimes","Total, toutes les personnes",,,,,,,,,,7.65
2018,Territoires,"Total, violence physique ou sexuelle entre partenaires intimes",Âgée de 15 à 24 ans,,,,,,,,,,16.07
2018,Territoires,"Total, violence physique ou sexuelle entre partenaires intimes",Âgée de 25 à 34 ans,,,,,,,,,,9.98
2018,Territoires,"Total, violence physique ou sexuelle entre partenaires intimes",Âgée de 35 à 44 ans,,,,,,,,,,10.06
2018,Territoires,"Total, violence physique ou sexuelle entre partenaires intimes",Âgée de 45 à 54 ans,,,,,,,,,,4.77
2018,Territoires,Violence physique,"Total, toutes les personnes",,,,,,,,,,6.41
2018,Territoires,Violence physique,Âgée de 15 à 24 ans,,,,,,,,,,12.15
2018,Territoires,Violence physique,Âgée de 25 à 34 ans,,,,,,,,,,8.89
2018,Territoires,Violence physique,Âgée de 35 à 44 ans,,,,,,,,,,9.22
2018,Territoires,Violence sexuelle,"Total, toutes les personnes",,,,,,,,,,2.79
2018,Territoires,Violence sexuelle,Âgée de 25 à 34 ans,,,,,,,,,,3.38
2018,Canada,"Total, tous les types de violence entre partenaires intimes",,Autochtone,,,,,,,,,16.81
2018,Canada,"Total, tous les types de violence entre partenaires intimes",,Première Nation (Indien de l'Amérique du Nord),,,,,,,,,15.72
2018,Canada,"Total, tous les types de violence entre partenaires intimes",,Inuk (Inuit),,,,,,,,,12.01
2018,Canada,"Total, tous les types de violence entre partenaires intimes",,Personne non autochtone,,,,,,,,,11.92
2018,Canada,"Violence émotionnelle, psychologique ou exploitation financière",,Autochtone,,,,,,,,,16.77
2018,Canada,"Violence émotionnelle, psychologique ou exploitation financière",,Première Nation (Indien de l'Amérique du Nord),,,,,,,,,15.72
2018,Canada,"Violence émotionnelle, psychologique ou exploitation financière",,Inuk (Inuit),,,,,,,,,11.21
2018,Canada,"Violence émotionnelle, psychologique ou exploitation financière",,Personne non autochtone,,,,,,,,,11.71
2018,Canada,"Total, violence physique ou sexuelle entre partenaires intimes",,Autochtone,,,,,,,,,4.86
2018,Canada,"Total, violence physique ou sexuelle entre partenaires intimes",,Première Nation (Indien de l'Amérique du Nord),,,,,,,,,8.33
2018,Canada,"Total, violence physique ou sexuelle entre partenaires intimes",,Inuk (Inuit),,,,,,,,,5.9
2018,Canada,"Total, violence physique ou sexuelle entre partenaires intimes",,Personne non autochtone,,,,,,,,,3.04
2018,Canada,Violence physique,,Autochtone,,,,,,,,,3.58
2018,Canada,Violence physique,,Première Nation (Indien de l'Amérique du Nord),,,,,,,,,5.93
2018,Canada,Violence physique,,Inuk (Inuit),,,,,,,,,5.9
2018,Canada,Violence physique,,Personne non autochtone,,,,,,,,,2.37
2018,Canada,Violence sexuelle,,Autochtone,,,,,,,,,2.36
2018,Canada,Violence sexuelle,,Première Nation (Indien de l'Amérique du Nord),,,,,,,,,4.35
2018,Canada,Violence sexuelle,,Inuk (Inuit),,,,,,,,,1.65
2018,Canada,Violence sexuelle,,Personne non autochtone,,,,,,,,,1.12
2018,Provinces de l'Atlantique,"Total, tous les types de violence entre partenaires intimes",,Autochtone,,,,,,,,,15.71
2018,Provinces de l'Atlantique,"Total, tous les types de violence entre partenaires intimes",,Première Nation (Indien de l'Amérique du Nord),,,,,,,,,16.35
2018,Provinces de l'Atlantique,"Total, tous les types de violence entre partenaires intimes",,Personne non autochtone,,,,,,,,,10.46
2018,Provinces de l'Atlantique,"Violence émotionnelle, psychologique ou exploitation financière",,Autochtone,,,,,,,,,15.71
2018,Provinces de l'Atlantique,"Violence émotionnelle, psychologique ou exploitation financière",,Première Nation (Indien de l'Amérique du Nord),,,,,,,,,16.35
2018,Provinces de l'Atlantique,"Violence émotionnelle, psychologique ou exploitation financière",,Personne non autochtone,,,,,,,,,10.24
2018,Provinces de l'Atlantique,"Total, violence physique ou sexuelle entre partenaires intimes",,Personne non autochtone,,,,,,,,,3.13
2018,Provinces de l'Atlantique,Violence physique,,Personne non autochtone,,,,,,,,,2.65
2018,Provinces de l'Atlantique,Violence sexuelle,,Personne non autochtone,,,,,,,,,0.95
2018,Québec,"Total, tous les types de violence entre partenaires intimes",,Personne non autochtone,,,,,,,,24,12.54
2018,Québec,"Violence émotionnelle, psychologique ou exploitation financière",,Personne non autochtone,,,,,,,,24,12.26
2018,Québec,"Total, violence physique ou sexuelle entre partenaires intimes",,Personne non autochtone,,,,,,,,24,2.41
2018,Québec,Violence physique,,Personne non autochtone,,,,,,,,24,1.6
2018,Québec,Violence sexuelle,,Personne non autochtone,,,,,,,,24,1.12
2018,Ontario,"Total, tous les types de violence entre partenaires intimes",,Personne non autochtone,,,,,,,,35,11.41
2018,Ontario,"Violence émotionnelle, psychologique ou exploitation financière",,Personne non autochtone,,,,,,,,35,11.2
2018,Ontario,"Total, violence physique ou sexuelle entre partenaires intimes",,Personne non autochtone,,,,,,,,35,3.16
2018,Ontario,Violence physique,,Personne non autochtone,,,,,,,,35,2.54
2018,Ontario,Violence sexuelle,,Personne non autochtone,,,,,,,,35,1.14
2018,Provinces des Prairies,"Total, tous les types de violence entre partenaires intimes",,Autochtone,,,,,,,,,17.12
2018,Provinces des Prairies,"Total, tous les types de violence entre partenaires intimes",,Première Nation (Indien de l'Amérique du Nord),,,,,,,,,14.42
2018,Provinces des Prairies,"Total, tous les types de violence entre partenaires intimes",,Personne non autochtone,,,,,,,,,13.08
2018,Provinces des Prairies,"Violence émotionnelle, psychologique ou exploitation financière",,Autochtone,,,,,,,,,17.12
2018,Provinces des Prairies,"Violence émotionnelle, psychologique ou exploitation financière",,Première Nation (Indien de l'Amérique du Nord),,,,,,,,,14.42
2018,Provinces des Prairies,"Violence émotionnelle, psychologique ou exploitation financière",,Personne non autochtone,,,,,,,,,12.86
2018,Provinces des Prairies,"Total, violence physique ou sexuelle entre partenaires intimes",,Autochtone,,,,,,,,,5.53
2018,Provinces des Prairies,"Total, violence physique ou sexuelle entre partenaires intimes",,Personne non autochtone,,,,,,,,,3.45
2018,Provinces des Prairies,Violence physique,,Autochtone,,,,,,,,,5.42
2018,Provinces des Prairies,Violence physique,,Personne non autochtone,,,,,,,,,2.62
2018,Provinces des Prairies,Violence sexuelle,,Personne non autochtone,,,,,,,,,1.41
2018,Colombie-Britannique,"Total, tous les types de violence entre partenaires intimes",,Autochtone,,,,,,,,59,21.69
2018,Colombie-Britannique,"Total, tous les types de violence entre partenaires intimes",,Personne non autochtone,,,,,,,,59,11.62
2018,Colombie-Britannique,"Violence émotionnelle, psychologique ou exploitation financière",,Autochtone,,,,,,,,59,21.69
2018,Colombie-Britannique,"Violence émotionnelle, psychologique ou exploitation financière",,Personne non autochtone,,,,,,,,59,11.59
2018,Colombie-Britannique,"Total, violence physique ou sexuelle entre partenaires intimes",,Personne non autochtone,,,,,,,,59,3.17
2018,Colombie-Britannique,Violence physique,,Personne non autochtone,,,,,,,,59,2.71
2018,Colombie-Britannique,Violence sexuelle,,Personne non autochtone,,,,,,,,59,0.73
2018,Territoires,"Total, tous les types de violence entre partenaires intimes",,Autochtone,,,,,,,,,21.63
2018,Territoires,"Total, tous les types de violence entre partenaires intimes",,Première Nation (Indien de l'Amérique du Nord),,,,,,,,,23.45
2018,Territoires,"Total, tous les types de violence entre partenaires intimes",,Inuk (Inuit),,,,,,,,,19.32
2018,Territoires,"Total, tous les types de violence entre partenaires intimes",,Personne non autochtone,,,,,,,,,9.71
2018,Territoires,"Violence émotionnelle, psychologique ou exploitation financière",,Autochtone,,,,,,,,,20.75
2018,Territoires,"Violence émotionnelle, psychologique ou exploitation financière",,Première Nation (Indien de l'Amérique du Nord),,,,,,,,,23.45
2018,Territoires,"Violence émotionnelle, psychologique ou exploitation financière",,Inuk (Inuit),,,,,,,,,17.79
2018,Territoires,"Violence émotionnelle, psychologique ou exploitation financière",,Personne non autochtone,,,,,,,,,9.21
2018,Territoires,"Total, violence physique ou sexuelle entre partenaires intimes",,Autochtone,,,,,,,,,11.87
2018,Territoires,"Total, violence physique ou sexuelle entre partenaires intimes",,Première Nation (Indien de l'Amérique du Nord),,,,,,,,,15.76
2018,Territoires,"Total, violence physique ou sexuelle entre partenaires intimes",,Inuk (Inuit),,,,,,,,,11.32
2018,Territoires,"Total, violence physique ou sexuelle entre partenaires intimes",,Personne non autochtone,,,,,,,,,3.98
2018,Territoires,Violence physique,,Autochtone,,,,,,,,,10.49
2018,Territoires,Violence physique,,Première Nation (Indien de l'Amérique du Nord),,,,,,,,,11.83
2018,Territoires,Violence physique,,Inuk (Inuit),,,,,,,,,11.32
2018,Territoires,Violence physique,,Personne non autochtone,,,,,,,,,2.85
2018,Territoires,Violence sexuelle,,Autochtone,,,,,,,,,3.76
2018,Territoires,Violence sexuelle,,Inuk (Inuit),,,,,,,,,3.16
2018,Territoires,Violence sexuelle,,Personne non autochtone,,,,,,,,,1.94
2018,Canada,"Total, tous les types de violence entre partenaires intimes",,,Population des minorités visibles,,,,,,,,9.2
2018,Canada,"Total, tous les types de violence entre partenaires intimes",,,Arabe,,,,,,,,12.66
2018,Canada,"Total, tous les types de violence entre partenaires intimes",,,Noirs,,,,,,,,9.02
2018,Canada,"Total, tous les types de violence entre partenaires intimes",,,Chinois,,,,,,,,8.19
2018,Canada,"Total, tous les types de violence entre partenaires intimes",,,Philippin,,,,,,,,3.58
2018,Canada,"Total, tous les types de violence entre partenaires intimes",,,Latino-Américain,,,,,,,,8.75
2018,Canada,"Total, tous les types de violence entre partenaires intimes",,,Sud-Asiatique,,,,,,,,8.86
2018,Canada,"Total, tous les types de violence entre partenaires intimes",,,Groupe non indiqué ailleurs,,,,,,,,15.5
2018,Canada,"Violence émotionnelle, psychologique ou exploitation financière",,,Population des minorités visibles,,,,,,,,9.06
2018,Canada,"Violence émotionnelle, psychologique ou exploitation financière",,,Arabe,,,,,,,,12.66
2018,Canada,"Violence émotionnelle, psychologique ou exploitation financière",,,Noirs,,,,,,,,8.62
2018,Canada,"Violence émotionnelle, psychologique ou exploitation financière",,,Chinois,,,,,,,,8.03
2018,Canada,"Violence émotionnelle, psychologique ou exploitation financière",,,Philippin,,,,,,,,3.58
2018,Canada,"Violence émotionnelle, psychologique ou exploitation financière",,,Latino-Américain,,,,,,,,8.75
2018,Canada,"Violence émotionnelle, psychologique ou exploitation financière",,,Sud-Asiatique,,,,,,,,8.86
2018,Canada,"Violence émotionnelle, psychologique ou exploitation financière",,,Groupe non indiqué ailleurs,,,,,,,,14.94
2018,Canada,"Total, violence physique ou sexuelle entre partenaires intimes",,,Population des minorités visibles,,,,,,,,3.11
2018,Canada,"Total, violence physique ou sexuelle entre partenaires intimes",,,Chinois,,,,,,,,3.67
2018,Canada,"Total, violence physique ou sexuelle entre partenaires intimes",,,Sud-Asiatique,,,,,,,,2.55
2018,Canada,Violence physique,,,Population des minorités visibles,,,,,,,,2.45
2018,Canada,Violence physique,,,Chinois,,,,,,,,2.67
2018,Canada,Violence sexuelle,,,Population des minorités visibles,,,,,,,,1.3
2018,Canada,Violence sexuelle,,,Chinois,,,,,,,,2.42
2018,Québec,"Total, tous les types de violence entre partenaires intimes",,,Population des minorités visibles,,,,,,,24,13.59
2018,Québec,"Violence émotionnelle, psychologique ou exploitation financière",,,Population des minorités visibles,,,,,,,24,13.59
2018,Ontario,"Total, tous les types de violence entre partenaires intimes",,,Population des minorités visibles,,,,,,,35,7.54
2018,Ontario,"Total, tous les types de violence entre partenaires intimes",,,Chinois,,,,,,,35,8.39
2018,Ontario,"Violence émotionnelle, psychologique ou exploitation financière",,,Population des minorités visibles,,,,,,,35,7.45
2018,Ontario,"Violence émotionnelle, psychologique ou exploitation financière",,,Chinois,,,,,,,35,8.39
2018,Ontario,"Total, violence physique ou sexuelle entre partenaires intimes",,,Population des minorités visibles,,,,,,,35,3.38
2018,Ontario,Violence physique,,,Population des minorités visibles,,,,,,,35,3.01
2018,Provinces des Prairies,"Total, tous les types de violence entre partenaires intimes",,,Population des minorités visibles,,,,,,,,12.58
2018,Provinces des Prairies,"Total, tous les types de violence entre partenaires intimes",,,Chinois,,,,,,,,7.15
2018,Provinces des Prairies,"Total, tous les types de violence entre partenaires intimes",,,Sud-Asiatique,,,,,,,,18.91
2018,Provinces des Prairies,"Violence émotionnelle, psychologique ou exploitation financière",,,Population des minorités visibles,,,,,,,,12.11
2018,Provinces des Prairies,"Violence émotionnelle, psychologique ou exploitation financière",,,Sud-Asiatique,,,,,,,,18.91
2018,Provinces des Prairies,"Total, violence physique ou sexuelle entre partenaires intimes",,,Population des minorités visibles,,,,,,,,5.66
2018,Provinces des Prairies,Violence physique,,,Population des minorités visibles,,,,,,,,3.21
2018,Provinces des Prairies,Violence sexuelle,,,Population des minorités visibles,,,,,,,,2.94
2018,Colombie-Britannique,"Total, tous les types de violence entre partenaires intimes",,,Population des minorités visibles,,,,,,,59,7.95
2018,Colombie-Britannique,"Total, tous les types de violence entre partenaires intimes",,,Chinois,,,,,,,59,9.67
2018,Colombie-Britannique,"Violence émotionnelle, psychologique ou exploitation financière",,,Population des minorités visibles,,,,,,,59,7.86
2018,Colombie-Britannique,"Violence émotionnelle, psychologique ou exploitation financière",,,Chinois,,,,,,,59,9.46
2018,Canada,"Total, tous les types de violence entre partenaires intimes",,,,Personne immigrante,,,,,,,9.59
2018,Canada,"Total, tous les types de violence entre partenaires intimes",,,,Personne non immigrante,,,,,,,12.91
2018,Canada,"Violence émotionnelle, psychologique ou exploitation financière",,,,Personne immigrante,,,,,,,9.47
2018,Canada,"Violence émotionnelle, psychologique ou exploitation financière",,,,Personne non immigrante,,,,,,,12.69
2018,Canada,"Total, violence physique ou sexuelle entre partenaires intimes",,,,Personne immigrante,,,,,,,2.96
2018,Canada,"Total, violence physique ou sexuelle entre partenaires intimes",,,,Personne non immigrante,,,,,,,3.16
2018,Canada,Violence physique,,,,Personne immigrante,,,,,,,2.45
2018,Canada,Violence physique,,,,Personne non immigrante,,,,,,,2.42
2018,Canada,Violence sexuelle,,,,Personne immigrante,,,,,,,0.85
2018,Canada,Violence sexuelle,,,,Personne non immigrante,,,,,,,1.25
2018,Provinces de l'Atlantique,"Total, tous les types de violence entre partenaires intimes",,,,Personne immigrante,,,,,,,15.63
2018,Provinces de l'Atlantique,"Total, tous les types de violence entre partenaires intimes",,,,Personne non immigrante,,,,,,,10.35
2018,Provinces de l'Atlantique,"Violence émotionnelle, psychologique ou exploitation financière",,,,Personne immigrante,,,,,,,14.92
2018,Provinces de l'Atlantique,"Violence émotionnelle, psychologique ou exploitation financière",,,,Personne non immigrante,,,,,,,10.18
2018,Provinces de l'Atlantique,"Total, violence physique ou sexuelle entre partenaires intimes",,,,Personne immigrante,,,,,,,4.13
2018,Provinces de l'Atlantique,"Total, violence physique ou sexuelle entre partenaires intimes",,,,Personne non immigrante,,,,,,,3.24
2018,Provinces de l'Atlantique,Violence physique,,,,Personne non immigrante,,,,,,,2.56
2018,Provinces de l'Atlantique,Violence sexuelle,,,,Personne non immigrante,,,,,,,1.06
2018,Québec,"Total, tous les types de violence entre partenaires intimes",,,,Personne immigrante,,,,,,24,10.49
2018,Québec,"Total, tous les types de violence entre partenaires intimes",,,,Personne non immigrante,,,,,,24,12.92
2018,Québec,"Violence émotionnelle, psychologique ou exploitation financière",,,,Personne immigrante,,,,,,24,10.49
2018,Québec,"Violence émotionnelle, psychologique ou exploitation financière",,,,Personne non immigrante,,,,,,24,12.6
2018,Québec,"Total, violence physique ou sexuelle entre partenaires intimes",,,,Personne non immigrante,,,,,,24,2.68
2018,Québec,Violence physique,,,,Personne non immigrante,,,,,,24,1.81
2018,Québec,Violence sexuelle,,,,Personne non immigrante,,,,,,24,1.22
2018,Ontario,"Total, tous les types de violence entre partenaires intimes",,,,Personne immigrante,,,,,,35,9.64
2018,Ontario,"Total, tous les types de violence entre partenaires intimes",,,,Personne non immigrante,,,,,,35,12.43
2018,Ontario,"Violence émotionnelle, psychologique ou exploitation financière",,,,Personne immigrante,,,,,,35,9.5
2018,Ontario,"Violence émotionnelle, psychologique ou exploitation financière",,,,Personne non immigrante,,,,,,35,12.19
2018,Ontario,"Total, violence physique ou sexuelle entre partenaires intimes",,,,Personne immigrante,,,,,,35,3.88
2018,Ontario,"Total, violence physique ou sexuelle entre partenaires intimes",,,,Personne non immigrante,,,,,,35,2.89
2018,Ontario,Violence physique,,,,Personne immigrante,,,,,,35,3.51
2018,Ontario,Violence physique,,,,Personne non immigrante,,,,,,35,2.1
2018,Ontario,Violence sexuelle,,,,Personne non immigrante,,,,,,35,1.3
2018,Provinces des Prairies,"Total, tous les types de violence entre partenaires intimes",,,,Personne immigrante,,,,,,,10.83
2018,Provinces des Prairies,"Total, tous les types de violence entre partenaires intimes",,,,Personne non immigrante,,,,,,,13.99
2018,Provinces des Prairies,"Violence émotionnelle, psychologique ou exploitation financière",,,,Personne immigrante,,,,,,,10.67
2018,Provinces des Prairies,"Violence émotionnelle, psychologique ou exploitation financière",,,,Personne non immigrante,,,,,,,13.76
2018,Provinces des Prairies,"Total, violence physique ou sexuelle entre partenaires intimes",,,,Personne immigrante,,,,,,,3.2
2018,Provinces des Prairies,"Total, violence physique ou sexuelle entre partenaires intimes",,,,Personne non immigrante,,,,,,,3.67
2018,Provinces des Prairies,Violence physique,,,,Personne immigrante,,,,,,,1.52
2018,Provinces des Prairies,Violence physique,,,,Personne non immigrante,,,,,,,3.08
2018,Provinces des Prairies,Violence sexuelle,,,,Personne immigrante,,,,,,,1.71
2018,Provinces des Prairies,Violence sexuelle,,,,Personne non immigrante,,,,,,,1.37
2018,Colombie-Britannique,"Total, tous les types de violence entre partenaires intimes",,,,Personne immigrante,,,,,,59,7.04
2018,Colombie-Britannique,"Total, tous les types de violence entre partenaires intimes",,,,Personne non immigrante,,,,,,59,14.27
2018,Colombie-Britannique,"Violence émotionnelle, psychologique ou exploitation financière",,,,Personne immigrante,,,,,,59,6.96
2018,Colombie-Britannique,"Violence émotionnelle, psychologique ou exploitation financière",,,,Personne non immigrante,,,,,,59,14.27
2018,Colombie-Britannique,"Total, violence physique ou sexuelle entre partenaires intimes",,,,Personne immigrante,,,,,,59,1.47
2018,Colombie-Britannique,"Total, violence physique ou sexuelle entre partenaires intimes",,,,Personne non immigrante,,,,,,59,3.98
2018,Colombie-Britannique,Violence physique,,,,Personne immigrante,,,,,,59,1.31
2018,Colombie-Britannique,Violence physique,,,,Personne non immigrante,,,,,,59,3.38
2018,Colombie-Britannique,Violence sexuelle,,,,Personne non immigrante,,,,,,59,1.05
2018,Territoires,"Total, tous les types de violence entre partenaires intimes",,,,Personne non immigrante,,,,,,,16.66
2018,Territoires,"Violence émotionnelle, psychologique ou exploitation financière",,,,Personne non immigrante,,,,,,,15.89
2018,Territoires,"Total, violence physique ou sexuelle entre partenaires intimes",,,,Personne non immigrante,,,,,,,8.31
2018,Territoires,Violence physique,,,,Personne non immigrante,,,,,,,6.89
2018,Territoires,Violence sexuelle,,,,Personne non immigrante,,,,,,,3.18
2018,Canada,"Total, tous les types de violence entre partenaires intimes",,,,,Personne ayant une incapacité,,,,,,16.27
2018,Canada,"Total, tous les types de violence entre partenaires intimes",,,,,Personne n’ayant aucune incapacité,,,,,,9.55
2018,Canada,"Violence émotionnelle, psychologique ou exploitation financière",,,,,Personne ayant une incapacité,,,,,,15.88
2018,Canada,"Violence émotionnelle, psychologique ou exploitation financière",,,,,Personne n’ayant aucune incapacité,,,,,,9.47
2018,Canada,"Total, violence physique ou sexuelle entre partenaires intimes",,,,,Personne ayant une incapacité,,,,,,4.86
2018,Canada,"Total, violence physique ou sexuelle entre partenaires intimes",,,,,Personne n’ayant aucune incapacité,,,,,,2.02
2018,Canada,Violence physique,,,,,Personne ayant une incapacité,,,,,,3.53
2018,Canada,Violence physique,,,,,Personne n’ayant aucune incapacité,,,,,,1.73
2018,Canada,Violence sexuelle,,,,,Personne ayant une incapacité,,,,,,2.23
2018,Canada,Violence sexuelle,,,,,Personne n’ayant aucune incapacité,,,,,,0.5
2018,Provinces de l'Atlantique,"Total, tous les types de violence entre partenaires intimes",,,,,Personne ayant une incapacité,,,,,,13.56
2018,Provinces de l'Atlantique,"Total, tous les types de violence entre partenaires intimes",,,,,Personne n’ayant aucune incapacité,,,,,,8.58
2018,Provinces de l'Atlantique,"Violence émotionnelle, psychologique ou exploitation financière",,,,,Personne ayant une incapacité,,,,,,13.37
2018,Provinces de l'Atlantique,"Violence émotionnelle, psychologique ou exploitation financière",,,,,Personne n’ayant aucune incapacité,,,,,,8.36
2018,Provinces de l'Atlantique,"Total, violence physique ou sexuelle entre partenaires intimes",,,,,Personne ayant une incapacité,,,,,,5.35
2018,Provinces de l'Atlantique,"Total, violence physique ou sexuelle entre partenaires intimes",,,,,Personne n’ayant aucune incapacité,,,,,,1.81
2018,Provinces de l'Atlantique,Violence physique,,,,,Personne ayant une incapacité,,,,,,4.44
2018,Provinces de l'Atlantique,Violence physique,,,,,Personne n’ayant aucune incapacité,,,,,,1.35
2018,Provinces de l'Atlantique,Violence sexuelle,,,,,Personne ayant une incapacité,,,,,,1.85
2018,Provinces de l'Atlantique,Violence sexuelle,,,,,Personne n’ayant aucune incapacité,,,,,,0.61
2018,Québec,"Total, tous les types de violence entre partenaires intimes",,,,,Personne ayant une incapacité,,,,,24,16.41
2018,Québec,"Total, tous les types de violence entre partenaires intimes",,,,,Personne n’ayant aucune incapacité,,,,,24,10.61
2018,Québec,"Violence émotionnelle, psychologique ou exploitation financière",,,,,Personne ayant une incapacité,,,,,24,15.75
2018,Québec,"Violence émotionnelle, psychologique ou exploitation financière",,,,,Personne n’ayant aucune incapacité,,,,,24,10.53
2018,Québec,"Total, violence physique ou sexuelle entre partenaires intimes",,,,,Personne ayant une incapacité,,,,,24,5.39
2018,Québec,"Total, violence physique ou sexuelle entre partenaires intimes",,,,,Personne n’ayant aucune incapacité,,,,,24,0.95
2018,Québec,Violence physique,,,,,Personne ayant une incapacité,,,,,24,3.23
2018,Québec,Violence physique,,,,,Personne n’ayant aucune incapacité,,,,,24,0.84
2018,Québec,Violence sexuelle,,,,,Personne ayant une incapacité,,,,,24,3.07
2018,Ontario,"Total, tous les types de violence entre partenaires intimes",,,,,Personne ayant une incapacité,,,,,35,15.73
2018,Ontario,"Total, tous les types de violence entre partenaires intimes",,,,,Personne n’ayant aucune incapacité,,,,,35,8.7
2018,Ontario,"Violence émotionnelle, psychologique ou exploitation financière",,,,,Personne ayant une incapacité,,,,,35,15.22
2018,Ontario,"Violence émotionnelle, psychologique ou exploitation financière",,,,,Personne n’ayant aucune incapacité,,,,,35,8.7
2018,Ontario,"Total, violence physique ou sexuelle entre partenaires intimes",,,,,Personne ayant une incapacité,,,,,35,4.73
2018,Ontario,"Total, violence physique ou sexuelle entre partenaires intimes",,,,,Personne n’ayant aucune incapacité,,,,,35,2.15
2018,Ontario,Violence physique,,,,,Personne ayant une incapacité,,,,,35,3.46
2018,Ontario,Violence physique,,,,,Personne n’ayant aucune incapacité,,,,,35,1.88
2018,Ontario,Violence sexuelle,,,,,Personne ayant une incapacité,,,,,35,2.05
2018,Ontario,Violence sexuelle,,,,,Personne n’ayant aucune incapacité,,,,,35,0.6
2018,Provinces des Prairies,"Total, tous les types de violence entre partenaires intimes",,,,,Personne ayant une incapacité,,,,,,17.24
2018,Provinces des Prairies,"Total, tous les types de violence entre partenaires intimes",,,,,Personne n’ayant aucune incapacité,,,,,,11.07
2018,Provinces des Prairies,"Violence émotionnelle, psychologique ou exploitation financière",,,,,Personne ayant une incapacité,,,,,,17.05
2018,Provinces des Prairies,"Violence émotionnelle, psychologique ou exploitation financière",,,,,Personne n’ayant aucune incapacité,,,,,,10.83
2018,Provinces des Prairies,"Total, violence physique ou sexuelle entre partenaires intimes",,,,,Personne ayant une incapacité,,,,,,4.67
2018,Provinces des Prairies,"Total, violence physique ou sexuelle entre partenaires intimes",,,,,Personne n’ayant aucune incapacité,,,,,,2.9
2018,Provinces des Prairies,Violence physique,,,,,Personne ayant une incapacité,,,,,,3.7
2018,Provinces des Prairies,Violence physique,,,,,Personne n’ayant aucune incapacité,,,,,,2.23
2018,Provinces des Prairies,Violence sexuelle,,,,,Personne ayant une incapacité,,,,,,2.19
2018,Provinces des Prairies,Violence sexuelle,,,,,Personne n’ayant aucune incapacité,,,,,,0.96
2018,Colombie-Britannique,"Total, tous les types de violence entre partenaires intimes",,,,,Personne ayant une incapacité,,,,,59,17.82
2018,Colombie-Britannique,"Total, tous les types de violence entre partenaires intimes",,,,,Personne n’ayant aucune incapacité,,,,,59,8.38
2018,Colombie-Britannique,"Violence émotionnelle, psychologique ou exploitation financière",,,,,Personne ayant une incapacité,,,,,59,17.82
2018,Colombie-Britannique,"Violence émotionnelle, psychologique ou exploitation financière",,,,,Personne n’ayant aucune incapacité,,,,,59,8.35
2018,Colombie-Britannique,"Total, violence physique ou sexuelle entre partenaires intimes",,,,,Personne ayant une incapacité,,,,,59,4.33
2018,Colombie-Britannique,"Total, violence physique ou sexuelle entre partenaires intimes",,,,,Personne n’ayant aucune incapacité,,,,,59,2.51
2018,Colombie-Britannique,Violence physique,,,,,Personne ayant une incapacité,,,,,59,3.32
2018,Colombie-Britannique,Violence physique,,,,,Personne n’ayant aucune incapacité,,,,,59,2.41
2018,Colombie-Britannique,Violence sexuelle,,,,,Personne ayant une incapacité,,,,,59,1.71
2018,Territoires,"Total, tous les types de violence entre partenaires intimes",,,,,Personne ayant une incapacité,,,,,,20.85
2018,Territoires,"Total, tous les types de violence entre partenaires intimes",,,,,Personne n’ayant aucune incapacité,,,,,,11.46
2018,Territoires,"Violence émotionnelle, psychologique ou exploitation financière",,,,,Personne ayant une incapacité,,,,,,19.51
2018,Territoires,"Violence émotionnelle, psychologique ou exploitation financière",,,,,Personne n’ayant aucune incapacité,,,,,,11.23
2018,Territoires,"Total, violence physique ou sexuelle entre partenaires intimes",,,,,Personne ayant une incapacité,,,,,,12.0
2018,Territoires,"Total, violence physique ou sexuelle entre partenaires intimes",,,,,Personne n’ayant aucune incapacité,,,,,,4.72
2018,Territoires,Violence physique,,,,,Personne ayant une incapacité,,,,,,9.11
2018,Territoires,Violence physique,,,,,Personne n’ayant aucune incapacité,,,,,,4.58
2018,Territoires,Violence sexuelle,,,,,Personne ayant une incapacité,,,,,,5.67
2018,Canada,"Total, tous les types de violence entre partenaires intimes",,,,,,Études secondaires partielles ou moins,,,,,11.83
2018,Canada,"Total, tous les types de violence entre partenaires intimes",,,,,,Diplôme d'études secondaires,,,,,13.59
2018,Canada,"Total, tous les types de violence entre partenaires intimes",,,,,,Diplôme d'études collégiales ou d'une école de métiers,,,,,11.37
2018,Canada,"Total, tous les types de violence entre partenaires intimes",,,,,,Diplôme universitaire,,,,,11.97
2018,Canada,"Violence émotionnelle, psychologique ou exploitation financière",,,,,,Études secondaires partielles ou moins,,,,,11.82
2018,Canada,"Violence émotionnelle, psychologique ou exploitation financière",,,,,,Diplôme d'études secondaires,,,,,13.16
2018,Canada,"Violence émotionnelle, psychologique ou exploitation financière",,,,,,Diplôme d'études collégiales ou d'une école de métiers,,,,,11.15
2018,Canada,"Violence émotionnelle, psychologique ou exploitation financière",,,,,,Diplôme universitaire,,,,,11.89
2018,Canada,"Total, violence physique ou sexuelle entre partenaires intimes",,,,,,Études secondaires partielles ou moins,,,,,3.47
2018,Canada,"Total, violence physique ou sexuelle entre partenaires intimes",,,,,,Diplôme d'études secondaires,,,,,4.05
2018,Canada,"Total, violence physique ou sexuelle entre partenaires intimes",,,,,,Diplôme d'études collégiales ou d'une école de métiers,,,,,2.88
2018,Canada,"Total, violence physique ou sexuelle entre partenaires intimes",,,,,,Diplôme universitaire,,,,,2.67
2018,Canada,Violence physique,,,,,,Études secondaires partielles ou moins,,,,,2.65
2018,Canada,Violence physique,,,,,,Diplôme d'études secondaires,,,,,3.01
2018,Canada,Violence physique,,,,,,Diplôme d'études collégiales ou d'une école de métiers,,,,,2.35
2018,Canada,Violence physique,,,,,,Diplôme universitaire,,,,,2.09
2018,Canada,Violence sexuelle,,,,,,Études secondaires partielles ou moins,,,,,1.45
2018,Canada,Violence sexuelle,,,,,,Diplôme d'études secondaires,,,,,1.61
2018,Canada,Violence sexuelle,,,,,,Diplôme d'études collégiales ou d'une école de métiers,,,,,1.06
2018,Canada,Violence sexuelle,,,,,,Diplôme universitaire,,,,,0.9
2018,Provinces de l'Atlantique,"Total, tous les types de violence entre partenaires intimes",,,,,,Études secondaires partielles ou moins,,,,,9.22
2018,Provinces de l'Atlantique,"Total, tous les types de violence entre partenaires intimes",,,,,,Diplôme d'études secondaires,,,,,8.97
2018,Provinces de l'Atlantique,"Total, tous les types de violence entre partenaires intimes",,,,,,Diplôme d'études collégiales ou d'une école de métiers,,,,,10.86
2018,Provinces de l'Atlantique,"Total, tous les types de violence entre partenaires intimes",,,,,,Diplôme universitaire,,,,,12.31
2018,Provinces de l'Atlantique,"Violence émotionnelle, psychologique ou exploitation financière",,,,,,Études secondaires partielles ou moins,,,,,9.22
2018,Provinces de l'Atlantique,"Violence émotionnelle, psychologique ou exploitation financière",,,,,,Diplôme d'études secondaires,,,,,8.52
2018,Provinces de l'Atlantique,"Violence émotionnelle, psychologique ou exploitation financière",,,,,,Diplôme d'études collégiales ou d'une école de métiers,,,,,10.83
2018,Provinces de l'Atlantique,"Violence émotionnelle, psychologique ou exploitation financière",,,,,,Diplôme universitaire,,,,,12.04
2018,Provinces de l'Atlantique,"Total, violence physique ou sexuelle entre partenaires intimes",,,,,,Diplôme d'études secondaires,,,,,3.59
2018,Provinces de l'Atlantique,"Total, violence physique ou sexuelle entre partenaires intimes",,,,,,Diplôme d'études collégiales ou d'une école de métiers,,,,,4.1
2018,Provinces de l'Atlantique,"Total, violence physique ou sexuelle entre partenaires intimes",,,,,,Diplôme universitaire,,,,,2.38
2018,Provinces de l'Atlantique,Violence physique,,,,,,Diplôme d'études secondaires,,,,,2.78
2018,Provinces de l'Atlantique,Violence physique,,,,,,Diplôme d'études collégiales ou d'une école de métiers,,,,,3.36
2018,Provinces de l'Atlantique,Violence physique,,,,,,Diplôme universitaire,,,,,1.88
2018,Provinces de l'Atlantique,Violence sexuelle,,,,,,Diplôme d'études collégiales ou d'une école de métiers,,,,,1.25
2018,Québec,"Total, tous les types de violence entre partenaires intimes",,,,,,Études secondaires partielles ou moins,,,,24,11.13
2018,Québec,"Total, tous les types de violence entre partenaires intimes",,,,,,Diplôme d'études secondaires,,,,24,13.12
2018,Québec,"Total, tous les types de violence entre partenaires intimes",,,,,,Diplôme d'études collégiales ou d'une école de métiers,,,,24,12.07
2018,Québec,"Total, tous les types de violence entre partenaires intimes",,,,,,Diplôme universitaire,,,,24,13.19
2018,Québec,"Violence émotionnelle, psychologique ou exploitation financière",,,,,,Études secondaires partielles ou moins,,,,24,11.13
2018,Québec,"Violence émotionnelle, psychologique ou exploitation financière",,,,,,Diplôme d'études secondaires,,,,24,12.93
2018,Québec,"Violence émotionnelle, psychologique ou exploitation financière",,,,,,Diplôme d'études collégiales ou d'une école de métiers,,,,24,11.44
2018,Québec,"Violence émotionnelle, psychologique ou exploitation financière",,,,,,Diplôme universitaire,,,,24,13.15
2018,Québec,"Total, violence physique ou sexuelle entre partenaires intimes",,,,,,Diplôme d'études secondaires,,,,24,3.67
2018,Québec,"Total, violence physique ou sexuelle entre partenaires intimes",,,,,,Diplôme d'études collégiales ou d'une école de métiers,,,,24,2.86
2018,Québec,"Total, violence physique ou sexuelle entre partenaires intimes",,,,,,Diplôme universitaire,,,,24,1.57
2018,Québec,Violence physique,,,,,,Diplôme d'études secondaires,,,,24,2.63
2018,Québec,Violence physique,,,,,,Diplôme d'études collégiales ou d'une école de métiers,,,,24,1.63
2018,Québec,Violence physique,,,,,,Diplôme universitaire,,,,24,1.17
2018,Ontario,"Total, tous les types de violence entre partenaires intimes",,,,,,Études secondaires partielles ou moins,,,,35,10.46
2018,Ontario,"Total, tous les types de violence entre partenaires intimes",,,,,,Diplôme d'études secondaires,,,,35,14.71
2018,Ontario,"Total, tous les types de violence entre partenaires intimes",,,,,,Diplôme d'études collégiales ou d'une école de métiers,,,,35,9.87
2018,Ontario,"Total, tous les types de violence entre partenaires intimes",,,,,,Diplôme universitaire,,,,35,11.21
2018,Ontario,"Violence émotionnelle, psychologique ou exploitation financière",,,,,,Études secondaires partielles ou moins,,,,35,10.46
2018,Ontario,"Violence émotionnelle, psychologique ou exploitation financière",,,,,,Diplôme d'études secondaires,,,,35,13.89
2018,Ontario,"Violence émotionnelle, psychologique ou exploitation financière",,,,,,Diplôme d'études collégiales ou d'une école de métiers,,,,35,9.87
2018,Ontario,"Violence émotionnelle, psychologique ou exploitation financière",,,,,,Diplôme universitaire,,,,35,11.15
2018,Ontario,"Total, violence physique ou sexuelle entre partenaires intimes",,,,,,Diplôme d'études secondaires,,,,35,4.37
2018,Ontario,"Total, violence physique ou sexuelle entre partenaires intimes",,,,,,Diplôme d'études collégiales ou d'une école de métiers,,,,35,2.85
2018,Ontario,"Total, violence physique ou sexuelle entre partenaires intimes",,,,,,Diplôme universitaire,,,,35,2.58
2018,Ontario,Violence physique,,,,,,Diplôme d'études secondaires,,,,35,3.09
2018,Ontario,Violence physique,,,,,,Diplôme d'études collégiales ou d'une école de métiers,,,,35,2.53
2018,Ontario,Violence physique,,,,,,Diplôme universitaire,,,,35,2.06
2018,Ontario,Violence sexuelle,,,,,,Diplôme d'études collégiales ou d'une école de métiers,,,,35,1.1
2018,Ontario,Violence sexuelle,,,,,,Diplôme universitaire,,,,35,0.95
2018,Provinces des Prairies,"Total, tous les types de violence entre partenaires intimes",,,,,,Études secondaires partielles ou moins,,,,,17.49
2018,Provinces des Prairies,"Total, tous les types de violence entre partenaires intimes",,,,,,Diplôme d'études secondaires,,,,,14.61
2018,Provinces des Prairies,"Total, tous les types de violence entre partenaires intimes",,,,,,Diplôme d'études collégiales ou d'une école de métiers,,,,,12.57
2018,Provinces des Prairies,"Total, tous les types de violence entre partenaires intimes",,,,,,Diplôme universitaire,,,,,12.59
2018,Provinces des Prairies,"Violence émotionnelle, psychologique ou exploitation financière",,,,,,Études secondaires partielles ou moins,,,,,17.49
2018,Provinces des Prairies,"Violence émotionnelle, psychologique ou exploitation financière",,,,,,Diplôme d'études secondaires,,,,,14.33
2018,Provinces des Prairies,"Violence émotionnelle, psychologique ou exploitation financière",,,,,,Diplôme d'études collégiales ou d'une école de métiers,,,,,12.26
2018,Provinces des Prairies,"Violence émotionnelle, psychologique ou exploitation financière",,,,,,Diplôme universitaire,,,,,12.44
2018,Provinces des Prairies,"Total, violence physique ou sexuelle entre partenaires intimes",,,,,,Études secondaires partielles ou moins,,,,,5.68
2018,Provinces des Prairies,"Total, violence physique ou sexuelle entre partenaires intimes",,,,,,Diplôme d'études secondaires,,,,,4.52
2018,Provinces des Prairies,"Total, violence physique ou sexuelle entre partenaires intimes",,,,,,Diplôme d'études collégiales ou d'une école de métiers,,,,,2.86
2018,Provinces des Prairies,"Total, violence physique ou sexuelle entre partenaires intimes",,,,,,Diplôme universitaire,,,,,3.14
2018,Provinces des Prairies,Violence physique,,,,,,Études secondaires partielles ou moins,,,,,3.56
2018,Provinces des Prairies,Violence physique,,,,,,Diplôme d'études secondaires,,,,,3.43
2018,Provinces des Prairies,Violence physique,,,,,,Diplôme d'études collégiales ou d'une école de métiers,,,,,2.66
2018,Provinces des Prairies,Violence physique,,,,,,Diplôme universitaire,,,,,2.34
2018,Provinces des Prairies,Violence sexuelle,,,,,,Diplôme d'études secondaires,,,,,2.04
2018,Provinces des Prairies,Violence sexuelle,,,,,,Diplôme d'études collégiales ou d'une école de métiers,,,,,0.77
2018,Provinces des Prairies,Violence sexuelle,,,,,,Diplôme universitaire,,,,,1.12
2018,Colombie-Britannique,"Total, tous les types de violence entre partenaires intimes",,,,,,Études secondaires partielles ou moins,,,,59,9.27
2018,Colombie-Britannique,"Total, tous les types de violence entre partenaires intimes",,,,,,Diplôme d'études secondaires,,,,59,12.31
2018,Colombie-Britannique,"Total, tous les types de violence entre partenaires intimes",,,,,,Diplôme d'études collégiales ou d'une école de métiers,,,,59,13.54
2018,Colombie-Britannique,"Total, tous les types de violence entre partenaires intimes",,,,,,Diplôme universitaire,,,,59,11.61
2018,Colombie-Britannique,"Violence émotionnelle, psychologique ou exploitation financière",,,,,,Études secondaires partielles ou moins,,,,59,9.27
2018,Colombie-Britannique,"Violence émotionnelle, psychologique ou exploitation financière",,,,,,Diplôme d'études secondaires,,,,59,12.31
2018,Colombie-Britannique,"Violence émotionnelle, psychologique ou exploitation financière",,,,,,Diplôme d'études collégiales ou d'une école de métiers,,,,59,13.54
2018,Colombie-Britannique,"Violence émotionnelle, psychologique ou exploitation financière",,,,,,Diplôme universitaire,,,,59,11.56
2018,Colombie-Britannique,"Total, violence physique ou sexuelle entre partenaires intimes",,,,,,Diplôme d'études secondaires,,,,59,3.28
2018,Colombie-Britannique,"Total, violence physique ou sexuelle entre partenaires intimes",,,,,,Diplôme d'études collégiales ou d'une école de métiers,,,,59,2.32
2018,Colombie-Britannique,"Total, violence physique ou sexuelle entre partenaires intimes",,,,,,Diplôme universitaire,,,,59,3.98
2018,Colombie-Britannique,Violence physique,,,,,,Diplôme d'études secondaires,,,,59,2.81
2018,Colombie-Britannique,Violence physique,,,,,,Diplôme d'études collégiales ou d'une école de métiers,,,,59,2.32
2018,Colombie-Britannique,Violence physique,,,,,,Diplôme universitaire,,,,59,3.21
2018,Colombie-Britannique,Violence sexuelle,,,,,,Diplôme universitaire,,,,59,1.2
2018,Territoires,"Total, tous les types de violence entre partenaires intimes",,,,,,Études secondaires partielles ou moins,,,,,23.49
2018,Territoires,"Total, tous les types de violence entre partenaires intimes",,,,,,Diplôme d'études secondaires,,,,,19.87
2018,Territoires,"Total, tous les types de violence entre partenaires intimes",,,,,,Diplôme d'études collégiales ou d'une école de métiers,,,,,9.66
2018,Territoires,"Total, tous les types de violence entre partenaires intimes",,,,,,Diplôme universitaire,,,,,9.88
2018,Territoires,"Violence émotionnelle, psychologique ou exploitation financière",,,,,,Études secondaires partielles ou moins,,,,,22.11
2018,Territoires,"Violence émotionnelle, psychologique ou exploitation financière",,,,,,Diplôme d'études secondaires,,,,,19.09
2018,Territoires,"Violence émotionnelle, psychologique ou exploitation financière",,,,,,Diplôme d'études collégiales ou d'une école de métiers,,,,,9.4
2018,Territoires,"Violence émotionnelle, psychologique ou exploitation financière",,,,,,Diplôme universitaire,,,,,9.51
2018,Territoires,"Total, violence physique ou sexuelle entre partenaires intimes",,,,,,Études secondaires partielles ou moins,,,,,13.04
2018,Territoires,"Total, violence physique ou sexuelle entre partenaires intimes",,,,,,Diplôme d'études secondaires,,,,,9.37
2018,Territoires,"Total, violence physique ou sexuelle entre partenaires intimes",,,,,,Diplôme d'études collégiales ou d'une école de métiers,,,,,3.6
2018,Territoires,"Total, violence physique ou sexuelle entre partenaires intimes",,,,,,Diplôme universitaire,,,,,5.42
2018,Territoires,Violence physique,,,,,,Études secondaires partielles ou moins,,,,,10.85
2018,Territoires,Violence physique,,,,,,Diplôme d'études secondaires,,,,,8.6
2018,Territoires,Violence physique,,,,,,Diplôme d'études collégiales ou d'une école de métiers,,,,,2.93
2018,Territoires,Violence physique,,,,,,Diplôme universitaire,,,,,4.15
2018,Canada,"Total, tous les types de violence entre partenaires intimes",,,,,,,Moins de 20 000 $,,,,14.57
2018,Canada,"Total, tous les types de violence entre partenaires intimes",,,,,,,20 000 $ à 59 999 $,,,,12.58
2018,Canada,"Total, tous les types de violence entre partenaires intimes",,,,,,,60 000 $ à 99 999 $,,,,10.63
2018,Canada,"Total, tous les types de violence entre partenaires intimes",,,,,,,100 000 $ à 149 999 $,,,,12.12
2018,Canada,"Total, tous les types de violence entre partenaires intimes",,,,,,,150 000 $ ou plus,,,,12.56
2018,Canada,"Violence émotionnelle, psychologique ou exploitation financière",,,,,,,Moins de 20 000 $,,,,14.14
2018,Canada,"Violence émotionnelle, psychologique ou exploitation financière",,,,,,,20 000 $ à 59 999 $,,,,12.43
2018,Canada,"Violence émotionnelle, psychologique ou exploitation financière",,,,,,,60 000 $ à 99 999 $,,,,10.61
2018,Canada,"Violence émotionnelle, psychologique ou exploitation financière",,,,,,,100 000 $ à 149 999 $,,,,12.04
2018,Canada,"Violence émotionnelle, psychologique ou exploitation financière",,,,,,,150 000 $ ou plus,,,,12.07
2018,Canada,"Total, violence physique ou sexuelle entre partenaires intimes",,,,,,,Moins de 20 000 $,,,,6.26
2018,Canada,"Total, violence physique ou sexuelle entre partenaires intimes",,,,,,,20 000 $ à 59 999 $,,,,3.36
2018,Canada,"Total, violence physique ou sexuelle entre partenaires intimes",,,,,,,60 000 $ à 99 999 $,,,,3.01
2018,Canada,"Total, violence physique ou sexuelle entre partenaires intimes",,,,,,,100 000 $ à 149 999 $,,,,2.05
2018,Canada,"Total, violence physique ou sexuelle entre partenaires intimes",,,,,,,150 000 $ ou plus,,,,3.2
2018,Canada,Violence physique,,,,,,,Moins de 20 000 $,,,,4.68
2018,Canada,Violence physique,,,,,,,20 000 $ à 59 999 $,,,,2.63
2018,Canada,Violence physique,,,,,,,60 000 $ à 99 999 $,,,,2.46
2018,Canada,Violence physique,,,,,,,100 000 $ à 149 999 $,,,,1.88
2018,Canada,Violence physique,,,,,,,150 000 $ ou plus,,,,2.14
2018,Canada,Violence sexuelle,,,,,,,Moins de 20 000 $,,,,3.2
2018,Canada,Violence sexuelle,,,,,,,20 000 $ à 59 999 $,,,,1.27
2018,Canada,Violence sexuelle,,,,,,,60 000 $ à 99 999 $,,,,0.94
2018,Canada,Violence sexuelle,,,,,,,100 000 $ à 149 999 $,,,,0.6
2018,Canada,Violence sexuelle,,,,,,,150 000 $ ou plus,,,,1.31
2018,Provinces de l'Atlantique,"Total, tous les types de violence entre partenaires intimes",,,,,,,Moins de 20 000 $,,,,17.92
2018,Provinces de l'Atlantique,"Total, tous les types de violence entre partenaires intimes",,,,,,,20 000 $ à 59 999 $,,,,9.55
2018,Provinces de l'Atlantique,"Total, tous les types de violence entre partenaires intimes",,,,,,,60 000 $ à 99 999 $,,,,10.44
2018,Provinces de l'Atlantique,"Total, tous les types de violence entre partenaires intimes",,,,,,,100 000 $ à 149 999 $,,,,8.88
2018,Provinces de l'Atlantique,"Total, tous les types de violence entre partenaires intimes",,,,,,,150 000 $ ou plus,,,,12.67
2018,Provinces de l'Atlantique,"Violence émotionnelle, psychologique ou exploitation financière",,,,,,,Moins de 20 000 $,,,,17.23
2018,Provinces de l'Atlantique,"Violence émotionnelle, psychologique ou exploitation financière",,,,,,,20 000 $ à 59 999 $,,,,9.21
2018,Provinces de l'Atlantique,"Violence émotionnelle, psychologique ou exploitation financière",,,,,,,60 000 $ à 99 999 $,,,,10.36
2018,Provinces de l'Atlantique,"Violence émotionnelle, psychologique ou exploitation financière",,,,,,,100 000 $ à 149 999 $,,,,8.73
2018,Provinces de l'Atlantique,"Violence émotionnelle, psychologique ou exploitation financière",,,,,,,150 000 $ ou plus,,,,12.56
2018,Provinces de l'Atlantique,"Total, violence physique ou sexuelle entre partenaires intimes",,,,,,,Moins de 20 000 $,,,,10.19
2018,Provinces de l'Atlantique,"Total, violence physique ou sexuelle entre partenaires intimes",,,,,,,20 000 $ à 59 999 $,,,,4.24
2018,Provinces de l'Atlantique,"Total, violence physique ou sexuelle entre partenaires intimes",,,,,,,60 000 $ à 99 999 $,,,,2.75
2018,Provinces de l'Atlantique,"Total, violence physique ou sexuelle entre partenaires intimes",,,,,,,100 000 $ à 149 999 $,,,,2.02
2018,Provinces de l'Atlantique,"Total, violence physique ou sexuelle entre partenaires intimes",,,,,,,150 000 $ ou plus,,,,1.9
2018,Provinces de l'Atlantique,Violence physique,,,,,,,Moins de 20 000 $,,,,7.65
2018,Provinces de l'Atlantique,Violence physique,,,,,,,20 000 $ à 59 999 $,,,,3.21
2018,Provinces de l'Atlantique,Violence physique,,,,,,,60 000 $ à 99 999 $,,,,2.29
2018,Provinces de l'Atlantique,Violence physique,,,,,,,100 000 $ à 149 999 $,,,,1.86
2018,Provinces de l'Atlantique,Violence physique,,,,,,,150 000 $ ou plus,,,,1.59
2018,Provinces de l'Atlantique,Violence sexuelle,,,,,,,20 000 $ à 59 999 $,,,,1.45
2018,Québec,"Total, tous les types de violence entre partenaires intimes",,,,,,,Moins de 20 000 $,,,24,17.36
2018,Québec,"Total, tous les types de violence entre partenaires intimes",,,,,,,20 000 $ à 59 999 $,,,24,10.72
2018,Québec,"Total, tous les types de violence entre partenaires intimes",,,,,,,60 000 $ à 99 999 $,,,24,10.71
2018,Québec,"Total, tous les types de violence entre partenaires intimes",,,,,,,100 000 $ à 149 999 $,,,24,13.16
2018,Québec,"Total, tous les types de violence entre partenaires intimes",,,,,,,150 000 $ ou plus,,,24,15.73
2018,Québec,"Violence émotionnelle, psychologique ou exploitation financière",,,,,,,Moins de 20 000 $,,,24,17.18
2018,Québec,"Violence émotionnelle, psychologique ou exploitation financière",,,,,,,20 000 $ à 59 999 $,,,24,10.65
2018,Québec,"Violence émotionnelle, psychologique ou exploitation financière",,,,,,,60 000 $ à 99 999 $,,,24,10.71
2018,Québec,"Violence émotionnelle, psychologique ou exploitation financière",,,,,,,100 000 $ à 149 999 $,,,24,12.98
2018,Québec,"Violence émotionnelle, psychologique ou exploitation financière",,,,,,,150 000 $ ou plus,,,24,14.59
2018,Québec,"Total, violence physique ou sexuelle entre partenaires intimes",,,,,,,20 000 $ à 59 999 $,,,24,1.32
2018,Québec,"Total, violence physique ou sexuelle entre partenaires intimes",,,,,,,60 000 $ à 99 999 $,,,24,2.43
2018,Québec,"Total, violence physique ou sexuelle entre partenaires intimes",,,,,,,100 000 $ à 149 999 $,,,24,1.34
2018,Québec,"Total, violence physique ou sexuelle entre partenaires intimes",,,,,,,150 000 $ ou plus,,,24,3.7
2018,Québec,Violence physique,,,,,,,20 000 $ à 59 999 $,,,24,1.03
2018,Québec,Violence physique,,,,,,,60 000 $ à 99 999 $,,,24,1.69
2018,Québec,Violence physique,,,,,,,150 000 $ ou plus,,,24,2.56
2018,Ontario,"Total, tous les types de violence entre partenaires intimes",,,,,,,Moins de 20 000 $,,,35,9.88
2018,Ontario,"Total, tous les types de violence entre partenaires intimes",,,,,,,20 000 $ à 59 999 $,,,35,12.73
2018,Ontario,"Total, tous les types de violence entre partenaires intimes",,,,,,,60 000 $ à 99 999 $,,,35,10.57
2018,Ontario,"Total, tous les types de violence entre partenaires intimes",,,,,,,100 000 $ à 149 999 $,,,35,10.82
2018,Ontario,"Total, tous les types de violence entre partenaires intimes",,,,,,,150 000 $ ou plus,,,35,11.95
2018,Ontario,"Violence émotionnelle, psychologique ou exploitation financière",,,,,,,Moins de 20 000 $,,,35,9.48
2018,Ontario,"Violence émotionnelle, psychologique ou exploitation financière",,,,,,,20 000 $ à 59 999 $,,,35,12.65
2018,Ontario,"Violence émotionnelle, psychologique ou exploitation financière",,,,,,,60 000 $ à 99 999 $,,,35,10.57
2018,Ontario,"Violence émotionnelle, psychologique ou exploitation financière",,,,,,,100 000 $ à 149 999 $,,,35,10.81
2018,Ontario,"Violence émotionnelle, psychologique ou exploitation financière",,,,,,,150 000 $ ou plus,,,35,11.36
2018,Ontario,"Total, violence physique ou sexuelle entre partenaires intimes",,,,,,,20 000 $ à 59 999 $,,,35,3.15
2018,Ontario,"Total, violence physique ou sexuelle entre partenaires intimes",,,,,,,60 000 $ à 99 999 $,,,35,3.52
2018,Ontario,"Total, violence physique ou sexuelle entre partenaires intimes",,,,,,,100 000 $ à 149 999 $,,,35,2.3
2018,Ontario,"Total, violence physique ou sexuelle entre partenaires intimes",,,,,,,150 000 $ ou plus,,,35,3.24
2018,Ontario,Violence physique,,,,,,,20 000 $ à 59 999 $,,,35,2.21
2018,Ontario,Violence physique,,,,,,,60 000 $ à 99 999 $,,,35,3.03
2018,Ontario,Violence physique,,,,,,,100 000 $ à 149 999 $,,,35,2.27
2018,Ontario,Violence physique,,,,,,,150 000 $ ou plus,,,35,2.06
2018,Ontario,Violence sexuelle,,,,,,,20 000 $ à 59 999 $,,,35,1.51
2018,Provinces des Prairies,"Total, tous les types de violence entre partenaires intimes",,,,,,,Moins de 20 000 $,,,,25.44
2018,Provinces des Prairies,"Total, tous les types de violence entre partenaires intimes",,,,,,,20 000 $ à 59 999 $,,,,13.36
2018,Provinces des Prairies,"Total, tous les types de violence entre partenaires intimes",,,,,,,60 000 $ à 99 999 $,,,,11.77
2018,Provinces des Prairies,"Total, tous les types de violence entre partenaires intimes",,,,,,,100 000 $ à 149 999 $,,,,14.24
2018,Provinces des Prairies,"Total, tous les types de violence entre partenaires intimes",,,,,,,150 000 $ ou plus,,,,12.27
2018,Provinces des Prairies,"Violence émotionnelle, psychologique ou exploitation financière",,,,,,,Moins de 20 000 $,,,,24.2
2018,Provinces des Prairies,"Violence émotionnelle, psychologique ou exploitation financière",,,,,,,20 000 $ à 59 999 $,,,,12.81
2018,Provinces des Prairies,"Violence émotionnelle, psychologique ou exploitation financière",,,,,,,60 000 $ à 99 999 $,,,,11.77
2018,Provinces des Prairies,"Violence émotionnelle, psychologique ou exploitation financière",,,,,,,100 000 $ à 149 999 $,,,,14.12
2018,Provinces des Prairies,"Violence émotionnelle, psychologique ou exploitation financière",,,,,,,150 000 $ ou plus,,,,12.15
2018,Provinces des Prairies,"Total, violence physique ou sexuelle entre partenaires intimes",,,,,,,Moins de 20 000 $,,,,10.43
2018,Provinces des Prairies,"Total, violence physique ou sexuelle entre partenaires intimes",,,,,,,20 000 $ à 59 999 $,,,,4.11
2018,Provinces des Prairies,"Total, violence physique ou sexuelle entre partenaires intimes",,,,,,,60 000 $ à 99 999 $,,,,4.07
2018,Provinces des Prairies,"Total, violence physique ou sexuelle entre partenaires intimes",,,,,,,100 000 $ à 149 999 $,,,,2.45
2018,Provinces des Prairies,"Total, violence physique ou sexuelle entre partenaires intimes",,,,,,,150 000 $ ou plus,,,,2.72
2018,Provinces des Prairies,Violence physique,,,,,,,20 000 $ à 59 999 $,,,,3.61
2018,Provinces des Prairies,Violence physique,,,,,,,60 000 $ à 99 999 $,,,,3.28
2018,Provinces des Prairies,Violence physique,,,,,,,100 000 $ à 149 999 $,,,,2.07
2018,Provinces des Prairies,Violence physique,,,,,,,150 000 $ ou plus,,,,1.63
2018,Provinces des Prairies,Violence sexuelle,,,,,,,20 000 $ à 59 999 $,,,,1.73
2018,Provinces des Prairies,Violence sexuelle,,,,,,,60 000 $ à 99 999 $,,,,1.46
2018,Provinces des Prairies,Violence sexuelle,,,,,,,150 000 $ ou plus,,,,1.32
2018,Colombie-Britannique,"Total, tous les types de violence entre partenaires intimes",,,,,,,Moins de 20 000 $,,,59,8.6
2018,Colombie-Britannique,"Total, tous les types de violence entre partenaires intimes",,,,,,,20 000 $ à 59 999 $,,,59,16.61
2018,Colombie-Britannique,"Total, tous les types de violence entre partenaires intimes",,,,,,,60 000 $ à 99 999 $,,,59,9.27
2018,Colombie-Britannique,"Total, tous les types de violence entre partenaires intimes",,,,,,,100 000 $ à 149 999 $,,,59,12.51
2018,Colombie-Britannique,"Total, tous les types de violence entre partenaires intimes",,,,,,,150 000 $ ou plus,,,59,10.79
2018,Colombie-Britannique,"Violence émotionnelle, psychologique ou exploitation financière",,,,,,,Moins de 20 000 $,,,59,8.6
2018,Colombie-Britannique,"Violence émotionnelle, psychologique ou exploitation financière",,,,,,,20 000 $ à 59 999 $,,,59,16.61
2018,Colombie-Britannique,"Violence émotionnelle, psychologique ou exploitation financière",,,,,,,60 000 $ à 99 999 $,,,59,9.18
2018,Colombie-Britannique,"Violence émotionnelle, psychologique ou exploitation financière",,,,,,,100 000 $ à 149 999 $,,,59,12.51
2018,Colombie-Britannique,"Violence émotionnelle, psychologique ou exploitation financière",,,,,,,150 000 $ ou plus,,,59,10.79
2018,Colombie-Britannique,"Total, violence physique ou sexuelle entre partenaires intimes",,,,,,,20 000 $ à 59 999 $,,,59,6.49
2018,Colombie-Britannique,"Total, violence physique ou sexuelle entre partenaires intimes",,,,,,,60 000 $ à 99 999 $,,,59,1.47
2018,Colombie-Britannique,"Total, violence physique ou sexuelle entre partenaires intimes",,,,,,,100 000 $ à 149 999 $,,,59,1.95
2018,Colombie-Britannique,"Total, violence physique ou sexuelle entre partenaires intimes",,,,,,,150 000 $ ou plus,,,59,3.67
2018,Colombie-Britannique,Violence physique,,,,,,,20 000 $ à 59 999 $,,,59,5.44
2018,Colombie-Britannique,Violence physique,,,,,,,60 000 $ à 99 999 $,,,59,1.38
2018,Colombie-Britannique,Violence physique,,,,,,,100 000 $ à 149 999 $,,,59,1.81
2018,Territoires,"Total, tous les types de violence entre partenaires intimes",,,,,,,Moins de 20 000 $,,,,26.07
2018,Territoires,"Total, tous les types de violence entre partenaires intimes",,,,,,,20 000 $ à 59 999 $,,,,20.66
2018,Territoires,"Total, tous les types de violence entre partenaires intimes",,,,,,,60 000 $ à 99 999 $,,,,12.74
2018,Territoires,"Total, tous les types de violence entre partenaires intimes",,,,,,,100 000 $ à 149 999 $,,,,12.82
2018,Territoires,"Total, tous les types de violence entre partenaires intimes",,,,,,,150 000 $ ou plus,,,,8.6
2018,Territoires,"Violence émotionnelle, psychologique ou exploitation financière",,,,,,,Moins de 20 000 $,,,,26.07
2018,Territoires,"Violence émotionnelle, psychologique ou exploitation financière",,,,,,,20 000 $ à 59 999 $,,,,19.06
2018,Territoires,"Violence émotionnelle, psychologique ou exploitation financière",,,,,,,60 000 $ à 99 999 $,,,,12.74
2018,Territoires,"Violence émotionnelle, psychologique ou exploitation financière",,,,,,,100 000 $ à 149 999 $,,,,12.82
2018,Territoires,"Violence émotionnelle, psychologique ou exploitation financière",,,,,,,150 000 $ ou plus,,,,8.15
2018,Territoires,"Total, violence physique ou sexuelle entre partenaires intimes",,,,,,,Moins de 20 000 $,,,,15.6
2018,Territoires,"Total, violence physique ou sexuelle entre partenaires intimes",,,,,,,20 000 $ à 59 999 $,,,,12.28
2018,Territoires,"Total, violence physique ou sexuelle entre partenaires intimes",,,,,,,60 000 $ à 99 999 $,,,,5.66
2018,Territoires,"Total, violence physique ou sexuelle entre partenaires intimes",,,,,,,150 000 $ ou plus,,,,4.46
2018,Territoires,Violence physique,,,,,,,Moins de 20 000 $,,,,15.6
2018,Territoires,Violence physique,,,,,,,20 000 $ à 59 999 $,,,,10.45
2018,Territoires,Violence physique,,,,,,,60 000 $ à 99 999 $,,,,5.66
2018,Canada,"Total, tous les types de violence entre partenaires intimes",,,,,,,,Milieu rural,,,12.08
2018,Canada,"Total, tous les types de violence entre partenaires intimes",,,,,,,,Milieu urbain,,,12.34
2018,Canada,"Violence émotionnelle, psychologique ou exploitation financière",,,,,,,,Milieu rural,,,12.01
2018,Canada,"Violence émotionnelle, psychologique ou exploitation financière",,,,,,,,Milieu urbain,,,12.09
2018,Canada,"Total, violence physique ou sexuelle entre partenaires intimes",,,,,,,,Milieu rural,,,2.34
2018,Canada,"Total, violence physique ou sexuelle entre partenaires intimes",,,,,,,,Milieu urbain,,,3.27
2018,Canada,Violence physique,,,,,,,,Milieu rural,,,2.12
2018,Canada,Violence physique,,,,,,,,Milieu urbain,,,2.44
2018,Canada,Violence sexuelle,,,,,,,,Milieu rural,,,0.57
2018,Canada,Violence sexuelle,,,,,,,,Milieu urbain,,,1.31
2018,Provinces de l'Atlantique,"Total, tous les types de violence entre partenaires intimes",,,,,,,,Milieu rural,,,9.73
2018,Provinces de l'Atlantique,"Total, tous les types de violence entre partenaires intimes",,,,,,,,Milieu urbain,,,12.39
2018,Provinces de l'Atlantique,"Violence émotionnelle, psychologique ou exploitation financière",,,,,,,,Milieu rural,,,9.44
2018,Provinces de l'Atlantique,"Violence émotionnelle, psychologique ou exploitation financière",,,,,,,,Milieu urbain,,,12.2
2018,Provinces de l'Atlantique,"Total, violence physique ou sexuelle entre partenaires intimes",,,,,,,,Milieu rural,,,3.46
2018,Provinces de l'Atlantique,"Total, violence physique ou sexuelle entre partenaires intimes",,,,,,,,Milieu urbain,,,3.79
2018,Provinces de l'Atlantique,Violence physique,,,,,,,,Milieu rural,,,3.01
2018,Provinces de l'Atlantique,Violence physique,,,,,,,,Milieu urbain,,,2.82
2018,Provinces de l'Atlantique,Violence sexuelle,,,,,,,,Milieu urbain,,,1.52
2018,Québec,"Total, tous les types de violence entre partenaires intimes",,,,,,,,Milieu rural,,24,9.11
2018,Québec,"Total, tous les types de violence entre partenaires intimes",,,,,,,,Milieu urbain,,24,13.95
2018,Québec,"Violence émotionnelle, psychologique ou exploitation financière",,,,,,,,Milieu rural,,24,9.11
2018,Québec,"Violence émotionnelle, psychologique ou exploitation financière",,,,,,,,Milieu urbain,,24,13.58
2018,Québec,"Total, violence physique ou sexuelle entre partenaires intimes",,,,,,,,Milieu urbain,,24,2.97
2018,Québec,Violence physique,,,,,,,,Milieu urbain,,24,1.93
2018,Québec,Violence sexuelle,,,,,,,,Milieu urbain,,24,1.4
2018,Ontario,"Total, tous les types de violence entre partenaires intimes",,,,,,,,Milieu rural,,35,13.7
2018,Ontario,"Total, tous les types de violence entre partenaires intimes",,,,,,,,Milieu urbain,,35,11.19
2018,Ontario,"Violence émotionnelle, psychologique ou exploitation financière",,,,,,,,Milieu rural,,35,13.7
2018,Ontario,"Violence émotionnelle, psychologique ou exploitation financière",,,,,,,,Milieu urbain,,35,10.93
2018,Ontario,"Total, violence physique ou sexuelle entre partenaires intimes",,,,,,,,Milieu rural,,35,2.33
2018,Ontario,"Total, violence physique ou sexuelle entre partenaires intimes",,,,,,,,Milieu urbain,,35,3.44
2018,Ontario,Violence physique,,,,,,,,Milieu rural,,35,2.05
2018,Ontario,Violence physique,,,,,,,,Milieu urbain,,35,2.66
2018,Ontario,Violence sexuelle,,,,,,,,Milieu urbain,,35,1.35
2018,Provinces des Prairies,"Total, tous les types de violence entre partenaires intimes",,,,,,,,Milieu rural,,,14.77
2018,Provinces des Prairies,"Total, tous les types de violence entre partenaires intimes",,,,,,,,Milieu urbain,,,13.77
2018,Provinces des Prairies,"Violence émotionnelle, psychologique ou exploitation financière",,,,,,,,Milieu rural,,,14.45
2018,Provinces des Prairies,"Violence émotionnelle, psychologique ou exploitation financière",,,,,,,,Milieu urbain,,,13.52
2018,Provinces des Prairies,"Total, violence physique ou sexuelle entre partenaires intimes",,,,,,,,Milieu rural,,,3.14
2018,Provinces des Prairies,"Total, violence physique ou sexuelle entre partenaires intimes",,,,,,,,Milieu urbain,,,3.51
2018,Provinces des Prairies,Violence physique,,,,,,,,Milieu urbain,,,2.62
2018,Provinces des Prairies,Violence sexuelle,,,,,,,,Milieu urbain,,,1.39
2018,Colombie-Britannique,"Total, tous les types de violence entre partenaires intimes",,,,,,,,Milieu rural,,59,16.75
2018,Colombie-Britannique,"Total, tous les types de violence entre partenaires intimes",,,,,,,,Milieu urbain,,59,11.27
2018,Colombie-Britannique,"Violence émotionnelle, psychologique ou exploitation financière",,,,,,,,Milieu rural,,59,16.75
2018,Colombie-Britannique,"Violence émotionnelle, psychologique ou exploitation financière",,,,,,,,Milieu urbain,,59,11.24
2018,Colombie-Britannique,"Total, violence physique ou sexuelle entre partenaires intimes",,,,,,,,Milieu urbain,,59,2.81
2018,Colombie-Britannique,Violence physique,,,,,,,,Milieu urbain,,59,2.27
2018,Colombie-Britannique,Violence sexuelle,,,,,,,,Milieu urbain,,59,0.9
2018,Canada,"Total, tous les types de violence entre partenaires intimes",,,,,,,,,Marié(e) ou vivant en union libre,,9.73
2018,Canada,"Total, tous les types de violence entre partenaires intimes",,,,,,,,,Séparé(e) ou divorcé(e),,19.68
2018,Canada,"Total, tous les types de violence entre partenaires intimes",,,,,,,,,Veuf ou veuve,,7.03
2018,Canada,"Total, tous les types de violence entre partenaires intimes",,,,,,,,,"Célibataire, jamais marié(e)",,19.09
2018,Canada,"Violence émotionnelle, psychologique ou exploitation financière",,,,,,,,,Marié(e) ou vivant en union libre,,9.67
2018,Canada,"Violence émotionnelle, psychologique ou exploitation financière",,,,,,,,,Séparé(e) ou divorcé(e),,19.47
2018,Canada,"Violence émotionnelle, psychologique ou exploitation financière",,,,,,,,,Veuf ou veuve,,6.64
2018,Canada,"Violence émotionnelle, psychologique ou exploitation financière",,,,,,,,,"Célibataire, jamais marié(e)",,18.38
2018,Canada,"Total, violence physique ou sexuelle entre partenaires intimes",,,,,,,,,Marié(e) ou vivant en union libre,,1.99
2018,Canada,"Total, violence physique ou sexuelle entre partenaires intimes",,,,,,,,,Séparé(e) ou divorcé(e),,6.55
2018,Canada,"Total, violence physique ou sexuelle entre partenaires intimes",,,,,,,,,"Célibataire, jamais marié(e)",,6.33
2018,Canada,Violence physique,,,,,,,,,Marié(e) ou vivant en union libre,,1.7
2018,Canada,Violence physique,,,,,,,,,Séparé(e) ou divorcé(e),,5.9
2018,Canada,Violence physique,,,,,,,,,"Célibataire, jamais marié(e)",,4.13
2018,Canada,Violence sexuelle,,,,,,,,,Marié(e) ou vivant en union libre,,0.52
2018,Canada,Violence sexuelle,,,,,,,,,Séparé(e) ou divorcé(e),,2.13
2018,Canada,Violence sexuelle,,,,,,,,,"Célibataire, jamais marié(e)",,3.28
2018,Provinces de l'Atlantique,"Total, tous les types de violence entre partenaires intimes",,,,,,,,,Marié(e) ou vivant en union libre,,8.1
2018,Provinces de l'Atlantique,"Total, tous les types de violence entre partenaires intimes",,,,,,,,,Séparé(e) ou divorcé(e),,24.13
2018,Provinces de l'Atlantique,"Total, tous les types de violence entre partenaires intimes",,,,,,,,,"Célibataire, jamais marié(e)",,16.96
2018,Provinces de l'Atlantique,"Violence émotionnelle, psychologique ou exploitation financière",,,,,,,,,Marié(e) ou vivant en union libre,,7.97
2018,Provinces de l'Atlantique,"Violence émotionnelle, psychologique ou exploitation financière",,,,,,,,,Séparé(e) ou divorcé(e),,24.13
2018,Provinces de l'Atlantique,"Violence émotionnelle, psychologique ou exploitation financière",,,,,,,,,"Célibataire, jamais marié(e)",,16.56
2018,Provinces de l'Atlantique,"Total, violence physique ou sexuelle entre partenaires intimes",,,,,,,,,Marié(e) ou vivant en union libre,,2.12
2018,Provinces de l'Atlantique,"Total, violence physique ou sexuelle entre partenaires intimes",,,,,,,,,Séparé(e) ou divorcé(e),,8.08
2018,Provinces de l'Atlantique,"Total, violence physique ou sexuelle entre partenaires intimes",,,,,,,,,"Célibataire, jamais marié(e)",,6.34
2018,Provinces de l'Atlantique,Violence physique,,,,,,,,,Marié(e) ou vivant en union libre,,1.78
2018,Provinces de l'Atlantique,Violence physique,,,,,,,,,Séparé(e) ou divorcé(e),,7.02
2018,Provinces de l'Atlantique,Violence physique,,,,,,,,,"Célibataire, jamais marié(e)",,4.57
2018,Provinces de l'Atlantique,Violence sexuelle,,,,,,,,,Marié(e) ou vivant en union libre,,0.6
2018,Provinces de l'Atlantique,Violence sexuelle,,,,,,,,,"Célibataire, jamais marié(e)",,3.27
2018,Québec,"Total, tous les types de violence entre partenaires intimes",,,,,,,,,Marié(e) ou vivant en union libre,24,10.53
2018,Québec,"Total, tous les types de violence entre partenaires intimes",,,,,,,,,Séparé(e) ou divorcé(e),24,18.29
2018,Québec,"Total, tous les types de violence entre partenaires intimes",,,,,,,,,"Célibataire, jamais marié(e)",24,18.33
2018,Québec,"Violence émotionnelle, psychologique ou exploitation financière",,,,,,,,,Marié(e) ou vivant en union libre,24,10.46
2018,Québec,"Violence émotionnelle, psychologique ou exploitation financière",,,,,,,,,Séparé(e) ou divorcé(e),24,17.93
2018,Québec,"Violence émotionnelle, psychologique ou exploitation financière",,,,,,,,,"Célibataire, jamais marié(e)",24,17.34
2018,Québec,"Total, violence physique ou sexuelle entre partenaires intimes",,,,,,,,,Marié(e) ou vivant en union libre,24,1.47
2018,Québec,"Total, violence physique ou sexuelle entre partenaires intimes",,,,,,,,,Séparé(e) ou divorcé(e),24,5.33
2018,Québec,"Total, violence physique ou sexuelle entre partenaires intimes",,,,,,,,,"Célibataire, jamais marié(e)",24,5.2
2018,Québec,Violence physique,,,,,,,,,Marié(e) ou vivant en union libre,24,1.3
2018,Québec,Violence physique,,,,,,,,,"Célibataire, jamais marié(e)",24,2.35
2018,Québec,Violence sexuelle,,,,,,,,,"Célibataire, jamais marié(e)",24,4.1
2018,Ontario,"Total, tous les types de violence entre partenaires intimes",,,,,,,,,Marié(e) ou vivant en union libre,35,8.98
2018,Ontario,"Total, tous les types de violence entre partenaires intimes",,,,,,,,,Séparé(e) ou divorcé(e),35,18.12
2018,Ontario,"Total, tous les types de violence entre partenaires intimes",,,,,,,,,"Célibataire, jamais marié(e)",35,19.31
2018,Ontario,"Violence émotionnelle, psychologique ou exploitation financière",,,,,,,,,Marié(e) ou vivant en union libre,35,8.97
2018,Ontario,"Violence émotionnelle, psychologique ou exploitation financière",,,,,,,,,Séparé(e) ou divorcé(e),35,17.82
2018,Ontario,"Violence émotionnelle, psychologique ou exploitation financière",,,,,,,,,"Célibataire, jamais marié(e)",35,18.36
2018,Ontario,"Total, violence physique ou sexuelle entre partenaires intimes",,,,,,,,,Marié(e) ou vivant en union libre,35,2.21
2018,Ontario,"Total, violence physique ou sexuelle entre partenaires intimes",,,,,,,,,Séparé(e) ou divorcé(e),35,6.04
2018,Ontario,"Total, violence physique ou sexuelle entre partenaires intimes",,,,,,,,,"Célibataire, jamais marié(e)",35,6.01
2018,Ontario,Violence physique,,,,,,,,,Marié(e) ou vivant en union libre,35,1.85
2018,Ontario,Violence physique,,,,,,,,,Séparé(e) ou divorcé(e),35,5.4
2018,Ontario,Violence physique,,,,,,,,,"Célibataire, jamais marié(e)",35,4.15
2018,Ontario,Violence sexuelle,,,,,,,,,Marié(e) ou vivant en union libre,35,0.64
2018,Ontario,Violence sexuelle,,,,,,,,,"Célibataire, jamais marié(e)",35,2.67
2018,Provinces des Prairies,"Total, tous les types de violence entre partenaires intimes",,,,,,,,,Marié(e) ou vivant en union libre,,10.64
2018,Provinces des Prairies,"Total, tous les types de violence entre partenaires intimes",,,,,,,,,Séparé(e) ou divorcé(e),,24.76
2018,Provinces des Prairies,"Total, tous les types de violence entre partenaires intimes",,,,,,,,,"Célibataire, jamais marié(e)",,21.85
2018,Provinces des Prairies,"Violence émotionnelle, psychologique ou exploitation financière",,,,,,,,,Marié(e) ou vivant en union libre,,10.44
2018,Provinces des Prairies,"Violence émotionnelle, psychologique ou exploitation financière",,,,,,,,,Séparé(e) ou divorcé(e),,24.66
2018,Provinces des Prairies,"Violence émotionnelle, psychologique ou exploitation financière",,,,,,,,,"Célibataire, jamais marié(e)",,21.48
2018,Provinces des Prairies,"Total, violence physique ou sexuelle entre partenaires intimes",,,,,,,,,Marié(e) ou vivant en union libre,,1.75
2018,Provinces des Prairies,"Total, violence physique ou sexuelle entre partenaires intimes",,,,,,,,,Séparé(e) ou divorcé(e),,8.58
2018,Provinces des Prairies,"Total, violence physique ou sexuelle entre partenaires intimes",,,,,,,,,"Célibataire, jamais marié(e)",,9.57
2018,Provinces des Prairies,Violence physique,,,,,,,,,Marié(e) ou vivant en union libre,,1.53
2018,Provinces des Prairies,Violence physique,,,,,,,,,Séparé(e) ou divorcé(e),,8.32
2018,Provinces des Prairies,Violence physique,,,,,,,,,"Célibataire, jamais marié(e)",,6.32
2018,Provinces des Prairies,Violence sexuelle,,,,,,,,,Marié(e) ou vivant en union libre,,0.43
2018,Provinces des Prairies,Violence sexuelle,,,,,,,,,"Célibataire, jamais marié(e)",,5.11
2018,Colombie-Britannique,"Total, tous les types de violence entre partenaires intimes",,,,,,,,,Marié(e) ou vivant en union libre,59,10.18
2018,Colombie-Britannique,"Total, tous les types de violence entre partenaires intimes",,,,,,,,,Séparé(e) ou divorcé(e),59,17.64
2018,Colombie-Britannique,"Total, tous les types de violence entre partenaires intimes",,,,,,,,,"Célibataire, jamais marié(e)",59,17.45
2018,Colombie-Britannique,"Violence émotionnelle, psychologique ou exploitation financière",,,,,,,,,Marié(e) ou vivant en union libre,59,10.18
2018,Colombie-Britannique,"Violence émotionnelle, psychologique ou exploitation financière",,,,,,,,,Séparé(e) ou divorcé(e),59,17.64
2018,Colombie-Britannique,"Violence émotionnelle, psychologique ou exploitation financière",,,,,,,,,"Célibataire, jamais marié(e)",59,17.34
2018,Colombie-Britannique,"Total, violence physique ou sexuelle entre partenaires intimes",,,,,,,,,Marié(e) ou vivant en union libre,59,2.42
2018,Colombie-Britannique,"Total, violence physique ou sexuelle entre partenaires intimes",,,,,,,,,Séparé(e) ou divorcé(e),59,6.27
2018,Colombie-Britannique,"Total, violence physique ou sexuelle entre partenaires intimes",,,,,,,,,"Célibataire, jamais marié(e)",59,5.1
2018,Colombie-Britannique,Violence physique,,,,,,,,,Marié(e) ou vivant en union libre,59,2.04
2018,Colombie-Britannique,Violence physique,,,,,,,,,"Célibataire, jamais marié(e)",59,4.26
2018,Colombie-Britannique,Violence sexuelle,,,,,,,,,Marié(e) ou vivant en union libre,59,0.74
2018,Territoires,"Total, tous les types de violence entre partenaires intimes",,,,,,,,,Marié(e) ou vivant en union libre,,12.07
2018,Territoires,"Total, tous les types de violence entre partenaires intimes",,,,,,,,,Séparé(e) ou divorcé(e),,21.84
2018,Territoires,"Total, tous les types de violence entre partenaires intimes",,,,,,,,,"Célibataire, jamais marié(e)",,22.22
2018,Territoires,"Violence émotionnelle, psychologique ou exploitation financière",,,,,,,,,Marié(e) ou vivant en union libre,,11.09
2018,Territoires,"Violence émotionnelle, psychologique ou exploitation financière",,,,,,,,,Séparé(e) ou divorcé(e),,21.84
2018,Territoires,"Violence émotionnelle, psychologique ou exploitation financière",,,,,,,,,"Célibataire, jamais marié(e)",,22.22
2018,Territoires,"Total, violence physique ou sexuelle entre partenaires intimes",,,,,,,,,Marié(e) ou vivant en union libre,,5.8
2018,Territoires,"Total, violence physique ou sexuelle entre partenaires intimes",,,,,,,,,Séparé(e) ou divorcé(e),,10.64
2018,Territoires,"Total, violence physique ou sexuelle entre partenaires intimes",,,,,,,,,"Célibataire, jamais marié(e)",,12.21
2018,Territoires,Violence physique,,,,,,,,,Marié(e) ou vivant en union libre,,4.94
2018,Territoires,Violence physique,,,,,,,,,Séparé(e) ou divorcé(e),,8.71
2018,Territoires,Violence physique,,,,,,,,,"Célibataire, jamais marié(e)",,10.03
2018,Territoires,Violence sexuelle,,,,,,,,,Marié(e) ou vivant en union libre,,1.52
2018,Territoires,Violence sexuelle,,,,,,,,,"Célibataire, jamais marié(e)",,6.5
