Year,Géographie,Industrie,Value
2007,,,156871.0
2008,,,160251.0
2009,,,160259.0
2010,,,157792.0
2011,,,162370.0
2012,,,165213.0
2013,,,171213.0
2014,,,179819.0
2015,,,203182.0
2016,,,195219.0
2017,,,206711.0
2018,,,206377.0
2019,,,216676.0
2007,Canada,Travaux de génie,45040.0
2008,Canada,Travaux de génie,48963.0
2009,Canada,Travaux de génie,55579.0
2010,Canada,Travaux de génie,60586.0
2011,Canada,Travaux de génie,62349.0
2012,Canada,Travaux de génie,65080.0
2013,Canada,Travaux de génie,69227.0
2014,Canada,Travaux de génie,71736.0
2015,Canada,Travaux de génie,80228.0
2016,Canada,Travaux de génie,72333.0
2017,Canada,Travaux de génie,71717.0
2018,Canada,Travaux de génie,62796.0
2019,Canada,Travaux de génie,64437.0
2007,Canada,Manufacturing,38120.0
2008,Canada,Manufacturing,35552.0
2009,Canada,Manufacturing,30706.0
2010,Canada,Manufacturing,26993.0
2011,Canada,Manufacturing,26355.0
2012,Canada,Manufacturing,26747.0
2013,Canada,Manufacturing,27930.0
2014,Canada,Manufacturing,26949.0
2015,Canada,Manufacturing,34311.0
2016,Canada,Manufacturing,29807.0
2017,Canada,Manufacturing,35535.0
2018,Canada,Manufacturing,38772.0
2019,Canada,Manufacturing,40252.0
2007,Canada,"Services professionnels, scientifiques et techniques",25963.0
2008,Canada,"Services professionnels, scientifiques et techniques",27739.0
2009,Canada,"Services professionnels, scientifiques et techniques",25706.0
2010,Canada,"Services professionnels, scientifiques et techniques",24194.0
2011,Canada,"Services professionnels, scientifiques et techniques",26853.0
2012,Canada,"Services professionnels, scientifiques et techniques",27423.0
2013,Canada,"Services professionnels, scientifiques et techniques",26265.0
2014,Canada,"Services professionnels, scientifiques et techniques",30096.0
2015,Canada,"Services professionnels, scientifiques et techniques",35526.0
2016,Canada,"Services professionnels, scientifiques et techniques",38943.0
2017,Canada,"Services professionnels, scientifiques et techniques",42593.0
2018,Canada,"Services professionnels, scientifiques et techniques",46319.0
2019,Canada,"Services professionnels, scientifiques et techniques",52128.0
2007,Canada,Autres industries,47748.0
2008,Canada,Autres industries,47997.0
2009,Canada,Autres industries,48268.0
2010,Canada,Autres industries,46019.0
2011,Canada,Autres industries,46813.0
2012,Canada,Autres industries,45963.0
2013,Canada,Autres industries,47791.0
2014,Canada,Autres industries,51038.0
2015,Canada,Autres industries,53117.0
2016,Canada,Autres industries,54136.0
2017,Canada,Autres industries,56866.0
2018,Canada,Autres industries,58490.0
2019,Canada,Autres industries,59859.0
2007,Terre-Neuve-et-Labrador,"Total, toutes les industries de technologies propres",
2008,Terre-Neuve-et-Labrador,"Total, toutes les industries de technologies propres",
2009,Terre-Neuve-et-Labrador,"Total, toutes les industries de technologies propres",
2010,Terre-Neuve-et-Labrador,"Total, toutes les industries de technologies propres",
2011,Terre-Neuve-et-Labrador,"Total, toutes les industries de technologies propres",
2012,Terre-Neuve-et-Labrador,"Total, toutes les industries de technologies propres",3371.0
2013,Terre-Neuve-et-Labrador,"Total, toutes les industries de technologies propres",5022.0
2014,Terre-Neuve-et-Labrador,"Total, toutes les industries de technologies propres",7552.0
2015,Terre-Neuve-et-Labrador,"Total, toutes les industries de technologies propres",10263.0
2016,Terre-Neuve-et-Labrador,"Total, toutes les industries de technologies propres",9985.0
2017,Terre-Neuve-et-Labrador,"Total, toutes les industries de technologies propres",9699.0
2018,Terre-Neuve-et-Labrador,"Total, toutes les industries de technologies propres",8492.0
2019,Terre-Neuve-et-Labrador,"Total, toutes les industries de technologies propres",9253.0
2007,Terre-Neuve-et-Labrador,Travaux de génie,
2008,Terre-Neuve-et-Labrador,Travaux de génie,
2009,Terre-Neuve-et-Labrador,Travaux de génie,
2010,Terre-Neuve-et-Labrador,Travaux de génie,
2011,Terre-Neuve-et-Labrador,Travaux de génie,
2012,Terre-Neuve-et-Labrador,Travaux de génie,2433.0
2013,Terre-Neuve-et-Labrador,Travaux de génie,4161.0
2014,Terre-Neuve-et-Labrador,Travaux de génie,6606.0
2015,Terre-Neuve-et-Labrador,Travaux de génie,9314.0
2016,Terre-Neuve-et-Labrador,Travaux de génie,9000.0
2017,Terre-Neuve-et-Labrador,Travaux de génie,8822.0
2018,Terre-Neuve-et-Labrador,Travaux de génie,7493.0
2019,Terre-Neuve-et-Labrador,Travaux de génie,8258.0
2007,Terre-Neuve-et-Labrador,Manufacturing,
2008,Terre-Neuve-et-Labrador,Manufacturing,
2009,Terre-Neuve-et-Labrador,Manufacturing,
2010,Terre-Neuve-et-Labrador,Manufacturing,
2011,Terre-Neuve-et-Labrador,Manufacturing,
2012,Terre-Neuve-et-Labrador,Manufacturing,50.0
2013,Terre-Neuve-et-Labrador,Manufacturing,45.0
2014,Terre-Neuve-et-Labrador,Manufacturing,51.0
2015,Terre-Neuve-et-Labrador,Manufacturing,47.0
2016,Terre-Neuve-et-Labrador,Manufacturing,39.0
2017,Terre-Neuve-et-Labrador,Manufacturing,62.0
2018,Terre-Neuve-et-Labrador,Manufacturing,108.0
2019,Terre-Neuve-et-Labrador,Manufacturing,100.0
2007,Terre-Neuve-et-Labrador,"Services professionnels, scientifiques et techniques",
2008,Terre-Neuve-et-Labrador,"Services professionnels, scientifiques et techniques",
2009,Terre-Neuve-et-Labrador,"Services professionnels, scientifiques et techniques",
2010,Terre-Neuve-et-Labrador,"Services professionnels, scientifiques et techniques",
2011,Terre-Neuve-et-Labrador,"Services professionnels, scientifiques et techniques",
2012,Terre-Neuve-et-Labrador,"Services professionnels, scientifiques et techniques",174.0
2013,Terre-Neuve-et-Labrador,"Services professionnels, scientifiques et techniques",180.0
2014,Terre-Neuve-et-Labrador,"Services professionnels, scientifiques et techniques",213.0
2015,Terre-Neuve-et-Labrador,"Services professionnels, scientifiques et techniques",227.0
2016,Terre-Neuve-et-Labrador,"Services professionnels, scientifiques et techniques",286.0
2017,Terre-Neuve-et-Labrador,"Services professionnels, scientifiques et techniques",192.0
2018,Terre-Neuve-et-Labrador,"Services professionnels, scientifiques et techniques",206.0
2019,Terre-Neuve-et-Labrador,"Services professionnels, scientifiques et techniques",220.0
2007,Terre-Neuve-et-Labrador,Autres industries,
2008,Terre-Neuve-et-Labrador,Autres industries,
2009,Terre-Neuve-et-Labrador,Autres industries,
2010,Terre-Neuve-et-Labrador,Autres industries,
2011,Terre-Neuve-et-Labrador,Autres industries,
2012,Terre-Neuve-et-Labrador,Autres industries,714.0
2013,Terre-Neuve-et-Labrador,Autres industries,636.0
2014,Terre-Neuve-et-Labrador,Autres industries,682.0
2015,Terre-Neuve-et-Labrador,Autres industries,675.0
2016,Terre-Neuve-et-Labrador,Autres industries,660.0
2017,Terre-Neuve-et-Labrador,Autres industries,623.0
2018,Terre-Neuve-et-Labrador,Autres industries,685.0
2019,Terre-Neuve-et-Labrador,Autres industries,675.0
2007,Île-du-Prince-Édouard,"Total, toutes les industries de technologies propres",
2008,Île-du-Prince-Édouard,"Total, toutes les industries de technologies propres",
2009,Île-du-Prince-Édouard,"Total, toutes les industries de technologies propres",
2010,Île-du-Prince-Édouard,"Total, toutes les industries de technologies propres",
2011,Île-du-Prince-Édouard,"Total, toutes les industries de technologies propres",
2012,Île-du-Prince-Édouard,"Total, toutes les industries de technologies propres",337.0
2013,Île-du-Prince-Édouard,"Total, toutes les industries de technologies propres",1126.0
2014,Île-du-Prince-Édouard,"Total, toutes les industries de technologies propres",504.0
2015,Île-du-Prince-Édouard,"Total, toutes les industries de technologies propres",597.0
2016,Île-du-Prince-Édouard,"Total, toutes les industries de technologies propres",861.0
2017,Île-du-Prince-Édouard,"Total, toutes les industries de technologies propres",792.0
2018,Île-du-Prince-Édouard,"Total, toutes les industries de technologies propres",733.0
2019,Île-du-Prince-Édouard,"Total, toutes les industries de technologies propres",731.0
2007,Île-du-Prince-Édouard,Travaux de génie,
2008,Île-du-Prince-Édouard,Travaux de génie,
2009,Île-du-Prince-Édouard,Travaux de génie,
2010,Île-du-Prince-Édouard,Travaux de génie,
2011,Île-du-Prince-Édouard,Travaux de génie,
2012,Île-du-Prince-Édouard,Travaux de génie,149.0
2013,Île-du-Prince-Édouard,Travaux de génie,840.0
2014,Île-du-Prince-Édouard,Travaux de génie,168.0
2015,Île-du-Prince-Édouard,Travaux de génie,196.0
2016,Île-du-Prince-Édouard,Travaux de génie,459.0
2017,Île-du-Prince-Édouard,Travaux de génie,413.0
2018,Île-du-Prince-Édouard,Travaux de génie,218.0
2019,Île-du-Prince-Édouard,Travaux de génie,193.0
2007,Île-du-Prince-Édouard,Manufacturing,
2008,Île-du-Prince-Édouard,Manufacturing,
2009,Île-du-Prince-Édouard,Manufacturing,
2010,Île-du-Prince-Édouard,Manufacturing,
2011,Île-du-Prince-Édouard,Manufacturing,
2012,Île-du-Prince-Édouard,Manufacturing,16.0
2013,Île-du-Prince-Édouard,Manufacturing,16.0
2014,Île-du-Prince-Édouard,Manufacturing,19.0
2015,Île-du-Prince-Édouard,Manufacturing,28.0
2016,Île-du-Prince-Édouard,Manufacturing,32.0
2017,Île-du-Prince-Édouard,Manufacturing,39.0
2018,Île-du-Prince-Édouard,Manufacturing,102.0
2019,Île-du-Prince-Édouard,Manufacturing,100.0
2007,Île-du-Prince-Édouard,"Services professionnels, scientifiques et techniques",
2008,Île-du-Prince-Édouard,"Services professionnels, scientifiques et techniques",
2009,Île-du-Prince-Édouard,"Services professionnels, scientifiques et techniques",
2010,Île-du-Prince-Édouard,"Services professionnels, scientifiques et techniques",
2011,Île-du-Prince-Édouard,"Services professionnels, scientifiques et techniques",
2012,Île-du-Prince-Édouard,"Services professionnels, scientifiques et techniques",39.0
2013,Île-du-Prince-Édouard,"Services professionnels, scientifiques et techniques",29.0
2014,Île-du-Prince-Édouard,"Services professionnels, scientifiques et techniques",44.0
2015,Île-du-Prince-Édouard,"Services professionnels, scientifiques et techniques",50.0
2016,Île-du-Prince-Édouard,"Services professionnels, scientifiques et techniques",50.0
2017,Île-du-Prince-Édouard,"Services professionnels, scientifiques et techniques",45.0
2018,Île-du-Prince-Édouard,"Services professionnels, scientifiques et techniques",77.0
2019,Île-du-Prince-Édouard,"Services professionnels, scientifiques et techniques",87.0
2007,Île-du-Prince-Édouard,Autres industries,
2008,Île-du-Prince-Édouard,Autres industries,
2009,Île-du-Prince-Édouard,Autres industries,
2010,Île-du-Prince-Édouard,Autres industries,
2011,Île-du-Prince-Édouard,Autres industries,
2012,Île-du-Prince-Édouard,Autres industries,133.0
2013,Île-du-Prince-Édouard,Autres industries,241.0
2014,Île-du-Prince-Édouard,Autres industries,273.0
2015,Île-du-Prince-Édouard,Autres industries,323.0
2016,Île-du-Prince-Édouard,Autres industries,320.0
2017,Île-du-Prince-Édouard,Autres industries,295.0
2018,Île-du-Prince-Édouard,Autres industries,336.0
2019,Île-du-Prince-Édouard,Autres industries,351.0
2007,Nouvelle-Écosse,"Total, toutes les industries de technologies propres",
2008,Nouvelle-Écosse,"Total, toutes les industries de technologies propres",
2009,Nouvelle-Écosse,"Total, toutes les industries de technologies propres",
2010,Nouvelle-Écosse,"Total, toutes les industries de technologies propres",
2011,Nouvelle-Écosse,"Total, toutes les industries de technologies propres",
2012,Nouvelle-Écosse,"Total, toutes les industries de technologies propres",2574.0
2013,Nouvelle-Écosse,"Total, toutes les industries de technologies propres",2372.0
2014,Nouvelle-Écosse,"Total, toutes les industries de technologies propres",3137.0
2015,Nouvelle-Écosse,"Total, toutes les industries de technologies propres",3583.0
2016,Nouvelle-Écosse,"Total, toutes les industries de technologies propres",3219.0
2017,Nouvelle-Écosse,"Total, toutes les industries de technologies propres",3671.0
2018,Nouvelle-Écosse,"Total, toutes les industries de technologies propres",3794.0
2019,Nouvelle-Écosse,"Total, toutes les industries de technologies propres",3790.0
2007,Nouvelle-Écosse,Travaux de génie,
2008,Nouvelle-Écosse,Travaux de génie,
2009,Nouvelle-Écosse,Travaux de génie,
2010,Nouvelle-Écosse,Travaux de génie,
2011,Nouvelle-Écosse,Travaux de génie,
2012,Nouvelle-Écosse,Travaux de génie,529.0
2013,Nouvelle-Écosse,Travaux de génie,359.0
2014,Nouvelle-Écosse,Travaux de génie,996.0
2015,Nouvelle-Écosse,Travaux de génie,1406.0
2016,Nouvelle-Écosse,Travaux de génie,907.0
2017,Nouvelle-Écosse,Travaux de génie,1066.0
2018,Nouvelle-Écosse,Travaux de génie,947.0
2019,Nouvelle-Écosse,Travaux de génie,871.0
2007,Nouvelle-Écosse,Manufacturing,
2008,Nouvelle-Écosse,Manufacturing,
2009,Nouvelle-Écosse,Manufacturing,
2010,Nouvelle-Écosse,Manufacturing,
2011,Nouvelle-Écosse,Manufacturing,
2012,Nouvelle-Écosse,Manufacturing,404.0
2013,Nouvelle-Écosse,Manufacturing,531.0
2014,Nouvelle-Écosse,Manufacturing,526.0
2015,Nouvelle-Écosse,Manufacturing,458.0
2016,Nouvelle-Écosse,Manufacturing,585.0
2017,Nouvelle-Écosse,Manufacturing,582.0
2018,Nouvelle-Écosse,Manufacturing,504.0
2019,Nouvelle-Écosse,Manufacturing,400.0
2007,Nouvelle-Écosse,"Services professionnels, scientifiques et techniques",
2008,Nouvelle-Écosse,"Services professionnels, scientifiques et techniques",
2009,Nouvelle-Écosse,"Services professionnels, scientifiques et techniques",
2010,Nouvelle-Écosse,"Services professionnels, scientifiques et techniques",
2011,Nouvelle-Écosse,"Services professionnels, scientifiques et techniques",
2012,Nouvelle-Écosse,"Services professionnels, scientifiques et techniques",393.0
2013,Nouvelle-Écosse,"Services professionnels, scientifiques et techniques",392.0
2014,Nouvelle-Écosse,"Services professionnels, scientifiques et techniques",454.0
2015,Nouvelle-Écosse,"Services professionnels, scientifiques et techniques",519.0
2016,Nouvelle-Écosse,"Services professionnels, scientifiques et techniques",527.0
2017,Nouvelle-Écosse,"Services professionnels, scientifiques et techniques",710.0
2018,Nouvelle-Écosse,"Services professionnels, scientifiques et techniques",949.0
2019,Nouvelle-Écosse,"Services professionnels, scientifiques et techniques",1120.0
2007,Nouvelle-Écosse,Autres industries,
2008,Nouvelle-Écosse,Autres industries,
2009,Nouvelle-Écosse,Autres industries,
2010,Nouvelle-Écosse,Autres industries,
2011,Nouvelle-Écosse,Autres industries,
2012,Nouvelle-Écosse,Autres industries,1248.0
2013,Nouvelle-Écosse,Autres industries,1090.0
2014,Nouvelle-Écosse,Autres industries,1161.0
2015,Nouvelle-Écosse,Autres industries,1200.0
2016,Nouvelle-Écosse,Autres industries,1200.0
2017,Nouvelle-Écosse,Autres industries,1313.0
2018,Nouvelle-Écosse,Autres industries,1394.0
2019,Nouvelle-Écosse,Autres industries,1399.0
2007,Nouveau-Brunswick,"Total, toutes les industries de technologies propres",
2008,Nouveau-Brunswick,"Total, toutes les industries de technologies propres",
2009,Nouveau-Brunswick,"Total, toutes les industries de technologies propres",
2010,Nouveau-Brunswick,"Total, toutes les industries de technologies propres",
2011,Nouveau-Brunswick,"Total, toutes les industries de technologies propres",
2012,Nouveau-Brunswick,"Total, toutes les industries de technologies propres",3454.0
2013,Nouveau-Brunswick,"Total, toutes les industries de technologies propres",3019.0
2014,Nouveau-Brunswick,"Total, toutes les industries de technologies propres",3173.0
2015,Nouveau-Brunswick,"Total, toutes les industries de technologies propres",3035.0
2016,Nouveau-Brunswick,"Total, toutes les industries de technologies propres",3387.0
2017,Nouveau-Brunswick,"Total, toutes les industries de technologies propres",3300.0
2018,Nouveau-Brunswick,"Total, toutes les industries de technologies propres",3561.0
2019,Nouveau-Brunswick,"Total, toutes les industries de technologies propres",3497.0
2007,Nouveau-Brunswick,Travaux de génie,
2008,Nouveau-Brunswick,Travaux de génie,
2009,Nouveau-Brunswick,Travaux de génie,
2010,Nouveau-Brunswick,Travaux de génie,
2011,Nouveau-Brunswick,Travaux de génie,
2012,Nouveau-Brunswick,Travaux de génie,1412.0
2013,Nouveau-Brunswick,Travaux de génie,797.0
2014,Nouveau-Brunswick,Travaux de génie,929.0
2015,Nouveau-Brunswick,Travaux de génie,617.0
2016,Nouveau-Brunswick,Travaux de génie,942.0
2017,Nouveau-Brunswick,Travaux de génie,1175.0
2018,Nouveau-Brunswick,Travaux de génie,1163.0
2019,Nouveau-Brunswick,Travaux de génie,1004.0
2007,Nouveau-Brunswick,Manufacturing,
2008,Nouveau-Brunswick,Manufacturing,
2009,Nouveau-Brunswick,Manufacturing,
2010,Nouveau-Brunswick,Manufacturing,
2011,Nouveau-Brunswick,Manufacturing,
2012,Nouveau-Brunswick,Manufacturing,968.0
2013,Nouveau-Brunswick,Manufacturing,920.0
2014,Nouveau-Brunswick,Manufacturing,924.0
2015,Nouveau-Brunswick,Manufacturing,1072.0
2016,Nouveau-Brunswick,Manufacturing,1040.0
2017,Nouveau-Brunswick,Manufacturing,904.0
2018,Nouveau-Brunswick,Manufacturing,792.0
2019,Nouveau-Brunswick,Manufacturing,878.0
2007,Nouveau-Brunswick,"Services professionnels, scientifiques et techniques",
2008,Nouveau-Brunswick,"Services professionnels, scientifiques et techniques",
2009,Nouveau-Brunswick,"Services professionnels, scientifiques et techniques",
2010,Nouveau-Brunswick,"Services professionnels, scientifiques et techniques",
2011,Nouveau-Brunswick,"Services professionnels, scientifiques et techniques",
2012,Nouveau-Brunswick,"Services professionnels, scientifiques et techniques",310.0
2013,Nouveau-Brunswick,"Services professionnels, scientifiques et techniques",273.0
2014,Nouveau-Brunswick,"Services professionnels, scientifiques et techniques",334.0
2015,Nouveau-Brunswick,"Services professionnels, scientifiques et techniques",313.0
2016,Nouveau-Brunswick,"Services professionnels, scientifiques et techniques",374.0
2017,Nouveau-Brunswick,"Services professionnels, scientifiques et techniques",254.0
2018,Nouveau-Brunswick,"Services professionnels, scientifiques et techniques",522.0
2019,Nouveau-Brunswick,"Services professionnels, scientifiques et techniques",515.0
2007,Nouveau-Brunswick,Autres industries,
2008,Nouveau-Brunswick,Autres industries,
2009,Nouveau-Brunswick,Autres industries,
2010,Nouveau-Brunswick,Autres industries,
2011,Nouveau-Brunswick,Autres industries,
2012,Nouveau-Brunswick,Autres industries,764.0
2013,Nouveau-Brunswick,Autres industries,1029.0
2014,Nouveau-Brunswick,Autres industries,986.0
2015,Nouveau-Brunswick,Autres industries,1033.0
2016,Nouveau-Brunswick,Autres industries,1031.0
2017,Nouveau-Brunswick,Autres industries,967.0
2018,Nouveau-Brunswick,Autres industries,1084.0
2019,Nouveau-Brunswick,Autres industries,1100.0
2007,Québec,"Total, toutes les industries de technologies propres",
2008,Québec,"Total, toutes les industries de technologies propres",
2009,Québec,"Total, toutes les industries de technologies propres",
2010,Québec,"Total, toutes les industries de technologies propres",
2011,Québec,"Total, toutes les industries de technologies propres",
2012,Québec,"Total, toutes les industries de technologies propres",46725.0
2013,Québec,"Total, toutes les industries de technologies propres",45653.0
2014,Québec,"Total, toutes les industries de technologies propres",42302.0
2015,Québec,"Total, toutes les industries de technologies propres",48534.0
2016,Québec,"Total, toutes les industries de technologies propres",44124.0
2017,Québec,"Total, toutes les industries de technologies propres",43598.0
2018,Québec,"Total, toutes les industries de technologies propres",48559.0
2019,Québec,"Total, toutes les industries de technologies propres",50283.0
2007,Québec,Travaux de génie,
2008,Québec,Travaux de génie,
2009,Québec,Travaux de génie,
2010,Québec,Travaux de génie,
2011,Québec,Travaux de génie,
2012,Québec,Travaux de génie,24257.0
2013,Québec,Travaux de génie,23855.0
2014,Québec,Travaux de génie,19086.0
2015,Québec,Travaux de génie,21868.0
2016,Québec,Travaux de génie,17817.0
2017,Québec,Travaux de génie,15170.0
2018,Québec,Travaux de génie,13713.0
2019,Québec,Travaux de génie,13321.0
2007,Québec,Manufacturing,
2008,Québec,Manufacturing,
2009,Québec,Manufacturing,
2010,Québec,Manufacturing,
2011,Québec,Manufacturing,
2012,Québec,Manufacturing,7747.0
2013,Québec,Manufacturing,7940.0
2014,Québec,Manufacturing,8412.0
2015,Québec,Manufacturing,9903.0
2016,Québec,Manufacturing,9467.0
2017,Québec,Manufacturing,9581.0
2018,Québec,Manufacturing,13113.0
2019,Québec,Manufacturing,13481.0
2007,Québec,"Services professionnels, scientifiques et techniques",
2008,Québec,"Services professionnels, scientifiques et techniques",
2009,Québec,"Services professionnels, scientifiques et techniques",
2010,Québec,"Services professionnels, scientifiques et techniques",
2011,Québec,"Services professionnels, scientifiques et techniques",
2012,Québec,"Services professionnels, scientifiques et techniques",6072.0
2013,Québec,"Services professionnels, scientifiques et techniques",5411.0
2014,Québec,"Services professionnels, scientifiques et techniques",5802.0
2015,Québec,"Services professionnels, scientifiques et techniques",6995.0
2016,Québec,"Services professionnels, scientifiques et techniques",7500.0
2017,Québec,"Services professionnels, scientifiques et techniques",9462.0
2018,Québec,"Services professionnels, scientifiques et techniques",11675.0
2019,Québec,"Services professionnels, scientifiques et techniques",13241.0
2007,Québec,Autres industries,
2008,Québec,Autres industries,
2009,Québec,Autres industries,
2010,Québec,Autres industries,
2011,Québec,Autres industries,
2012,Québec,Autres industries,8649.0
2013,Québec,Autres industries,8447.0
2014,Québec,Autres industries,9002.0
2015,Québec,Autres industries,9768.0
2016,Québec,Autres industries,9340.0
2017,Québec,Autres industries,9385.0
2018,Québec,Autres industries,10058.0
2019,Québec,Autres industries,10240.0
2007,Ontario,"Total, toutes les industries de technologies propres",
2008,Ontario,"Total, toutes les industries de technologies propres",
2009,Ontario,"Total, toutes les industries de technologies propres",
2010,Ontario,"Total, toutes les industries de technologies propres",
2011,Ontario,"Total, toutes les industries de technologies propres",
2012,Ontario,"Total, toutes les industries de technologies propres",58155.0
2013,Ontario,"Total, toutes les industries de technologies propres",61679.0
2014,Ontario,"Total, toutes les industries de technologies propres",67377.0
2015,Ontario,"Total, toutes les industries de technologies propres",78422.0
2016,Ontario,"Total, toutes les industries de technologies propres",72674.0
2017,Ontario,"Total, toutes les industries de technologies propres",75902.0
2018,Ontario,"Total, toutes les industries de technologies propres",78141.0
2019,Ontario,"Total, toutes les industries de technologies propres",83469.0
2007,Ontario,Travaux de génie,
2008,Ontario,Travaux de génie,
2009,Ontario,Travaux de génie,
2010,Ontario,Travaux de génie,
2011,Ontario,Travaux de génie,
2012,Ontario,Travaux de génie,15931.0
2013,Ontario,Travaux de génie,16967.0
2014,Ontario,Travaux de génie,21236.0
2015,Ontario,Travaux de génie,23813.0
2016,Ontario,Travaux de génie,18997.0
2017,Ontario,Travaux de génie,19059.0
2018,Ontario,Travaux de génie,16913.0
2019,Ontario,Travaux de génie,17765.0
2007,Ontario,Manufacturing,
2008,Ontario,Manufacturing,
2009,Ontario,Manufacturing,
2010,Ontario,Manufacturing,
2011,Ontario,Manufacturing,
2012,Ontario,Manufacturing,10322.0
2013,Ontario,Manufacturing,11539.0
2014,Ontario,Manufacturing,9896.0
2015,Ontario,Manufacturing,14862.0
2016,Ontario,Manufacturing,10887.0
2017,Ontario,Manufacturing,14783.0
2018,Ontario,Manufacturing,14684.0
2019,Ontario,Manufacturing,15816.0
2007,Ontario,"Services professionnels, scientifiques et techniques",
2008,Ontario,"Services professionnels, scientifiques et techniques",
2009,Ontario,"Services professionnels, scientifiques et techniques",
2010,Ontario,"Services professionnels, scientifiques et techniques",
2011,Ontario,"Services professionnels, scientifiques et techniques",
2012,Ontario,"Services professionnels, scientifiques et techniques",11714.0
2013,Ontario,"Services professionnels, scientifiques et techniques",11072.0
2014,Ontario,"Services professionnels, scientifiques et techniques",13160.0
2015,Ontario,"Services professionnels, scientifiques et techniques",15907.0
2016,Ontario,"Services professionnels, scientifiques et techniques",17825.0
2017,Ontario,"Services professionnels, scientifiques et techniques",16581.0
2018,Ontario,"Services professionnels, scientifiques et techniques",19522.0
2019,Ontario,"Services professionnels, scientifiques et techniques",21666.0
2007,Ontario,Autres industries,
2008,Ontario,Autres industries,
2009,Ontario,Autres industries,
2010,Ontario,Autres industries,
2011,Ontario,Autres industries,
2012,Ontario,Autres industries,20188.0
2013,Ontario,Autres industries,22101.0
2014,Ontario,Autres industries,23085.0
2015,Ontario,Autres industries,23840.0
2016,Ontario,Autres industries,24965.0
2017,Ontario,Autres industries,25479.0
2018,Ontario,Autres industries,27022.0
2019,Ontario,Autres industries,28222.0
2007,Manitoba,"Total, toutes les industries de technologies propres",
2008,Manitoba,"Total, toutes les industries de technologies propres",
2009,Manitoba,"Total, toutes les industries de technologies propres",
2010,Manitoba,"Total, toutes les industries de technologies propres",
2011,Manitoba,"Total, toutes les industries de technologies propres",
2012,Manitoba,"Total, toutes les industries de technologies propres",6851.0
2013,Manitoba,"Total, toutes les industries de technologies propres",7865.0
2014,Manitoba,"Total, toutes les industries de technologies propres",9635.0
2015,Manitoba,"Total, toutes les industries de technologies propres",10995.0
2016,Manitoba,"Total, toutes les industries de technologies propres",11791.0
2017,Manitoba,"Total, toutes les industries de technologies propres",13683.0
2018,Manitoba,"Total, toutes les industries de technologies propres",12217.0
2019,Manitoba,"Total, toutes les industries de technologies propres",11656.0
2007,Manitoba,Travaux de génie,
2008,Manitoba,Travaux de génie,
2009,Manitoba,Travaux de génie,
2010,Manitoba,Travaux de génie,
2011,Manitoba,Travaux de génie,
2012,Manitoba,Travaux de génie,4268.0
2013,Manitoba,Travaux de génie,5001.0
2014,Manitoba,Travaux de génie,6545.0
2015,Manitoba,Travaux de génie,7891.0
2016,Manitoba,Travaux de génie,8419.0
2017,Manitoba,Travaux de génie,9692.0
2018,Manitoba,Travaux de génie,8130.0
2019,Manitoba,Travaux de génie,7462.0
2007,Manitoba,Manufacturing,
2008,Manitoba,Manufacturing,
2009,Manitoba,Manufacturing,
2010,Manitoba,Manufacturing,
2011,Manitoba,Manufacturing,
2012,Manitoba,Manufacturing,918.0
2013,Manitoba,Manufacturing,1021.0
2014,Manitoba,Manufacturing,980.0
2015,Manitoba,Manufacturing,719.0
2016,Manitoba,Manufacturing,891.0
2017,Manitoba,Manufacturing,1166.0
2018,Manitoba,Manufacturing,1139.0
2019,Manitoba,Manufacturing,1195.0
2007,Manitoba,"Services professionnels, scientifiques et techniques",
2008,Manitoba,"Services professionnels, scientifiques et techniques",
2009,Manitoba,"Services professionnels, scientifiques et techniques",
2010,Manitoba,"Services professionnels, scientifiques et techniques",
2011,Manitoba,"Services professionnels, scientifiques et techniques",
2012,Manitoba,"Services professionnels, scientifiques et techniques",438.0
2013,Manitoba,"Services professionnels, scientifiques et techniques",412.0
2014,Manitoba,"Services professionnels, scientifiques et techniques",580.0
2015,Manitoba,"Services professionnels, scientifiques et techniques",709.0
2016,Manitoba,"Services professionnels, scientifiques et techniques",789.0
2017,Manitoba,"Services professionnels, scientifiques et techniques",1011.0
2018,Manitoba,"Services professionnels, scientifiques et techniques",1034.0
2019,Manitoba,"Services professionnels, scientifiques et techniques",1096.0
2007,Manitoba,Autres industries,
2008,Manitoba,Autres industries,
2009,Manitoba,Autres industries,
2010,Manitoba,Autres industries,
2011,Manitoba,Autres industries,
2012,Manitoba,Autres industries,1227.0
2013,Manitoba,Autres industries,1431.0
2014,Manitoba,Autres industries,1530.0
2015,Manitoba,Autres industries,1676.0
2016,Manitoba,Autres industries,1692.0
2017,Manitoba,Autres industries,1814.0
2018,Manitoba,Autres industries,1914.0
2019,Manitoba,Autres industries,1903.0
2007,Saskatchewan,"Total, toutes les industries de technologies propres",
2008,Saskatchewan,"Total, toutes les industries de technologies propres",
2009,Saskatchewan,"Total, toutes les industries de technologies propres",
2010,Saskatchewan,"Total, toutes les industries de technologies propres",
2011,Saskatchewan,"Total, toutes les industries de technologies propres",
2012,Saskatchewan,"Total, toutes les industries de technologies propres",4310.0
2013,Saskatchewan,"Total, toutes les industries de technologies propres",4369.0
2014,Saskatchewan,"Total, toutes les industries de technologies propres",4580.0
2015,Saskatchewan,"Total, toutes les industries de technologies propres",5318.0
2016,Saskatchewan,"Total, toutes les industries de technologies propres",4374.0
2017,Saskatchewan,"Total, toutes les industries de technologies propres",4968.0
2018,Saskatchewan,"Total, toutes les industries de technologies propres",4254.0
2019,Saskatchewan,"Total, toutes les industries de technologies propres",4530.0
2007,Saskatchewan,Travaux de génie,
2008,Saskatchewan,Travaux de génie,
2009,Saskatchewan,Travaux de génie,
2010,Saskatchewan,Travaux de génie,
2011,Saskatchewan,Travaux de génie,
2012,Saskatchewan,Travaux de génie,1823.0
2013,Saskatchewan,Travaux de génie,1938.0
2014,Saskatchewan,Travaux de génie,1942.0
2015,Saskatchewan,Travaux de génie,1897.0
2016,Saskatchewan,Travaux de génie,1337.0
2017,Saskatchewan,Travaux de génie,1182.0
2018,Saskatchewan,Travaux de génie,1013.0
2019,Saskatchewan,Travaux de génie,1264.0
2007,Saskatchewan,Manufacturing,
2008,Saskatchewan,Manufacturing,
2009,Saskatchewan,Manufacturing,
2010,Saskatchewan,Manufacturing,
2011,Saskatchewan,Manufacturing,
2012,Saskatchewan,Manufacturing,479.0
2013,Saskatchewan,Manufacturing,390.0
2014,Saskatchewan,Manufacturing,388.0
2015,Saskatchewan,Manufacturing,956.0
2016,Saskatchewan,Manufacturing,486.0
2017,Saskatchewan,Manufacturing,353.0
2018,Saskatchewan,Manufacturing,649.0
2019,Saskatchewan,Manufacturing,559.0
2007,Saskatchewan,"Services professionnels, scientifiques et techniques",
2008,Saskatchewan,"Services professionnels, scientifiques et techniques",
2009,Saskatchewan,"Services professionnels, scientifiques et techniques",
2010,Saskatchewan,"Services professionnels, scientifiques et techniques",
2011,Saskatchewan,"Services professionnels, scientifiques et techniques",
2012,Saskatchewan,"Services professionnels, scientifiques et techniques",449.0
2013,Saskatchewan,"Services professionnels, scientifiques et techniques",508.0
2014,Saskatchewan,"Services professionnels, scientifiques et techniques",561.0
2015,Saskatchewan,"Services professionnels, scientifiques et techniques",582.0
2016,Saskatchewan,"Services professionnels, scientifiques et techniques",637.0
2017,Saskatchewan,"Services professionnels, scientifiques et techniques",1067.0
2018,Saskatchewan,"Services professionnels, scientifiques et techniques",653.0
2019,Saskatchewan,"Services professionnels, scientifiques et techniques",761.0
2007,Saskatchewan,Autres industries,
2008,Saskatchewan,Autres industries,
2009,Saskatchewan,Autres industries,
2010,Saskatchewan,Autres industries,
2011,Saskatchewan,Autres industries,
2012,Saskatchewan,Autres industries,1559.0
2013,Saskatchewan,Autres industries,1533.0
2014,Saskatchewan,Autres industries,1689.0
2015,Saskatchewan,Autres industries,1883.0
2016,Saskatchewan,Autres industries,1914.0
2017,Saskatchewan,Autres industries,2366.0
2018,Saskatchewan,Autres industries,1939.0
2019,Saskatchewan,Autres industries,1946.0
2007,Alberta,"Total, toutes les industries de technologies propres",
2008,Alberta,"Total, toutes les industries de technologies propres",
2009,Alberta,"Total, toutes les industries de technologies propres",
2010,Alberta,"Total, toutes les industries de technologies propres",
2011,Alberta,"Total, toutes les industries de technologies propres",
2012,Alberta,"Total, toutes les industries de technologies propres",16822.0
2013,Alberta,"Total, toutes les industries de technologies propres",18337.0
2014,Alberta,"Total, toutes les industries de technologies propres",18913.0
2015,Alberta,"Total, toutes les industries de technologies propres",18889.0
2016,Alberta,"Total, toutes les industries de technologies propres",20086.0
2017,Alberta,"Total, toutes les industries de technologies propres",23209.0
2018,Alberta,"Total, toutes les industries de technologies propres",20632.0
2019,Alberta,"Total, toutes les industries de technologies propres",21522.0
2007,Alberta,Travaux de génie,
2008,Alberta,Travaux de génie,
2009,Alberta,Travaux de génie,
2010,Alberta,Travaux de génie,
2011,Alberta,Travaux de génie,
2012,Alberta,Travaux de génie,5651.0
2013,Alberta,Travaux de génie,7092.0
2014,Alberta,Travaux de génie,6160.0
2015,Alberta,Travaux de génie,5384.0
2016,Alberta,Travaux de génie,6511.0
2017,Alberta,Travaux de génie,6514.0
2018,Alberta,Travaux de génie,6410.0
2019,Alberta,Travaux de génie,6879.0
2007,Alberta,Manufacturing,
2008,Alberta,Manufacturing,
2009,Alberta,Manufacturing,
2010,Alberta,Manufacturing,
2011,Alberta,Manufacturing,
2012,Alberta,Manufacturing,1507.0
2013,Alberta,Manufacturing,1421.0
2014,Alberta,Manufacturing,1574.0
2015,Alberta,Manufacturing,1734.0
2016,Alberta,Manufacturing,1666.0
2017,Alberta,Manufacturing,2191.0
2018,Alberta,Manufacturing,2483.0
2019,Alberta,Manufacturing,2264.0
2007,Alberta,"Services professionnels, scientifiques et techniques",
2008,Alberta,"Services professionnels, scientifiques et techniques",
2009,Alberta,"Services professionnels, scientifiques et techniques",
2010,Alberta,"Services professionnels, scientifiques et techniques",
2011,Alberta,"Services professionnels, scientifiques et techniques",
2012,Alberta,"Services professionnels, scientifiques et techniques",4027.0
2013,Alberta,"Services professionnels, scientifiques et techniques",4211.0
2014,Alberta,"Services professionnels, scientifiques et techniques",4801.0
2015,Alberta,"Services professionnels, scientifiques et techniques",5504.0
2016,Alberta,"Services professionnels, scientifiques et techniques",5773.0
2017,Alberta,"Services professionnels, scientifiques et techniques",7182.0
2018,Alberta,"Services professionnels, scientifiques et techniques",5353.0
2019,Alberta,"Services professionnels, scientifiques et techniques",5978.0
2007,Alberta,Autres industries,
2008,Alberta,Autres industries,
2009,Alberta,Autres industries,
2010,Alberta,Autres industries,
2011,Alberta,Autres industries,
2012,Alberta,Autres industries,5637.0
2013,Alberta,Autres industries,5613.0
2014,Alberta,Autres industries,6378.0
2015,Alberta,Autres industries,6267.0
2016,Alberta,Autres industries,6136.0
2017,Alberta,Autres industries,7322.0
2018,Alberta,Autres industries,6386.0
2019,Alberta,Autres industries,6401.0
2007,Colombie-Britannique,"Total, toutes les industries de technologies propres",
2008,Colombie-Britannique,"Total, toutes les industries de technologies propres",
2009,Colombie-Britannique,"Total, toutes les industries de technologies propres",
2010,Colombie-Britannique,"Total, toutes les industries de technologies propres",
2011,Colombie-Britannique,"Total, toutes les industries de technologies propres",
2012,Colombie-Britannique,"Total, toutes les industries de technologies propres",22237.0
2013,Colombie-Britannique,"Total, toutes les industries de technologies propres",21432.0
2014,Colombie-Britannique,"Total, toutes les industries de technologies propres",21938.0
2015,Colombie-Britannique,"Total, toutes les industries de technologies propres",22532.0
2016,Colombie-Britannique,"Total, toutes les industries de technologies propres",23853.0
2017,Colombie-Britannique,"Total, toutes les industries de technologies propres",27434.0
2018,Colombie-Britannique,"Total, toutes les industries de technologies propres",25529.0
2019,Colombie-Britannique,"Total, toutes les industries de technologies propres",27480.0
2007,Colombie-Britannique,Travaux de génie,
2008,Colombie-Britannique,Travaux de génie,
2009,Colombie-Britannique,Travaux de génie,
2010,Colombie-Britannique,Travaux de génie,
2011,Colombie-Britannique,Travaux de génie,
2012,Colombie-Britannique,Travaux de génie,8432.0
2013,Colombie-Britannique,Travaux de génie,8065.0
2014,Colombie-Britannique,Travaux de génie,7576.0
2015,Colombie-Britannique,Travaux de génie,7102.0
2016,Colombie-Britannique,Travaux de génie,7348.0
2017,Colombie-Britannique,Travaux de génie,8439.0
2018,Colombie-Britannique,Travaux de génie,6631.0
2019,Colombie-Britannique,Travaux de génie,7267.0
2007,Colombie-Britannique,Manufacturing,
2008,Colombie-Britannique,Manufacturing,
2009,Colombie-Britannique,Manufacturing,
2010,Colombie-Britannique,Manufacturing,
2011,Colombie-Britannique,Manufacturing,
2012,Colombie-Britannique,Manufacturing,4333.0
2013,Colombie-Britannique,Manufacturing,4106.0
2014,Colombie-Britannique,Manufacturing,4177.0
2015,Colombie-Britannique,Manufacturing,4508.0
2016,Colombie-Britannique,Manufacturing,4713.0
2017,Colombie-Britannique,Manufacturing,5870.0
2018,Colombie-Britannique,Manufacturing,5195.0
2019,Colombie-Britannique,Manufacturing,5457.0
2007,Colombie-Britannique,"Services professionnels, scientifiques et techniques",
2008,Colombie-Britannique,"Services professionnels, scientifiques et techniques",
2009,Colombie-Britannique,"Services professionnels, scientifiques et techniques",
2010,Colombie-Britannique,"Services professionnels, scientifiques et techniques",
2011,Colombie-Britannique,"Services professionnels, scientifiques et techniques",
2012,Colombie-Britannique,"Services professionnels, scientifiques et techniques",3759.0
2013,Colombie-Britannique,"Services professionnels, scientifiques et techniques",3731.0
2014,Colombie-Britannique,"Services professionnels, scientifiques et techniques",4076.0
2015,Colombie-Britannique,"Services professionnels, scientifiques et techniques",4630.0
2016,Colombie-Britannique,"Services professionnels, scientifiques et techniques",5094.0
2017,Colombie-Britannique,"Services professionnels, scientifiques et techniques",6005.0
2018,Colombie-Britannique,"Services professionnels, scientifiques et techniques",6224.0
2019,Colombie-Britannique,"Services professionnels, scientifiques et techniques",7335.0
2007,Colombie-Britannique,Autres industries,
2008,Colombie-Britannique,Autres industries,
2009,Colombie-Britannique,Autres industries,
2010,Colombie-Britannique,Autres industries,
2011,Colombie-Britannique,Autres industries,
2012,Colombie-Britannique,Autres industries,5713.0
2013,Colombie-Britannique,Autres industries,5530.0
2014,Colombie-Britannique,Autres industries,6109.0
2015,Colombie-Britannique,Autres industries,6292.0
2016,Colombie-Britannique,Autres industries,6698.0
2017,Colombie-Britannique,Autres industries,7120.0
2018,Colombie-Britannique,Autres industries,7479.0
2019,Colombie-Britannique,Autres industries,7421.0
2007,Yukon,"Total, toutes les industries de technologies propres",
2008,Yukon,"Total, toutes les industries de technologies propres",
2009,Yukon,"Total, toutes les industries de technologies propres",
2010,Yukon,"Total, toutes les industries de technologies propres",
2011,Yukon,"Total, toutes les industries de technologies propres",
2012,Yukon,"Total, toutes les industries de technologies propres",178.0
2013,Yukon,"Total, toutes les industries de technologies propres",151.0
2014,Yukon,"Total, toutes les industries de technologies propres",192.0
2015,Yukon,"Total, toutes les industries de technologies propres",143.0
2016,Yukon,"Total, toutes les industries de technologies propres",127.0
2017,Yukon,"Total, toutes les industries de technologies propres",131.0
2018,Yukon,"Total, toutes les industries de technologies propres",119.0
2019,Yukon,"Total, toutes les industries de technologies propres",125.0
2007,Yukon,Travaux de génie,
2008,Yukon,Travaux de génie,
2009,Yukon,Travaux de génie,
2010,Yukon,Travaux de génie,
2011,Yukon,Travaux de génie,
2012,Yukon,Travaux de génie,141.0
2013,Yukon,Travaux de génie,120.0
2014,Yukon,Travaux de génie,162.0
2015,Yukon,Travaux de génie,118.0
2016,Yukon,Travaux de génie,93.0
2017,Yukon,Travaux de génie,85.0
2018,Yukon,Travaux de génie,68.0
2019,Yukon,Travaux de génie,74.0
2007,Yukon,Manufacturing,
2008,Yukon,Manufacturing,
2009,Yukon,Manufacturing,
2010,Yukon,Manufacturing,
2011,Yukon,Manufacturing,
2012,Yukon,Manufacturing,
2013,Yukon,Manufacturing,
2014,Yukon,Manufacturing,
2015,Yukon,Manufacturing,
2016,Yukon,Manufacturing,
2017,Yukon,Manufacturing,
2018,Yukon,Manufacturing,
2019,Yukon,Manufacturing,
2007,Yukon,"Services professionnels, scientifiques et techniques",
2008,Yukon,"Services professionnels, scientifiques et techniques",
2009,Yukon,"Services professionnels, scientifiques et techniques",
2010,Yukon,"Services professionnels, scientifiques et techniques",
2011,Yukon,"Services professionnels, scientifiques et techniques",
2012,Yukon,"Services professionnels, scientifiques et techniques",
2013,Yukon,"Services professionnels, scientifiques et techniques",
2014,Yukon,"Services professionnels, scientifiques et techniques",
2015,Yukon,"Services professionnels, scientifiques et techniques",
2016,Yukon,"Services professionnels, scientifiques et techniques",
2017,Yukon,"Services professionnels, scientifiques et techniques",
2018,Yukon,"Services professionnels, scientifiques et techniques",
2019,Yukon,"Services professionnels, scientifiques et techniques",
2007,Yukon,Autres industries,
2008,Yukon,Autres industries,
2009,Yukon,Autres industries,
2010,Yukon,Autres industries,
2011,Yukon,Autres industries,
2012,Yukon,Autres industries,37.0
2013,Yukon,Autres industries,31.0
2014,Yukon,Autres industries,30.0
2015,Yukon,Autres industries,25.0
2016,Yukon,Autres industries,34.0
2017,Yukon,Autres industries,46.0
2018,Yukon,Autres industries,51.0
2019,Yukon,Autres industries,51.0
2007,Territoires du Nord-Ouest,"Total, toutes les industries de technologies propres",
2008,Territoires du Nord-Ouest,"Total, toutes les industries de technologies propres",
2009,Territoires du Nord-Ouest,"Total, toutes les industries de technologies propres",
2010,Territoires du Nord-Ouest,"Total, toutes les industries de technologies propres",
2011,Territoires du Nord-Ouest,"Total, toutes les industries de technologies propres",
2012,Territoires du Nord-Ouest,"Total, toutes les industries de technologies propres",101.0
2013,Territoires du Nord-Ouest,"Total, toutes les industries de technologies propres",111.0
2014,Territoires du Nord-Ouest,"Total, toutes les industries de technologies propres",312.0
2015,Territoires du Nord-Ouest,"Total, toutes les industries de technologies propres",753.0
2016,Territoires du Nord-Ouest,"Total, toutes les industries de technologies propres",589.0
2017,Territoires du Nord-Ouest,"Total, toutes les industries de technologies propres",192.0
2018,Territoires du Nord-Ouest,"Total, toutes les industries de technologies propres",172.0
2019,Territoires du Nord-Ouest,"Total, toutes les industries de technologies propres",184.0
2007,Territoires du Nord-Ouest,Travaux de génie,
2008,Territoires du Nord-Ouest,Travaux de génie,
2009,Territoires du Nord-Ouest,Travaux de génie,
2010,Territoires du Nord-Ouest,Travaux de génie,
2011,Territoires du Nord-Ouest,Travaux de génie,
2012,Territoires du Nord-Ouest,Travaux de génie,22.0
2013,Territoires du Nord-Ouest,Travaux de génie,20.0
2014,Territoires du Nord-Ouest,Travaux de génie,204.0
2015,Territoires du Nord-Ouest,Travaux de génie,609.0
2016,Territoires du Nord-Ouest,Travaux de génie,447.0
2017,Territoires du Nord-Ouest,Travaux de génie,85.0
2018,Territoires du Nord-Ouest,Travaux de génie,52.0
2019,Territoires du Nord-Ouest,Travaux de génie,59.0
2007,Territoires du Nord-Ouest,Manufacturing,
2008,Territoires du Nord-Ouest,Manufacturing,
2009,Territoires du Nord-Ouest,Manufacturing,
2010,Territoires du Nord-Ouest,Manufacturing,
2011,Territoires du Nord-Ouest,Manufacturing,
2012,Territoires du Nord-Ouest,Manufacturing,
2013,Territoires du Nord-Ouest,Manufacturing,
2014,Territoires du Nord-Ouest,Manufacturing,
2015,Territoires du Nord-Ouest,Manufacturing,
2016,Territoires du Nord-Ouest,Manufacturing,
2017,Territoires du Nord-Ouest,Manufacturing,
2018,Territoires du Nord-Ouest,Manufacturing,
2019,Territoires du Nord-Ouest,Manufacturing,
2007,Territoires du Nord-Ouest,"Services professionnels, scientifiques et techniques",
2008,Territoires du Nord-Ouest,"Services professionnels, scientifiques et techniques",
2009,Territoires du Nord-Ouest,"Services professionnels, scientifiques et techniques",
2010,Territoires du Nord-Ouest,"Services professionnels, scientifiques et techniques",
2011,Territoires du Nord-Ouest,"Services professionnels, scientifiques et techniques",
2012,Territoires du Nord-Ouest,"Services professionnels, scientifiques et techniques",27.0
2013,Territoires du Nord-Ouest,"Services professionnels, scientifiques et techniques",28.0
2014,Territoires du Nord-Ouest,"Services professionnels, scientifiques et techniques",43.0
2015,Territoires du Nord-Ouest,"Services professionnels, scientifiques et techniques",57.0
2016,Territoires du Nord-Ouest,"Services professionnels, scientifiques et techniques",50.0
2017,Territoires du Nord-Ouest,"Services professionnels, scientifiques et techniques",27.0
2018,Territoires du Nord-Ouest,"Services professionnels, scientifiques et techniques",38.0
2019,Territoires du Nord-Ouest,"Services professionnels, scientifiques et techniques",40.0
2007,Territoires du Nord-Ouest,Autres industries,
2008,Territoires du Nord-Ouest,Autres industries,
2009,Territoires du Nord-Ouest,Autres industries,
2010,Territoires du Nord-Ouest,Autres industries,
2011,Territoires du Nord-Ouest,Autres industries,
2012,Territoires du Nord-Ouest,Autres industries,52.0
2013,Territoires du Nord-Ouest,Autres industries,63.0
2014,Territoires du Nord-Ouest,Autres industries,65.0
2015,Territoires du Nord-Ouest,Autres industries,87.0
2016,Territoires du Nord-Ouest,Autres industries,92.0
2017,Territoires du Nord-Ouest,Autres industries,80.0
2018,Territoires du Nord-Ouest,Autres industries,82.0
2019,Territoires du Nord-Ouest,Autres industries,85.0
2007,Nunavut,"Total, toutes les industries de technologies propres",
2008,Nunavut,"Total, toutes les industries de technologies propres",
2009,Nunavut,"Total, toutes les industries de technologies propres",
2010,Nunavut,"Total, toutes les industries de technologies propres",
2011,Nunavut,"Total, toutes les industries de technologies propres",
2012,Nunavut,"Total, toutes les industries de technologies propres",82.0
2013,Nunavut,"Total, toutes les industries de technologies propres",67.0
2014,Nunavut,"Total, toutes les industries de technologies propres",189.0
2015,Nunavut,"Total, toutes les industries de technologies propres",74.0
2016,Nunavut,"Total, toutes les industries de technologies propres",129.0
2017,Nunavut,"Total, toutes les industries de technologies propres",83.0
2018,Nunavut,"Total, toutes les industries de technologies propres",104.0
2019,Nunavut,"Total, toutes les industries de technologies propres",85.0
2007,Nunavut,Travaux de génie,
2008,Nunavut,Travaux de génie,
2009,Nunavut,Travaux de génie,
2010,Nunavut,Travaux de génie,
2011,Nunavut,Travaux de génie,
2012,Nunavut,Travaux de génie,32.0
2013,Nunavut,Travaux de génie,14.0
2014,Nunavut,Travaux de génie,126.0
2015,Nunavut,Travaux de génie,13.0
2016,Nunavut,Travaux de génie,57.0
2017,Nunavut,Travaux de génie,15.0
2018,Nunavut,Travaux de génie,45.0
2019,Nunavut,Travaux de génie,22.0
2007,Nunavut,Manufacturing,
2008,Nunavut,Manufacturing,
2009,Nunavut,Manufacturing,
2010,Nunavut,Manufacturing,
2011,Nunavut,Manufacturing,
2012,Nunavut,Manufacturing,
2013,Nunavut,Manufacturing,
2014,Nunavut,Manufacturing,
2015,Nunavut,Manufacturing,
2016,Nunavut,Manufacturing,
2017,Nunavut,Manufacturing,
2018,Nunavut,Manufacturing,
2019,Nunavut,Manufacturing,
2007,Nunavut,"Services professionnels, scientifiques et techniques",
2008,Nunavut,"Services professionnels, scientifiques et techniques",
2009,Nunavut,"Services professionnels, scientifiques et techniques",
2010,Nunavut,"Services professionnels, scientifiques et techniques",
2011,Nunavut,"Services professionnels, scientifiques et techniques",
2012,Nunavut,"Services professionnels, scientifiques et techniques",9.0
2013,Nunavut,"Services professionnels, scientifiques et techniques",8.0
2014,Nunavut,"Services professionnels, scientifiques et techniques",13.0
2015,Nunavut,"Services professionnels, scientifiques et techniques",14.0
2016,Nunavut,"Services professionnels, scientifiques et techniques",17.0
2017,Nunavut,"Services professionnels, scientifiques et techniques",11.0
2018,Nunavut,"Services professionnels, scientifiques et techniques",
2019,Nunavut,"Services professionnels, scientifiques et techniques",
2007,Nunavut,Autres industries,
2008,Nunavut,Autres industries,
2009,Nunavut,Autres industries,
2010,Nunavut,Autres industries,
2011,Nunavut,Autres industries,
2012,Nunavut,Autres industries,41.0
2013,Nunavut,Autres industries,45.0
2014,Nunavut,Autres industries,50.0
2015,Nunavut,Autres industries,47.0
2016,Nunavut,Autres industries,55.0
2017,Nunavut,Autres industries,57.0
2018,Nunavut,Autres industries,59.0
2019,Nunavut,Autres industries,63.0
