Year,Géographie,Actif,GeoCode,Value
2015,,,,0.2402
2016,,,,0.2476
2017,,,,0.2414
2018,,,,0.2363
2019,,,,0.2304
2020,,,,0.2339
2021,,,,0.2135
2022,,,,0.1916
2015,Canada,Immeubles commerciaux,,0.2021
2015,Canada,Bâtiments institutionnels,,0.1882
2015,Canada,Infrastructures de génie maritime,,0.2243
2015,Canada,Infrastructures de génie liées aux transports,,0.3116
2015,Canada,Infrastructure d'adduction et de distribution d'eau,,0.261
2015,Canada,Infrastructures pour les eaux usées,,0.2687
2015,Canada,Réseaux de communication,,0.2496
2015,Canada,Infrastructure liées à l'énergie électrique,,0.1765
2015,Canada,Construction liée aux installations de pétrole et de gaz,,0.2519
2015,Canada,Autres travaux de génie,,0.2896
2015,Canada,Autres machines et matériel,,0.2117
2015,Canada,Machines et matériel de transport,,0.2694
2015,Terre-Neuve-et-Labrador,Total des actifs,10,0.1363
2015,Terre-Neuve-et-Labrador,Immeubles commerciaux,10,0.1791
2015,Terre-Neuve-et-Labrador,Bâtiments institutionnels,10,0.1791
2015,Terre-Neuve-et-Labrador,Infrastructures de génie maritime,10,0.1568
2015,Terre-Neuve-et-Labrador,Infrastructures de génie liées aux transports,10,0.2316
2015,Terre-Neuve-et-Labrador,Infrastructure d'adduction et de distribution d'eau,10,0.1568
2015,Terre-Neuve-et-Labrador,Infrastructures pour les eaux usées,10,0.1568
2015,Terre-Neuve-et-Labrador,Réseaux de communication,10,0.3041
2015,Terre-Neuve-et-Labrador,Infrastructure liées à l'énergie électrique,10,0.1185
2015,Terre-Neuve-et-Labrador,Construction liée aux installations de pétrole et de gaz,10,
2015,Terre-Neuve-et-Labrador,Autres travaux de génie,10,0.1568
2015,Terre-Neuve-et-Labrador,Autres machines et matériel,10,0.1615
2015,Terre-Neuve-et-Labrador,Machines et matériel de transport,10,0.2029
2015,Île-du-Prince-Édouard,Total des actifs,11,0.2624
2015,Île-du-Prince-Édouard,Immeubles commerciaux,11,0.1609
2015,Île-du-Prince-Édouard,Bâtiments institutionnels,11,0.1609
2015,Île-du-Prince-Édouard,Infrastructures de génie maritime,11,0.333
2015,Île-du-Prince-Édouard,Infrastructures de génie liées aux transports,11,0.3322
2015,Île-du-Prince-Édouard,Infrastructure d'adduction et de distribution d'eau,11,0.333
2015,Île-du-Prince-Édouard,Infrastructures pour les eaux usées,11,0.333
2015,Île-du-Prince-Édouard,Réseaux de communication,11,0.259
2015,Île-du-Prince-Édouard,Infrastructure liées à l'énergie électrique,11,0.107
2015,Île-du-Prince-Édouard,Construction liée aux installations de pétrole et de gaz,11,
2015,Île-du-Prince-Édouard,Autres travaux de génie,11,0.333
2015,Île-du-Prince-Édouard,Autres machines et matériel,11,0.1911
2015,Île-du-Prince-Édouard,Machines et matériel de transport,11,0.153
2015,Nouvelle-Écosse,Total des actifs,12,0.1951
2015,Nouvelle-Écosse,Immeubles commerciaux,12,0.272
2015,Nouvelle-Écosse,Bâtiments institutionnels,12,0.272
2015,Nouvelle-Écosse,Infrastructures de génie maritime,12,0.126
2015,Nouvelle-Écosse,Infrastructures de génie liées aux transports,12,0.1878
2015,Nouvelle-Écosse,Infrastructure d'adduction et de distribution d'eau,12,0.126
2015,Nouvelle-Écosse,Infrastructures pour les eaux usées,12,0.126
2015,Nouvelle-Écosse,Réseaux de communication,12,0.2223
2015,Nouvelle-Écosse,Infrastructure liées à l'énergie électrique,12,0.1694
2015,Nouvelle-Écosse,Construction liée aux installations de pétrole et de gaz,12,0.1521
2015,Nouvelle-Écosse,Autres travaux de génie,12,0.126
2015,Nouvelle-Écosse,Autres machines et matériel,12,0.1307
2015,Nouvelle-Écosse,Machines et matériel de transport,12,0.2633
2015,Nouveau-Brunswick,Total des actifs,13,0.1729
2015,Nouveau-Brunswick,Immeubles commerciaux,13,0.1343
2015,Nouveau-Brunswick,Bâtiments institutionnels,13,0.1343
2015,Nouveau-Brunswick,Infrastructures de génie maritime,13,0.2038
2015,Nouveau-Brunswick,Infrastructures de génie liées aux transports,13,0.1997
2015,Nouveau-Brunswick,Infrastructure d'adduction et de distribution d'eau,13,0.2038
2015,Nouveau-Brunswick,Infrastructures pour les eaux usées,13,0.2038
2015,Nouveau-Brunswick,Réseaux de communication,13,0.2401
2015,Nouveau-Brunswick,Infrastructure liées à l'énergie électrique,13,0.1026
2015,Nouveau-Brunswick,Construction liée aux installations de pétrole et de gaz,13,0.238
2015,Nouveau-Brunswick,Autres travaux de génie,13,0.2038
2015,Nouveau-Brunswick,Autres machines et matériel,13,0.1695
2015,Nouveau-Brunswick,Machines et matériel de transport,13,0.2048
2015,Québec,Total des actifs,24,0.1731
2015,Québec,Immeubles commerciaux,24,0.1723
2015,Québec,Bâtiments institutionnels,24,0.1723
2015,Québec,Infrastructures de génie maritime,24,0.2457
2015,Québec,Infrastructures de génie liées aux transports,24,0.2021
2015,Québec,Infrastructure d'adduction et de distribution d'eau,24,0.2457
2015,Québec,Infrastructures pour les eaux usées,24,0.2457
2015,Québec,Réseaux de communication,24,0.1638
2015,Québec,Infrastructure liées à l'énergie électrique,24,0.0903
2015,Québec,Construction liée aux installations de pétrole et de gaz,24,0.1534
2015,Québec,Autres travaux de génie,24,0.2457
2015,Québec,Autres machines et matériel,24,0.1074
2015,Québec,Machines et matériel de transport,24,0.2968
2015,Ontario,Total des actifs,35,0.2665
2015,Ontario,Immeubles commerciaux,35,0.154
2015,Ontario,Bâtiments institutionnels,35,0.154
2015,Ontario,Infrastructures de génie maritime,35,0.2741
2015,Ontario,Infrastructures de génie liées aux transports,35,0.3466
2015,Ontario,Infrastructure d'adduction et de distribution d'eau,35,0.2741
2015,Ontario,Infrastructures pour les eaux usées,35,0.2741
2015,Ontario,Réseaux de communication,35,0.3175
2015,Ontario,Infrastructure liées à l'énergie électrique,35,0.2192
2015,Ontario,Construction liée aux installations de pétrole et de gaz,35,0.2202
2015,Ontario,Autres travaux de génie,35,0.2741
2015,Ontario,Autres machines et matériel,35,0.2306
2015,Ontario,Machines et matériel de transport,35,0.2618
2015,Manitoba,Total des actifs,46,0.2197
2015,Manitoba,Immeubles commerciaux,46,0.1824
2015,Manitoba,Bâtiments institutionnels,46,0.1824
2015,Manitoba,Infrastructures de génie maritime,46,0.1973
2015,Manitoba,Infrastructures de génie liées aux transports,46,0.2602
2015,Manitoba,Infrastructure d'adduction et de distribution d'eau,46,0.1973
2015,Manitoba,Infrastructures pour les eaux usées,46,0.1973
2015,Manitoba,Réseaux de communication,46,0.252
2015,Manitoba,Infrastructure liées à l'énergie électrique,46,0.2133
2015,Manitoba,Construction liée aux installations de pétrole et de gaz,46,0.4626
2015,Manitoba,Autres travaux de génie,46,0.1973
2015,Manitoba,Autres machines et matériel,46,0.1886
2015,Manitoba,Machines et matériel de transport,46,0.3527
2015,Saskatchewan,Total des actifs,47,0.3317
2015,Saskatchewan,Immeubles commerciaux,47,0.2153
2015,Saskatchewan,Bâtiments institutionnels,47,0.2153
2015,Saskatchewan,Infrastructures de génie maritime,47,0.3331
2015,Saskatchewan,Infrastructures de génie liées aux transports,47,0.4178
2015,Saskatchewan,Infrastructure d'adduction et de distribution d'eau,47,0.3331
2015,Saskatchewan,Infrastructures pour les eaux usées,47,0.3331
2015,Saskatchewan,Réseaux de communication,47,0.5043
2015,Saskatchewan,Infrastructure liées à l'énergie électrique,47,0.2867
2015,Saskatchewan,Construction liée aux installations de pétrole et de gaz,47,0.4673
2015,Saskatchewan,Autres travaux de génie,47,0.3331
2015,Saskatchewan,Autres machines et matériel,47,0.2016
2015,Saskatchewan,Machines et matériel de transport,47,0.2995
2015,Alberta,Total des actifs,48,0.2954
2015,Alberta,Immeubles commerciaux,48,0.2675
2015,Alberta,Bâtiments institutionnels,48,0.2675
2015,Alberta,Infrastructures de génie maritime,48,0.3137
2015,Alberta,Infrastructures de génie liées aux transports,48,0.3699
2015,Alberta,Infrastructure d'adduction et de distribution d'eau,48,0.3137
2015,Alberta,Infrastructures pour les eaux usées,48,0.3137
2015,Alberta,Réseaux de communication,48,0.2725
2015,Alberta,Infrastructure liées à l'énergie électrique,48,0.2032
2015,Alberta,Construction liée aux installations de pétrole et de gaz,48,0.2332
2015,Alberta,Autres travaux de génie,48,0.3137
2015,Alberta,Autres machines et matériel,48,0.2139
2015,Alberta,Machines et matériel de transport,48,0.3117
2015,Colombie-Britannique,Total des actifs,59,0.23
2015,Colombie-Britannique,Immeubles commerciaux,59,0.1832
2015,Colombie-Britannique,Bâtiments institutionnels,59,0.1832
2015,Colombie-Britannique,Infrastructures de génie maritime,59,0.2054
2015,Colombie-Britannique,Infrastructures de génie liées aux transports,59,0.2996
2015,Colombie-Britannique,Infrastructure d'adduction et de distribution d'eau,59,0.2054
2015,Colombie-Britannique,Infrastructures pour les eaux usées,59,0.2054
2015,Colombie-Britannique,Réseaux de communication,59,0.2339
2015,Colombie-Britannique,Infrastructure liées à l'énergie électrique,59,0.226
2015,Colombie-Britannique,Construction liée aux installations de pétrole et de gaz,59,0.2168
2015,Colombie-Britannique,Autres travaux de génie,59,0.2054
2015,Colombie-Britannique,Autres machines et matériel,59,0.1512
2015,Colombie-Britannique,Machines et matériel de transport,59,0.2545
2015,Yukon,Total des actifs,60,0.1684
2015,Yukon,Immeubles commerciaux,60,0.1085
2015,Yukon,Bâtiments institutionnels,60,0.1085
2015,Yukon,Infrastructures de génie maritime,60,0.3117
2015,Yukon,Infrastructures de génie liées aux transports,60,0.1267
2015,Yukon,Infrastructure d'adduction et de distribution d'eau,60,0.3117
2015,Yukon,Infrastructures pour les eaux usées,60,0.3117
2015,Yukon,Réseaux de communication,60,0.1496
2015,Yukon,Infrastructure liées à l'énergie électrique,60,0.0679
2015,Yukon,Construction liée aux installations de pétrole et de gaz,60,
2015,Yukon,Autres travaux de génie,60,0.3117
2015,Yukon,Autres machines et matériel,60,0.1781
2015,Yukon,Machines et matériel de transport,60,0.2078
2015,Territoires du Nord-Ouest,Total des actifs,61,0.3318
2015,Territoires du Nord-Ouest,Immeubles commerciaux,61,0.3113
2015,Territoires du Nord-Ouest,Bâtiments institutionnels,61,0.3113
2015,Territoires du Nord-Ouest,Infrastructures de génie maritime,61,0.3911
2015,Territoires du Nord-Ouest,Infrastructures de génie liées aux transports,61,0.213
2015,Territoires du Nord-Ouest,Infrastructure d'adduction et de distribution d'eau,61,0.3911
2015,Territoires du Nord-Ouest,Infrastructures pour les eaux usées,61,0.3911
2015,Territoires du Nord-Ouest,Réseaux de communication,61,0.2083
2015,Territoires du Nord-Ouest,Infrastructure liées à l'énergie électrique,61,0.1849
2015,Territoires du Nord-Ouest,Construction liée aux installations de pétrole et de gaz,61,0.1431
2015,Territoires du Nord-Ouest,Autres travaux de génie,61,0.3911
2015,Territoires du Nord-Ouest,Autres machines et matériel,61,0.1923
2015,Territoires du Nord-Ouest,Machines et matériel de transport,61,0.3006
2015,Nunavut,Total des actifs,62,0.2491
2015,Nunavut,Immeubles commerciaux,62,0.247
2015,Nunavut,Bâtiments institutionnels,62,0.247
2015,Nunavut,Infrastructures de génie maritime,62,0.2661
2015,Nunavut,Infrastructures de génie liées aux transports,62,0.2999
2015,Nunavut,Infrastructure d'adduction et de distribution d'eau,62,0.2661
2015,Nunavut,Infrastructures pour les eaux usées,62,0.2661
2015,Nunavut,Réseaux de communication,62,0.1164
2015,Nunavut,Infrastructure liées à l'énergie électrique,62,0.0443
2015,Nunavut,Construction liée aux installations de pétrole et de gaz,62,
2015,Nunavut,Autres travaux de génie,62,0.2661
2015,Nunavut,Autres machines et matériel,62,0.1606
2015,Nunavut,Machines et matériel de transport,62,
2016,Canada,Immeubles commerciaux,,0.2057
2016,Canada,Bâtiments institutionnels,,0.1932
2016,Canada,Infrastructures de génie maritime,,0.2403
2016,Canada,Infrastructures de génie liées aux transports,,0.322
2016,Canada,Infrastructure d'adduction et de distribution d'eau,,0.2788
2016,Canada,Infrastructures pour les eaux usées,,0.2868
2016,Canada,Réseaux de communication,,0.2573
2016,Canada,Infrastructure liées à l'énergie électrique,,0.182
2016,Canada,Construction liée aux installations de pétrole et de gaz,,0.2576
2016,Canada,Autres travaux de génie,,0.2909
2016,Canada,Autres machines et matériel,,0.1992
2016,Canada,Machines et matériel de transport,,0.3044
2016,Terre-Neuve-et-Labrador,Total des actifs,10,0.1655
2016,Terre-Neuve-et-Labrador,Immeubles commerciaux,10,0.1992
2016,Terre-Neuve-et-Labrador,Bâtiments institutionnels,10,0.1992
2016,Terre-Neuve-et-Labrador,Infrastructures de génie maritime,10,0.2014
2016,Terre-Neuve-et-Labrador,Infrastructures de génie liées aux transports,10,0.2937
2016,Terre-Neuve-et-Labrador,Infrastructure d'adduction et de distribution d'eau,10,0.2014
2016,Terre-Neuve-et-Labrador,Infrastructures pour les eaux usées,10,0.2014
2016,Terre-Neuve-et-Labrador,Réseaux de communication,10,0.3722
2016,Terre-Neuve-et-Labrador,Infrastructure liées à l'énergie électrique,10,0.1486
2016,Terre-Neuve-et-Labrador,Construction liée aux installations de pétrole et de gaz,10,
2016,Terre-Neuve-et-Labrador,Autres travaux de génie,10,0.2014
2016,Terre-Neuve-et-Labrador,Autres machines et matériel,10,0.1507
2016,Terre-Neuve-et-Labrador,Machines et matériel de transport,10,0.177
2016,Île-du-Prince-Édouard,Total des actifs,11,0.2505
2016,Île-du-Prince-Édouard,Immeubles commerciaux,11,0.1783
2016,Île-du-Prince-Édouard,Bâtiments institutionnels,11,0.1783
2016,Île-du-Prince-Édouard,Infrastructures de génie maritime,11,0.3234
2016,Île-du-Prince-Édouard,Infrastructures de génie liées aux transports,11,0.3659
2016,Île-du-Prince-Édouard,Infrastructure d'adduction et de distribution d'eau,11,0.3234
2016,Île-du-Prince-Édouard,Infrastructures pour les eaux usées,11,0.3234
2016,Île-du-Prince-Édouard,Réseaux de communication,11,0.25
2016,Île-du-Prince-Édouard,Infrastructure liées à l'énergie électrique,11,0.1064
2016,Île-du-Prince-Édouard,Construction liée aux installations de pétrole et de gaz,11,
2016,Île-du-Prince-Édouard,Autres travaux de génie,11,0.3234
2016,Île-du-Prince-Édouard,Autres machines et matériel,11,0.2047
2016,Île-du-Prince-Édouard,Machines et matériel de transport,11,0.1658
2016,Nouvelle-Écosse,Total des actifs,12,0.1964
2016,Nouvelle-Écosse,Immeubles commerciaux,12,0.2844
2016,Nouvelle-Écosse,Bâtiments institutionnels,12,0.2844
2016,Nouvelle-Écosse,Infrastructures de génie maritime,12,0.1448
2016,Nouvelle-Écosse,Infrastructures de génie liées aux transports,12,0.196
2016,Nouvelle-Écosse,Infrastructure d'adduction et de distribution d'eau,12,0.1448
2016,Nouvelle-Écosse,Infrastructures pour les eaux usées,12,0.1448
2016,Nouvelle-Écosse,Réseaux de communication,12,0.2226
2016,Nouvelle-Écosse,Infrastructure liées à l'énergie électrique,12,0.1579
2016,Nouvelle-Écosse,Construction liée aux installations de pétrole et de gaz,12,0.1572
2016,Nouvelle-Écosse,Autres travaux de génie,12,0.1448
2016,Nouvelle-Écosse,Autres machines et matériel,12,0.1595
2016,Nouvelle-Écosse,Machines et matériel de transport,12,0.2248
2016,Nouveau-Brunswick,Total des actifs,13,0.1566
2016,Nouveau-Brunswick,Immeubles commerciaux,13,0.1317
2016,Nouveau-Brunswick,Bâtiments institutionnels,13,0.1317
2016,Nouveau-Brunswick,Infrastructures de génie maritime,13,0.1671
2016,Nouveau-Brunswick,Infrastructures de génie liées aux transports,13,0.1852
2016,Nouveau-Brunswick,Infrastructure d'adduction et de distribution d'eau,13,0.1671
2016,Nouveau-Brunswick,Infrastructures pour les eaux usées,13,0.1671
2016,Nouveau-Brunswick,Réseaux de communication,13,0.1947
2016,Nouveau-Brunswick,Infrastructure liées à l'énergie électrique,13,0.0838
2016,Nouveau-Brunswick,Construction liée aux installations de pétrole et de gaz,13,0.1865
2016,Nouveau-Brunswick,Autres travaux de génie,13,0.1671
2016,Nouveau-Brunswick,Autres machines et matériel,13,0.1258
2016,Nouveau-Brunswick,Machines et matériel de transport,13,0.1639
2016,Québec,Total des actifs,24,0.1755
2016,Québec,Immeubles commerciaux,24,0.1742
2016,Québec,Bâtiments institutionnels,24,0.1742
2016,Québec,Infrastructures de génie maritime,24,0.2506
2016,Québec,Infrastructures de génie liées aux transports,24,0.2104
2016,Québec,Infrastructure d'adduction et de distribution d'eau,24,0.2506
2016,Québec,Infrastructures pour les eaux usées,24,0.2506
2016,Québec,Réseaux de communication,24,0.166
2016,Québec,Infrastructure liées à l'énergie électrique,24,0.0924
2016,Québec,Construction liée aux installations de pétrole et de gaz,24,0.144
2016,Québec,Autres travaux de génie,24,0.2506
2016,Québec,Autres machines et matériel,24,0.1374
2016,Québec,Machines et matériel de transport,24,0.2837
2016,Ontario,Total des actifs,35,0.2664
2016,Ontario,Immeubles commerciaux,35,0.1488
2016,Ontario,Bâtiments institutionnels,35,0.1488
2016,Ontario,Infrastructures de génie maritime,35,0.2894
2016,Ontario,Infrastructures de génie liées aux transports,35,0.3569
2016,Ontario,Infrastructure d'adduction et de distribution d'eau,35,0.2894
2016,Ontario,Infrastructures pour les eaux usées,35,0.2894
2016,Ontario,Réseaux de communication,35,0.3095
2016,Ontario,Infrastructure liées à l'énergie électrique,35,0.2072
2016,Ontario,Construction liée aux installations de pétrole et de gaz,35,0.2349
2016,Ontario,Autres travaux de génie,35,0.2894
2016,Ontario,Autres machines et matériel,35,0.2181
2016,Ontario,Machines et matériel de transport,35,0.3132
2016,Manitoba,Total des actifs,46,0.2321
2016,Manitoba,Immeubles commerciaux,46,0.1865
2016,Manitoba,Bâtiments institutionnels,46,0.1865
2016,Manitoba,Infrastructures de génie maritime,46,0.2238
2016,Manitoba,Infrastructures de génie liées aux transports,46,0.2815
2016,Manitoba,Infrastructure d'adduction et de distribution d'eau,46,0.2238
2016,Manitoba,Infrastructures pour les eaux usées,46,0.2238
2016,Manitoba,Réseaux de communication,46,0.259
2016,Manitoba,Infrastructure liées à l'énergie électrique,46,0.2271
2016,Manitoba,Construction liée aux installations de pétrole et de gaz,46,0.4901
2016,Manitoba,Autres travaux de génie,46,0.2238
2016,Manitoba,Autres machines et matériel,46,0.1767
2016,Manitoba,Machines et matériel de transport,46,0.3761
2016,Saskatchewan,Total des actifs,47,0.354
2016,Saskatchewan,Immeubles commerciaux,47,0.2234
2016,Saskatchewan,Bâtiments institutionnels,47,0.2234
2016,Saskatchewan,Infrastructures de génie maritime,47,0.3719
2016,Saskatchewan,Infrastructures de génie liées aux transports,47,0.4476
2016,Saskatchewan,Infrastructure d'adduction et de distribution d'eau,47,0.3719
2016,Saskatchewan,Infrastructures pour les eaux usées,47,0.3719
2016,Saskatchewan,Réseaux de communication,47,0.4933
2016,Saskatchewan,Infrastructure liées à l'énergie électrique,47,0.289
2016,Saskatchewan,Construction liée aux installations de pétrole et de gaz,47,0.4877
2016,Saskatchewan,Autres travaux de génie,47,0.3719
2016,Saskatchewan,Autres machines et matériel,47,0.2186
2016,Saskatchewan,Machines et matériel de transport,47,0.3414
2016,Alberta,Total des actifs,48,0.2994
2016,Alberta,Immeubles commerciaux,48,0.2685
2016,Alberta,Bâtiments institutionnels,48,0.2685
2016,Alberta,Infrastructures de génie maritime,48,0.3221
2016,Alberta,Infrastructures de génie liées aux transports,48,0.3819
2016,Alberta,Infrastructure d'adduction et de distribution d'eau,48,0.3221
2016,Alberta,Infrastructures pour les eaux usées,48,0.3221
2016,Alberta,Réseaux de communication,48,0.2664
2016,Alberta,Infrastructure liées à l'énergie électrique,48,0.2166
2016,Alberta,Construction liée aux installations de pétrole et de gaz,48,0.2385
2016,Alberta,Autres travaux de génie,48,0.3221
2016,Alberta,Autres machines et matériel,48,0.1961
2016,Alberta,Machines et matériel de transport,48,0.3238
2016,Colombie-Britannique,Total des actifs,59,0.2596
2016,Colombie-Britannique,Immeubles commerciaux,59,0.2135
2016,Colombie-Britannique,Bâtiments institutionnels,59,0.2135
2016,Colombie-Britannique,Infrastructures de génie maritime,59,0.2487
2016,Colombie-Britannique,Infrastructures de génie liées aux transports,59,0.3278
2016,Colombie-Britannique,Infrastructure d'adduction et de distribution d'eau,59,0.2487
2016,Colombie-Britannique,Infrastructures pour les eaux usées,59,0.2487
2016,Colombie-Britannique,Réseaux de communication,59,0.2432
2016,Colombie-Britannique,Infrastructure liées à l'énergie électrique,59,0.2462
2016,Colombie-Britannique,Construction liée aux installations de pétrole et de gaz,59,0.2542
2016,Colombie-Britannique,Autres travaux de génie,59,0.2487
2016,Colombie-Britannique,Autres machines et matériel,59,0.1488
2016,Colombie-Britannique,Machines et matériel de transport,59,0.262
2016,Yukon,Total des actifs,60,0.1349
2016,Yukon,Immeubles commerciaux,60,0.1034
2016,Yukon,Bâtiments institutionnels,60,0.1034
2016,Yukon,Infrastructures de génie maritime,60,0.258
2016,Yukon,Infrastructures de génie liées aux transports,60,0.1512
2016,Yukon,Infrastructure d'adduction et de distribution d'eau,60,0.258
2016,Yukon,Infrastructures pour les eaux usées,60,0.258
2016,Yukon,Réseaux de communication,60,0.1901
2016,Yukon,Infrastructure liées à l'énergie électrique,60,0.0791
2016,Yukon,Construction liée aux installations de pétrole et de gaz,60,
2016,Yukon,Autres travaux de génie,60,0.258
2016,Yukon,Autres machines et matériel,60,0.2285
2016,Yukon,Machines et matériel de transport,60,0.1739
2016,Territoires du Nord-Ouest,Total des actifs,61,0.3043
2016,Territoires du Nord-Ouest,Immeubles commerciaux,61,0.312
2016,Territoires du Nord-Ouest,Bâtiments institutionnels,61,0.312
2016,Territoires du Nord-Ouest,Infrastructures de génie maritime,61,0.4515
2016,Territoires du Nord-Ouest,Infrastructures de génie liées aux transports,61,0.2477
2016,Territoires du Nord-Ouest,Infrastructure d'adduction et de distribution d'eau,61,0.4515
2016,Territoires du Nord-Ouest,Infrastructures pour les eaux usées,61,0.4515
2016,Territoires du Nord-Ouest,Réseaux de communication,61,0.2586
2016,Territoires du Nord-Ouest,Infrastructure liées à l'énergie électrique,61,0.2111
2016,Territoires du Nord-Ouest,Construction liée aux installations de pétrole et de gaz,61,0.1674
2016,Territoires du Nord-Ouest,Autres travaux de génie,61,0.4515
2016,Territoires du Nord-Ouest,Autres machines et matériel,61,0.1926
2016,Territoires du Nord-Ouest,Machines et matériel de transport,61,0.3361
2016,Nunavut,Total des actifs,62,0.2163
2016,Nunavut,Immeubles commerciaux,62,0.2312
2016,Nunavut,Bâtiments institutionnels,62,0.2312
2016,Nunavut,Infrastructures de génie maritime,62,0.2501
2016,Nunavut,Infrastructures de génie liées aux transports,62,0.3193
2016,Nunavut,Infrastructure d'adduction et de distribution d'eau,62,0.2501
2016,Nunavut,Infrastructures pour les eaux usées,62,0.2501
2016,Nunavut,Réseaux de communication,62,0.1276
2016,Nunavut,Infrastructure liées à l'énergie électrique,62,0.0483
2016,Nunavut,Construction liée aux installations de pétrole et de gaz,62,
2016,Nunavut,Autres travaux de génie,62,0.2501
2016,Nunavut,Autres machines et matériel,62,0.1429
2016,Nunavut,Machines et matériel de transport,62,0.1721
2017,Canada,Immeubles commerciaux,,0.2031
2017,Canada,Bâtiments institutionnels,,0.1885
2017,Canada,Infrastructures de génie maritime,,0.2333
2017,Canada,Infrastructures de génie liées aux transports,,0.3138
2017,Canada,Infrastructure d'adduction et de distribution d'eau,,0.2755
2017,Canada,Infrastructures pour les eaux usées,,0.279
2017,Canada,Réseaux de communication,,0.2619
2017,Canada,Infrastructure liées à l'énergie électrique,,0.1759
2017,Canada,Construction liée aux installations de pétrole et de gaz,,0.2531
2017,Canada,Autres travaux de génie,,0.2898
2017,Canada,Autres machines et matériel,,0.1863
2017,Canada,Machines et matériel de transport,,0.2907
2017,Terre-Neuve-et-Labrador,Total des actifs,10,0.1579
2017,Terre-Neuve-et-Labrador,Immeubles commerciaux,10,0.1839
2017,Terre-Neuve-et-Labrador,Bâtiments institutionnels,10,0.1839
2017,Terre-Neuve-et-Labrador,Infrastructures de génie maritime,10,0.187
2017,Terre-Neuve-et-Labrador,Infrastructures de génie liées aux transports,10,0.2545
2017,Terre-Neuve-et-Labrador,Infrastructure d'adduction et de distribution d'eau,10,0.187
2017,Terre-Neuve-et-Labrador,Infrastructures pour les eaux usées,10,0.187
2017,Terre-Neuve-et-Labrador,Réseaux de communication,10,0.3248
2017,Terre-Neuve-et-Labrador,Infrastructure liées à l'énergie électrique,10,0.1401
2017,Terre-Neuve-et-Labrador,Construction liée aux installations de pétrole et de gaz,10,
2017,Terre-Neuve-et-Labrador,Autres travaux de génie,10,0.187
2017,Terre-Neuve-et-Labrador,Autres machines et matériel,10,0.1605
2017,Terre-Neuve-et-Labrador,Machines et matériel de transport,10,0.1487
2017,Île-du-Prince-Édouard,Total des actifs,11,0.209
2017,Île-du-Prince-Édouard,Immeubles commerciaux,11,0.1608
2017,Île-du-Prince-Édouard,Bâtiments institutionnels,11,0.1608
2017,Île-du-Prince-Édouard,Infrastructures de génie maritime,11,0.255
2017,Île-du-Prince-Édouard,Infrastructures de génie liées aux transports,11,0.2743
2017,Île-du-Prince-Édouard,Infrastructure d'adduction et de distribution d'eau,11,0.255
2017,Île-du-Prince-Édouard,Infrastructures pour les eaux usées,11,0.255
2017,Île-du-Prince-Édouard,Réseaux de communication,11,0.2027
2017,Île-du-Prince-Édouard,Infrastructure liées à l'énergie électrique,11,0.0944
2017,Île-du-Prince-Édouard,Construction liée aux installations de pétrole et de gaz,11,
2017,Île-du-Prince-Édouard,Autres travaux de génie,11,0.255
2017,Île-du-Prince-Édouard,Autres machines et matériel,11,0.1902
2017,Île-du-Prince-Édouard,Machines et matériel de transport,11,0.1476
2017,Nouvelle-Écosse,Total des actifs,12,0.1743
2017,Nouvelle-Écosse,Immeubles commerciaux,12,0.254
2017,Nouvelle-Écosse,Bâtiments institutionnels,12,0.254
2017,Nouvelle-Écosse,Infrastructures de génie maritime,12,0.12
2017,Nouvelle-Écosse,Infrastructures de génie liées aux transports,12,0.1793
2017,Nouvelle-Écosse,Infrastructure d'adduction et de distribution d'eau,12,0.12
2017,Nouvelle-Écosse,Infrastructures pour les eaux usées,12,0.12
2017,Nouvelle-Écosse,Réseaux de communication,12,0.208
2017,Nouvelle-Écosse,Infrastructure liées à l'énergie électrique,12,0.1368
2017,Nouvelle-Écosse,Construction liée aux installations de pétrole et de gaz,12,0.1558
2017,Nouvelle-Écosse,Autres travaux de génie,12,0.12
2017,Nouvelle-Écosse,Autres machines et matériel,12,0.143
2017,Nouvelle-Écosse,Machines et matériel de transport,12,0.1872
2017,Nouveau-Brunswick,Total des actifs,13,0.1484
2017,Nouveau-Brunswick,Immeubles commerciaux,13,0.1351
2017,Nouveau-Brunswick,Bâtiments institutionnels,13,0.1351
2017,Nouveau-Brunswick,Infrastructures de génie maritime,13,0.1767
2017,Nouveau-Brunswick,Infrastructures de génie liées aux transports,13,0.1717
2017,Nouveau-Brunswick,Infrastructure d'adduction et de distribution d'eau,13,0.1767
2017,Nouveau-Brunswick,Infrastructures pour les eaux usées,13,0.1767
2017,Nouveau-Brunswick,Réseaux de communication,13,0.1714
2017,Nouveau-Brunswick,Infrastructure liées à l'énergie électrique,13,0.0775
2017,Nouveau-Brunswick,Construction liée aux installations de pétrole et de gaz,13,0.1859
2017,Nouveau-Brunswick,Autres travaux de génie,13,0.1767
2017,Nouveau-Brunswick,Autres machines et matériel,13,0.1261
2017,Nouveau-Brunswick,Machines et matériel de transport,13,0.1435
2017,Québec,Total des actifs,24,0.1887
2017,Québec,Immeubles commerciaux,24,0.1846
2017,Québec,Bâtiments institutionnels,24,0.1846
2017,Québec,Infrastructures de génie maritime,24,0.279
2017,Québec,Infrastructures de génie liées aux transports,24,0.2298
2017,Québec,Infrastructure d'adduction et de distribution d'eau,24,0.279
2017,Québec,Infrastructures pour les eaux usées,24,0.279
2017,Québec,Réseaux de communication,24,0.182
2017,Québec,Infrastructure liées à l'énergie électrique,24,0.0987
2017,Québec,Construction liée aux installations de pétrole et de gaz,24,0.1474
2017,Québec,Autres travaux de génie,24,0.279
2017,Québec,Autres machines et matériel,24,0.1263
2017,Québec,Machines et matériel de transport,24,0.2159
2017,Ontario,Total des actifs,35,0.258
2017,Ontario,Immeubles commerciaux,35,0.1464
2017,Ontario,Bâtiments institutionnels,35,0.1464
2017,Ontario,Infrastructures de génie maritime,35,0.2737
2017,Ontario,Infrastructures de génie liées aux transports,35,0.3529
2017,Ontario,Infrastructure d'adduction et de distribution d'eau,35,0.2737
2017,Ontario,Infrastructures pour les eaux usées,35,0.2737
2017,Ontario,Réseaux de communication,35,0.3124
2017,Ontario,Infrastructure liées à l'énergie électrique,35,0.2063
2017,Ontario,Construction liée aux installations de pétrole et de gaz,35,0.2449
2017,Ontario,Autres travaux de génie,35,0.2737
2017,Ontario,Autres machines et matériel,35,0.183
2017,Ontario,Machines et matériel de transport,35,0.3293
2017,Manitoba,Total des actifs,46,0.2313
2017,Manitoba,Immeubles commerciaux,46,0.1796
2017,Manitoba,Bâtiments institutionnels,46,0.1796
2017,Manitoba,Infrastructures de génie maritime,46,0.2336
2017,Manitoba,Infrastructures de génie liées aux transports,46,0.2831
2017,Manitoba,Infrastructure d'adduction et de distribution d'eau,46,0.2336
2017,Manitoba,Infrastructures pour les eaux usées,46,0.2336
2017,Manitoba,Réseaux de communication,46,0.2515
2017,Manitoba,Infrastructure liées à l'énergie électrique,46,0.2195
2017,Manitoba,Construction liée aux installations de pétrole et de gaz,46,0.5362
2017,Manitoba,Autres travaux de génie,46,0.2336
2017,Manitoba,Autres machines et matériel,46,0.1941
2017,Manitoba,Machines et matériel de transport,46,0.3422
2017,Saskatchewan,Total des actifs,47,0.3501
2017,Saskatchewan,Immeubles commerciaux,47,0.2185
2017,Saskatchewan,Bâtiments institutionnels,47,0.2185
2017,Saskatchewan,Infrastructures de génie maritime,47,0.3554
2017,Saskatchewan,Infrastructures de génie liées aux transports,47,0.4277
2017,Saskatchewan,Infrastructure d'adduction et de distribution d'eau,47,0.3554
2017,Saskatchewan,Infrastructures pour les eaux usées,47,0.3554
2017,Saskatchewan,Réseaux de communication,47,0.5018
2017,Saskatchewan,Infrastructure liées à l'énergie électrique,47,0.2906
2017,Saskatchewan,Construction liée aux installations de pétrole et de gaz,47,0.4726
2017,Saskatchewan,Autres travaux de génie,47,0.3554
2017,Saskatchewan,Autres machines et matériel,47,0.216
2017,Saskatchewan,Machines et matériel de transport,47,0.3567
2017,Alberta,Total des actifs,48,0.2888
2017,Alberta,Immeubles commerciaux,48,0.2727
2017,Alberta,Bâtiments institutionnels,48,0.2727
2017,Alberta,Infrastructures de génie maritime,48,0.3359
2017,Alberta,Infrastructures de génie liées aux transports,48,0.3611
2017,Alberta,Infrastructure d'adduction et de distribution d'eau,48,0.3359
2017,Alberta,Infrastructures pour les eaux usées,48,0.3359
2017,Alberta,Réseaux de communication,48,0.2676
2017,Alberta,Infrastructure liées à l'énergie électrique,48,0.2211
2017,Alberta,Construction liée aux installations de pétrole et de gaz,48,0.2257
2017,Alberta,Autres travaux de génie,48,0.3359
2017,Alberta,Autres machines et matériel,48,0.1889
2017,Alberta,Machines et matériel de transport,48,0.2841
2017,Colombie-Britannique,Total des actifs,59,0.2446
2017,Colombie-Britannique,Immeubles commerciaux,59,0.2108
2017,Colombie-Britannique,Bâtiments institutionnels,59,0.2108
2017,Colombie-Britannique,Infrastructures de génie maritime,59,0.2349
2017,Colombie-Britannique,Infrastructures de génie liées aux transports,59,0.3011
2017,Colombie-Britannique,Infrastructure d'adduction et de distribution d'eau,59,0.2349
2017,Colombie-Britannique,Infrastructures pour les eaux usées,59,0.2349
2017,Colombie-Britannique,Réseaux de communication,59,0.2264
2017,Colombie-Britannique,Infrastructure liées à l'énergie électrique,59,0.2289
2017,Colombie-Britannique,Construction liée aux installations de pétrole et de gaz,59,0.232
2017,Colombie-Britannique,Autres travaux de génie,59,0.2349
2017,Colombie-Britannique,Autres machines et matériel,59,0.1594
2017,Colombie-Britannique,Machines et matériel de transport,59,0.2425
2017,Yukon,Total des actifs,60,0.1204
2017,Yukon,Immeubles commerciaux,60,0.1073
2017,Yukon,Bâtiments institutionnels,60,0.1073
2017,Yukon,Infrastructures de génie maritime,60,0.2456
2017,Yukon,Infrastructures de génie liées aux transports,60,0.1283
2017,Yukon,Infrastructure d'adduction et de distribution d'eau,60,0.2456
2017,Yukon,Infrastructures pour les eaux usées,60,0.2456
2017,Yukon,Réseaux de communication,60,0.158
2017,Yukon,Infrastructure liées à l'énergie électrique,60,0.0726
2017,Yukon,Construction liée aux installations de pétrole et de gaz,60,
2017,Yukon,Autres travaux de génie,60,0.2456
2017,Yukon,Autres machines et matériel,60,0.2358
2017,Yukon,Machines et matériel de transport,60,0.1631
2017,Territoires du Nord-Ouest,Total des actifs,61,0.3037
2017,Territoires du Nord-Ouest,Immeubles commerciaux,61,0.3062
2017,Territoires du Nord-Ouest,Bâtiments institutionnels,61,0.3062
2017,Territoires du Nord-Ouest,Infrastructures de génie maritime,61,
2017,Territoires du Nord-Ouest,Infrastructures de génie liées aux transports,61,0.2406
2017,Territoires du Nord-Ouest,Infrastructure d'adduction et de distribution d'eau,61,0.4677
2017,Territoires du Nord-Ouest,Infrastructures pour les eaux usées,61,0.4677
2017,Territoires du Nord-Ouest,Réseaux de communication,61,0.2661
2017,Territoires du Nord-Ouest,Infrastructure liées à l'énergie électrique,61,0.1752
2017,Territoires du Nord-Ouest,Construction liée aux installations de pétrole et de gaz,61,0.1906
2017,Territoires du Nord-Ouest,Autres travaux de génie,61,0.4677
2017,Territoires du Nord-Ouest,Autres machines et matériel,61,0.2055
2017,Territoires du Nord-Ouest,Machines et matériel de transport,61,0.2804
2017,Nunavut,Total des actifs,62,0.2552
2017,Nunavut,Immeubles commerciaux,62,0.2229
2017,Nunavut,Bâtiments institutionnels,62,0.2229
2017,Nunavut,Infrastructures de génie maritime,62,0.2292
2017,Nunavut,Infrastructures de génie liées aux transports,62,0.3022
2017,Nunavut,Infrastructure d'adduction et de distribution d'eau,62,0.2292
2017,Nunavut,Infrastructures pour les eaux usées,62,0.2292
2017,Nunavut,Réseaux de communication,62,0.1256
2017,Nunavut,Infrastructure liées à l'énergie électrique,62,0.0476
2017,Nunavut,Construction liée aux installations de pétrole et de gaz,62,
2017,Nunavut,Autres travaux de génie,62,0.2292
2017,Nunavut,Autres machines et matériel,62,0.2799
2017,Nunavut,Machines et matériel de transport,62,0.2402
2018,Canada,Immeubles commerciaux,,0.1881
2018,Canada,Bâtiments institutionnels,,0.1788
2018,Canada,Infrastructures de génie maritime,,0.2279
2018,Canada,Infrastructures de génie liées aux transports,,0.3057
2018,Canada,Infrastructure d'adduction et de distribution d'eau,,0.2602
2018,Canada,Infrastructures pour les eaux usées,,0.2593
2018,Canada,Réseaux de communication,,0.2567
2018,Canada,Infrastructure liées à l'énergie électrique,,0.1859
2018,Canada,Construction liée aux installations de pétrole et de gaz,,0.2395
2018,Canada,Autres travaux de génie,,0.2712
2018,Canada,Autres machines et matériel,,0.2061
2018,Canada,Machines et matériel de transport,,0.2313
2018,Terre-Neuve-et-Labrador,Total des actifs,10,0.1887
2018,Terre-Neuve-et-Labrador,Immeubles commerciaux,10,0.186
2018,Terre-Neuve-et-Labrador,Bâtiments institutionnels,10,0.186
2018,Terre-Neuve-et-Labrador,Infrastructures de génie maritime,10,0.214
2018,Terre-Neuve-et-Labrador,Infrastructures de génie liées aux transports,10,0.2963
2018,Terre-Neuve-et-Labrador,Infrastructure d'adduction et de distribution d'eau,10,0.214
2018,Terre-Neuve-et-Labrador,Infrastructures pour les eaux usées,10,0.214
2018,Terre-Neuve-et-Labrador,Réseaux de communication,10,0.4116
2018,Terre-Neuve-et-Labrador,Infrastructure liées à l'énergie électrique,10,0.1531
2018,Terre-Neuve-et-Labrador,Construction liée aux installations de pétrole et de gaz,10,
2018,Terre-Neuve-et-Labrador,Autres travaux de génie,10,0.214
2018,Terre-Neuve-et-Labrador,Autres machines et matériel,10,0.1682
2018,Terre-Neuve-et-Labrador,Machines et matériel de transport,10,0.1413
2018,Île-du-Prince-Édouard,Total des actifs,11,0.2164
2018,Île-du-Prince-Édouard,Immeubles commerciaux,11,0.1541
2018,Île-du-Prince-Édouard,Bâtiments institutionnels,11,0.1541
2018,Île-du-Prince-Édouard,Infrastructures de génie maritime,11,0.2568
2018,Île-du-Prince-Édouard,Infrastructures de génie liées aux transports,11,0.2805
2018,Île-du-Prince-Édouard,Infrastructure d'adduction et de distribution d'eau,11,0.2568
2018,Île-du-Prince-Édouard,Infrastructures pour les eaux usées,11,0.2568
2018,Île-du-Prince-Édouard,Réseaux de communication,11,0.2235
2018,Île-du-Prince-Édouard,Infrastructure liées à l'énergie électrique,11,0.0907
2018,Île-du-Prince-Édouard,Construction liée aux installations de pétrole et de gaz,11,
2018,Île-du-Prince-Édouard,Autres travaux de génie,11,0.2568
2018,Île-du-Prince-Édouard,Autres machines et matériel,11,0.1906
2018,Île-du-Prince-Édouard,Machines et matériel de transport,11,0.1344
2018,Nouvelle-Écosse,Total des actifs,12,0.175
2018,Nouvelle-Écosse,Immeubles commerciaux,12,0.2464
2018,Nouvelle-Écosse,Bâtiments institutionnels,12,0.2464
2018,Nouvelle-Écosse,Infrastructures de génie maritime,12,0.0849
2018,Nouvelle-Écosse,Infrastructures de génie liées aux transports,12,0.1705
2018,Nouvelle-Écosse,Infrastructure d'adduction et de distribution d'eau,12,0.0849
2018,Nouvelle-Écosse,Infrastructures pour les eaux usées,12,0.0849
2018,Nouvelle-Écosse,Réseaux de communication,12,0.2332
2018,Nouvelle-Écosse,Infrastructure liées à l'énergie électrique,12,0.1269
2018,Nouvelle-Écosse,Construction liée aux installations de pétrole et de gaz,12,0.1367
2018,Nouvelle-Écosse,Autres travaux de génie,12,0.0849
2018,Nouvelle-Écosse,Autres machines et matériel,12,0.1635
2018,Nouvelle-Écosse,Machines et matériel de transport,12,0.173
2018,Nouveau-Brunswick,Total des actifs,13,0.1444
2018,Nouveau-Brunswick,Immeubles commerciaux,13,0.1321
2018,Nouveau-Brunswick,Bâtiments institutionnels,13,0.1321
2018,Nouveau-Brunswick,Infrastructures de génie maritime,13,0.1554
2018,Nouveau-Brunswick,Infrastructures de génie liées aux transports,13,0.1693
2018,Nouveau-Brunswick,Infrastructure d'adduction et de distribution d'eau,13,0.1554
2018,Nouveau-Brunswick,Infrastructures pour les eaux usées,13,0.1554
2018,Nouveau-Brunswick,Réseaux de communication,13,0.1749
2018,Nouveau-Brunswick,Infrastructure liées à l'énergie électrique,13,0.0778
2018,Nouveau-Brunswick,Construction liée aux installations de pétrole et de gaz,13,0.1875
2018,Nouveau-Brunswick,Autres travaux de génie,13,0.1554
2018,Nouveau-Brunswick,Autres machines et matériel,13,0.1274
2018,Nouveau-Brunswick,Machines et matériel de transport,13,0.1529
2018,Québec,Total des actifs,24,0.1807
2018,Québec,Immeubles commerciaux,24,0.1645
2018,Québec,Bâtiments institutionnels,24,0.1645
2018,Québec,Infrastructures de génie maritime,24,0.2573
2018,Québec,Infrastructures de génie liées aux transports,24,0.2162
2018,Québec,Infrastructure d'adduction et de distribution d'eau,24,0.2573
2018,Québec,Infrastructures pour les eaux usées,24,0.2573
2018,Québec,Réseaux de communication,24,0.1719
2018,Québec,Infrastructure liées à l'énergie électrique,24,0.0947
2018,Québec,Construction liée aux installations de pétrole et de gaz,24,0.1396
2018,Québec,Autres travaux de génie,24,0.2573
2018,Québec,Autres machines et matériel,24,0.1712
2018,Québec,Machines et matériel de transport,24,0.1499
2018,Ontario,Total des actifs,35,0.2436
2018,Ontario,Immeubles commerciaux,35,0.1364
2018,Ontario,Bâtiments institutionnels,35,0.1364
2018,Ontario,Infrastructures de génie maritime,35,0.2575
2018,Ontario,Infrastructures de génie liées aux transports,35,0.3404
2018,Ontario,Infrastructure d'adduction et de distribution d'eau,35,0.2575
2018,Ontario,Infrastructures pour les eaux usées,35,0.2575
2018,Ontario,Réseaux de communication,35,0.3016
2018,Ontario,Infrastructure liées à l'énergie électrique,35,0.1986
2018,Ontario,Construction liée aux installations de pétrole et de gaz,35,0.2332
2018,Ontario,Autres travaux de génie,35,0.2575
2018,Ontario,Autres machines et matériel,35,0.2244
2018,Ontario,Machines et matériel de transport,35,0.2842
2018,Manitoba,Total des actifs,46,0.2395
2018,Manitoba,Immeubles commerciaux,46,0.1769
2018,Manitoba,Bâtiments institutionnels,46,0.1769
2018,Manitoba,Infrastructures de génie maritime,46,0.2445
2018,Manitoba,Infrastructures de génie liées aux transports,46,0.297
2018,Manitoba,Infrastructure d'adduction et de distribution d'eau,46,0.2445
2018,Manitoba,Infrastructures pour les eaux usées,46,0.2445
2018,Manitoba,Réseaux de communication,46,0.256
2018,Manitoba,Infrastructure liées à l'énergie électrique,46,0.2195
2018,Manitoba,Construction liée aux installations de pétrole et de gaz,46,0.4262
2018,Manitoba,Autres travaux de génie,46,0.2445
2018,Manitoba,Autres machines et matériel,46,0.2171
2018,Manitoba,Machines et matériel de transport,46,0.3072
2018,Saskatchewan,Total des actifs,47,0.3606
2018,Saskatchewan,Immeubles commerciaux,47,0.2173
2018,Saskatchewan,Bâtiments institutionnels,47,0.2173
2018,Saskatchewan,Infrastructures de génie maritime,47,0.3696
2018,Saskatchewan,Infrastructures de génie liées aux transports,47,0.4376
2018,Saskatchewan,Infrastructure d'adduction et de distribution d'eau,47,0.3696
2018,Saskatchewan,Infrastructures pour les eaux usées,47,0.3696
2018,Saskatchewan,Réseaux de communication,47,0.5153
2018,Saskatchewan,Infrastructure liées à l'énergie électrique,47,0.2897
2018,Saskatchewan,Construction liée aux installations de pétrole et de gaz,47,0.4352
2018,Saskatchewan,Autres travaux de génie,47,0.3696
2018,Saskatchewan,Autres machines et matériel,47,0.2152
2018,Saskatchewan,Machines et matériel de transport,47,0.3268
2018,Alberta,Total des actifs,48,0.281
2018,Alberta,Immeubles commerciaux,48,0.2621
2018,Alberta,Bâtiments institutionnels,48,0.2621
2018,Alberta,Infrastructures de génie maritime,48,0.331
2018,Alberta,Infrastructures de génie liées aux transports,48,0.3671
2018,Alberta,Infrastructure d'adduction et de distribution d'eau,48,0.331
2018,Alberta,Infrastructures pour les eaux usées,48,0.331
2018,Alberta,Réseaux de communication,48,0.2435
2018,Alberta,Infrastructure liées à l'énergie électrique,48,0.2109
2018,Alberta,Construction liée aux installations de pétrole et de gaz,48,0.2129
2018,Alberta,Autres travaux de génie,48,0.331
2018,Alberta,Autres machines et matériel,48,0.1975
2018,Alberta,Machines et matériel de transport,48,0.2237
2018,Colombie-Britannique,Total des actifs,59,0.2454
2018,Colombie-Britannique,Immeubles commerciaux,59,0.2079
2018,Colombie-Britannique,Bâtiments institutionnels,59,0.2079
2018,Colombie-Britannique,Infrastructures de génie maritime,59,0.2284
2018,Colombie-Britannique,Infrastructures de génie liées aux transports,59,0.3089
2018,Colombie-Britannique,Infrastructure d'adduction et de distribution d'eau,59,0.2284
2018,Colombie-Britannique,Infrastructures pour les eaux usées,59,0.2284
2018,Colombie-Britannique,Réseaux de communication,59,0.2318
2018,Colombie-Britannique,Infrastructure liées à l'énergie électrique,59,0.2392
2018,Colombie-Britannique,Construction liée aux installations de pétrole et de gaz,59,0.2164
2018,Colombie-Britannique,Autres travaux de génie,59,0.2284
2018,Colombie-Britannique,Autres machines et matériel,59,0.1367
2018,Colombie-Britannique,Machines et matériel de transport,59,0.1925
2018,Yukon,Total des actifs,60,0.1301
2018,Yukon,Immeubles commerciaux,60,0.1114
2018,Yukon,Bâtiments institutionnels,60,0.1114
2018,Yukon,Infrastructures de génie maritime,60,0.2866
2018,Yukon,Infrastructures de génie liées aux transports,60,0.1281
2018,Yukon,Infrastructure d'adduction et de distribution d'eau,60,0.2866
2018,Yukon,Infrastructures pour les eaux usées,60,0.2866
2018,Yukon,Réseaux de communication,60,0.1519
2018,Yukon,Infrastructure liées à l'énergie électrique,60,0.074
2018,Yukon,Construction liée aux installations de pétrole et de gaz,60,
2018,Yukon,Autres travaux de génie,60,0.2866
2018,Yukon,Autres machines et matériel,60,0.1378
2018,Yukon,Machines et matériel de transport,60,0.1419
2018,Territoires du Nord-Ouest,Total des actifs,61,0.2812
2018,Territoires du Nord-Ouest,Immeubles commerciaux,61,0.2961
2018,Territoires du Nord-Ouest,Bâtiments institutionnels,61,0.2961
2018,Territoires du Nord-Ouest,Infrastructures de génie maritime,61,0.485
2018,Territoires du Nord-Ouest,Infrastructures de génie liées aux transports,61,0.2447
2018,Territoires du Nord-Ouest,Infrastructure d'adduction et de distribution d'eau,61,0.485
2018,Territoires du Nord-Ouest,Infrastructures pour les eaux usées,61,0.485
2018,Territoires du Nord-Ouest,Réseaux de communication,61,0.2585
2018,Territoires du Nord-Ouest,Infrastructure liées à l'énergie électrique,61,0.1734
2018,Territoires du Nord-Ouest,Construction liée aux installations de pétrole et de gaz,61,0.1942
2018,Territoires du Nord-Ouest,Autres travaux de génie,61,0.485
2018,Territoires du Nord-Ouest,Autres machines et matériel,61,0.1939
2018,Territoires du Nord-Ouest,Machines et matériel de transport,61,0.4584
2018,Nunavut,Total des actifs,62,0.1651
2018,Nunavut,Immeubles commerciaux,62,0.2068
2018,Nunavut,Bâtiments institutionnels,62,0.2068
2018,Nunavut,Infrastructures de génie maritime,62,0.2038
2018,Nunavut,Infrastructures de génie liées aux transports,62,0.2327
2018,Nunavut,Infrastructure d'adduction et de distribution d'eau,62,0.2038
2018,Nunavut,Infrastructures pour les eaux usées,62,0.2038
2018,Nunavut,Réseaux de communication,62,0.1162
2018,Nunavut,Infrastructure liées à l'énergie électrique,62,0.0466
2018,Nunavut,Construction liée aux installations de pétrole et de gaz,62,
2018,Nunavut,Autres travaux de génie,62,0.2038
2018,Nunavut,Autres machines et matériel,62,0.1221
2018,Nunavut,Machines et matériel de transport,62,0.3606
2019,Canada,Immeubles commerciaux,,0.1707
2019,Canada,Bâtiments institutionnels,,0.1782
2019,Canada,Infrastructures de génie maritime,,0.2193
2019,Canada,Infrastructures de génie liées aux transports,,0.3039
2019,Canada,Infrastructure d'adduction et de distribution d'eau,,0.2493
2019,Canada,Infrastructures pour les eaux usées,,0.2503
2019,Canada,Réseaux de communication,,0.2334
2019,Canada,Infrastructure liées à l'énergie électrique,,0.1836
2019,Canada,Construction liée aux installations de pétrole et de gaz,,0.2283
2019,Canada,Autres travaux de génie,,0.2541
2019,Canada,Autres machines et matériel,,0.1842
2019,Canada,Machines et matériel de transport,,0.2236
2019,Terre-Neuve-et-Labrador,Total des actifs,10,0.1826
2019,Terre-Neuve-et-Labrador,Immeubles commerciaux,10,0.1746
2019,Terre-Neuve-et-Labrador,Bâtiments institutionnels,10,0.1746
2019,Terre-Neuve-et-Labrador,Infrastructures de génie maritime,10,0.1912
2019,Terre-Neuve-et-Labrador,Infrastructures de génie liées aux transports,10,0.276
2019,Terre-Neuve-et-Labrador,Infrastructure d'adduction et de distribution d'eau,10,0.1912
2019,Terre-Neuve-et-Labrador,Infrastructures pour les eaux usées,10,0.1912
2019,Terre-Neuve-et-Labrador,Réseaux de communication,10,0.3546
2019,Terre-Neuve-et-Labrador,Infrastructure liées à l'énergie électrique,10,0.1464
2019,Terre-Neuve-et-Labrador,Construction liée aux installations de pétrole et de gaz,10,0.2804
2019,Terre-Neuve-et-Labrador,Autres travaux de génie,10,0.1912
2019,Terre-Neuve-et-Labrador,Autres machines et matériel,10,0.1659
2019,Terre-Neuve-et-Labrador,Machines et matériel de transport,10,0.1281
2019,Île-du-Prince-Édouard,Total des actifs,11,0.2336
2019,Île-du-Prince-Édouard,Immeubles commerciaux,11,0.1435
2019,Île-du-Prince-Édouard,Bâtiments institutionnels,11,0.1435
2019,Île-du-Prince-Édouard,Infrastructures de génie maritime,11,0.2247
2019,Île-du-Prince-Édouard,Infrastructures de génie liées aux transports,11,0.3161
2019,Île-du-Prince-Édouard,Infrastructure d'adduction et de distribution d'eau,11,0.2247
2019,Île-du-Prince-Édouard,Infrastructures pour les eaux usées,11,0.2247
2019,Île-du-Prince-Édouard,Réseaux de communication,11,0.1955
2019,Île-du-Prince-Édouard,Infrastructure liées à l'énergie électrique,11,0.0903
2019,Île-du-Prince-Édouard,Construction liée aux installations de pétrole et de gaz,11,0.1668
2019,Île-du-Prince-Édouard,Autres travaux de génie,11,0.2247
2019,Île-du-Prince-Édouard,Autres machines et matériel,11,0.1707
2019,Île-du-Prince-Édouard,Machines et matériel de transport,11,0.1256
2019,Nouvelle-Écosse,Total des actifs,12,0.1526
2019,Nouvelle-Écosse,Immeubles commerciaux,12,0.2129
2019,Nouvelle-Écosse,Bâtiments institutionnels,12,0.2129
2019,Nouvelle-Écosse,Infrastructures de génie maritime,12,0.0719
2019,Nouvelle-Écosse,Infrastructures de génie liées aux transports,12,0.1459
2019,Nouvelle-Écosse,Infrastructure d'adduction et de distribution d'eau,12,0.0719
2019,Nouvelle-Écosse,Infrastructures pour les eaux usées,12,0.0719
2019,Nouvelle-Écosse,Réseaux de communication,12,0.1986
2019,Nouvelle-Écosse,Infrastructure liées à l'énergie électrique,12,0.1198
2019,Nouvelle-Écosse,Construction liée aux installations de pétrole et de gaz,12,0.1369
2019,Nouvelle-Écosse,Autres travaux de génie,12,0.0719
2019,Nouvelle-Écosse,Autres machines et matériel,12,0.1533
2019,Nouvelle-Écosse,Machines et matériel de transport,12,0.146
2019,Nouveau-Brunswick,Total des actifs,13,0.1286
2019,Nouveau-Brunswick,Immeubles commerciaux,13,0.1282
2019,Nouveau-Brunswick,Bâtiments institutionnels,13,0.1282
2019,Nouveau-Brunswick,Infrastructures de génie maritime,13,0.1483
2019,Nouveau-Brunswick,Infrastructures de génie liées aux transports,13,0.1584
2019,Nouveau-Brunswick,Infrastructure d'adduction et de distribution d'eau,13,0.1483
2019,Nouveau-Brunswick,Infrastructures pour les eaux usées,13,0.1483
2019,Nouveau-Brunswick,Réseaux de communication,13,0.1501
2019,Nouveau-Brunswick,Infrastructure liées à l'énergie électrique,13,0.0815
2019,Nouveau-Brunswick,Construction liée aux installations de pétrole et de gaz,13,0.2088
2019,Nouveau-Brunswick,Autres travaux de génie,13,0.1483
2019,Nouveau-Brunswick,Autres machines et matériel,13,0.1227
2019,Nouveau-Brunswick,Machines et matériel de transport,13,0.2048
2019,Québec,Total des actifs,24,0.1856
2019,Québec,Immeubles commerciaux,24,0.1757
2019,Québec,Bâtiments institutionnels,24,0.1757
2019,Québec,Infrastructures de génie maritime,24,0.24
2019,Québec,Infrastructures de génie liées aux transports,24,0.2308
2019,Québec,Infrastructure d'adduction et de distribution d'eau,24,0.24
2019,Québec,Infrastructures pour les eaux usées,24,0.24
2019,Québec,Réseaux de communication,24,0.1584
2019,Québec,Infrastructure liées à l'énergie électrique,24,0.1016
2019,Québec,Construction liée aux installations de pétrole et de gaz,24,0.1547
2019,Québec,Autres travaux de génie,24,0.24
2019,Québec,Autres machines et matériel,24,0.1533
2019,Québec,Machines et matériel de transport,24,0.1021
2019,Ontario,Total des actifs,35,0.2374
2019,Ontario,Immeubles commerciaux,35,0.1334
2019,Ontario,Bâtiments institutionnels,35,0.1334
2019,Ontario,Infrastructures de génie maritime,35,0.2423
2019,Ontario,Infrastructures de génie liées aux transports,35,0.3382
2019,Ontario,Infrastructure d'adduction et de distribution d'eau,35,0.2423
2019,Ontario,Infrastructures pour les eaux usées,35,0.2423
2019,Ontario,Réseaux de communication,35,0.2703
2019,Ontario,Infrastructure liées à l'énergie électrique,35,0.1966
2019,Ontario,Construction liée aux installations de pétrole et de gaz,35,0.2428
2019,Ontario,Autres travaux de génie,35,0.2423
2019,Ontario,Autres machines et matériel,35,0.2004
2019,Ontario,Machines et matériel de transport,35,0.2395
2019,Manitoba,Total des actifs,46,0.2439
2019,Manitoba,Immeubles commerciaux,46,0.184
2019,Manitoba,Bâtiments institutionnels,46,0.184
2019,Manitoba,Infrastructures de génie maritime,46,0.2586
2019,Manitoba,Infrastructures de génie liées aux transports,46,0.3158
2019,Manitoba,Infrastructure d'adduction et de distribution d'eau,46,0.2586
2019,Manitoba,Infrastructures pour les eaux usées,46,0.2586
2019,Manitoba,Réseaux de communication,46,0.237
2019,Manitoba,Infrastructure liées à l'énergie électrique,46,0.2208
2019,Manitoba,Construction liée aux installations de pétrole et de gaz,46,0.4577
2019,Manitoba,Autres travaux de génie,46,0.2586
2019,Manitoba,Autres machines et matériel,46,0.1972
2019,Manitoba,Machines et matériel de transport,46,0.3111
2019,Saskatchewan,Total des actifs,47,0.3603
2019,Saskatchewan,Immeubles commerciaux,47,0.2221
2019,Saskatchewan,Bâtiments institutionnels,47,0.2221
2019,Saskatchewan,Infrastructures de génie maritime,47,0.3534
2019,Saskatchewan,Infrastructures de génie liées aux transports,47,0.4708
2019,Saskatchewan,Infrastructure d'adduction et de distribution d'eau,47,0.3534
2019,Saskatchewan,Infrastructures pour les eaux usées,47,0.3534
2019,Saskatchewan,Réseaux de communication,47,0.4418
2019,Saskatchewan,Infrastructure liées à l'énergie électrique,47,0.2948
2019,Saskatchewan,Construction liée aux installations de pétrole et de gaz,47,0.4391
2019,Saskatchewan,Autres travaux de génie,47,0.3534
2019,Saskatchewan,Autres machines et matériel,47,0.2064
2019,Saskatchewan,Machines et matériel de transport,47,0.3009
2019,Alberta,Total des actifs,48,0.2824
2019,Alberta,Immeubles commerciaux,48,0.2567
2019,Alberta,Bâtiments institutionnels,48,0.2567
2019,Alberta,Infrastructures de génie maritime,48,0.3222
2019,Alberta,Infrastructures de génie liées aux transports,48,0.3852
2019,Alberta,Infrastructure d'adduction et de distribution d'eau,48,0.3222
2019,Alberta,Infrastructures pour les eaux usées,48,0.3222
2019,Alberta,Réseaux de communication,48,0.2369
2019,Alberta,Infrastructure liées à l'énergie électrique,48,0.2228
2019,Alberta,Construction liée aux installations de pétrole et de gaz,48,0.2162
2019,Alberta,Autres travaux de génie,48,0.3222
2019,Alberta,Autres machines et matériel,48,0.1963
2019,Alberta,Machines et matériel de transport,48,0.2389
2019,Colombie-Britannique,Total des actifs,59,0.2244
2019,Colombie-Britannique,Immeubles commerciaux,59,0.1837
2019,Colombie-Britannique,Bâtiments institutionnels,59,0.1837
2019,Colombie-Britannique,Infrastructures de génie maritime,59,0.2231
2019,Colombie-Britannique,Infrastructures de génie liées aux transports,59,0.2897
2019,Colombie-Britannique,Infrastructure d'adduction et de distribution d'eau,59,0.2231
2019,Colombie-Britannique,Infrastructures pour les eaux usées,59,0.2231
2019,Colombie-Britannique,Réseaux de communication,59,0.2031
2019,Colombie-Britannique,Infrastructure liées à l'énergie électrique,59,0.2171
2019,Colombie-Britannique,Construction liée aux installations de pétrole et de gaz,59,0.1979
2019,Colombie-Britannique,Autres travaux de génie,59,0.2231
2019,Colombie-Britannique,Autres machines et matériel,59,0.1303
2019,Colombie-Britannique,Machines et matériel de transport,59,0.2121
2019,Yukon,Total des actifs,60,0.2134
2019,Yukon,Immeubles commerciaux,60,0.1029
2019,Yukon,Bâtiments institutionnels,60,0.1029
2019,Yukon,Infrastructures de génie maritime,60,0.6136
2019,Yukon,Infrastructures de génie liées aux transports,60,0.146
2019,Yukon,Infrastructure d'adduction et de distribution d'eau,60,0.6136
2019,Yukon,Infrastructures pour les eaux usées,60,0.6136
2019,Yukon,Réseaux de communication,60,0.1504
2019,Yukon,Infrastructure liées à l'énergie électrique,60,0.0722
2019,Yukon,Construction liée aux installations de pétrole et de gaz,60,
2019,Yukon,Autres travaux de génie,60,0.6136
2019,Yukon,Autres machines et matériel,60,0.1446
2019,Yukon,Machines et matériel de transport,60,0.1457
2019,Territoires du Nord-Ouest,Total des actifs,61,0.2757
2019,Territoires du Nord-Ouest,Immeubles commerciaux,61,0.2795
2019,Territoires du Nord-Ouest,Bâtiments institutionnels,61,0.2795
2019,Territoires du Nord-Ouest,Infrastructures de génie maritime,61,0.4695
2019,Territoires du Nord-Ouest,Infrastructures de génie liées aux transports,61,0.2649
2019,Territoires du Nord-Ouest,Infrastructure d'adduction et de distribution d'eau,61,0.4695
2019,Territoires du Nord-Ouest,Infrastructures pour les eaux usées,61,0.4695
2019,Territoires du Nord-Ouest,Réseaux de communication,61,0.2453
2019,Territoires du Nord-Ouest,Infrastructure liées à l'énergie électrique,61,0.1751
2019,Territoires du Nord-Ouest,Construction liée aux installations de pétrole et de gaz,61,0.1662
2019,Territoires du Nord-Ouest,Autres travaux de génie,61,0.4695
2019,Territoires du Nord-Ouest,Autres machines et matériel,61,0.1747
2019,Territoires du Nord-Ouest,Machines et matériel de transport,61,0.158
2019,Nunavut,Total des actifs,62,0.2072
2019,Nunavut,Immeubles commerciaux,62,0.2475
2019,Nunavut,Bâtiments institutionnels,62,0.2475
2019,Nunavut,Infrastructures de génie maritime,62,0.2038
2019,Nunavut,Infrastructures de génie liées aux transports,62,0.2386
2019,Nunavut,Infrastructure d'adduction et de distribution d'eau,62,0.2038
2019,Nunavut,Infrastructures pour les eaux usées,62,0.2038
2019,Nunavut,Réseaux de communication,62,0.0527
2019,Nunavut,Infrastructure liées à l'énergie électrique,62,0.0484
2019,Nunavut,Construction liée aux installations de pétrole et de gaz,62,
2019,Nunavut,Autres travaux de génie,62,0.2038
2019,Nunavut,Autres machines et matériel,62,0.128
2019,Nunavut,Machines et matériel de transport,62,0.3346
2020,Canada,Immeubles commerciaux,,0.17
2020,Canada,Bâtiments institutionnels,,0.17
2020,Canada,Infrastructures de génie maritime,,0.218
2020,Canada,Infrastructures de génie liées aux transports,,0.3134
2020,Canada,Infrastructure d'adduction et de distribution d'eau,,0.2496
2020,Canada,Infrastructures pour les eaux usées,,0.2495
2020,Canada,Réseaux de communication,,0.2349
2020,Canada,Infrastructure liées à l'énergie électrique,,0.1868
2020,Canada,Construction liée aux installations de pétrole et de gaz,,0.2237
2020,Canada,Autres travaux de génie,,0.2545
2020,Canada,Autres machines et matériel,,0.1885
2020,Canada,Machines et matériel de transport,,0.2204
2020,Terre-Neuve-et-Labrador,Total des actifs,10,0.1808
2020,Terre-Neuve-et-Labrador,Immeubles commerciaux,10,0.1736
2020,Terre-Neuve-et-Labrador,Bâtiments institutionnels,10,0.1734
2020,Terre-Neuve-et-Labrador,Infrastructures de génie maritime,10,0.1923
2020,Terre-Neuve-et-Labrador,Infrastructures de génie liées aux transports,10,0.2832
2020,Terre-Neuve-et-Labrador,Infrastructure d'adduction et de distribution d'eau,10,0.1924
2020,Terre-Neuve-et-Labrador,Infrastructures pour les eaux usées,10,0.1921
2020,Terre-Neuve-et-Labrador,Réseaux de communication,10,0.353
2020,Terre-Neuve-et-Labrador,Infrastructure liées à l'énergie électrique,10,0.147
2020,Terre-Neuve-et-Labrador,Construction liée aux installations de pétrole et de gaz,10,
2020,Terre-Neuve-et-Labrador,Autres travaux de génie,10,0.1918
2020,Terre-Neuve-et-Labrador,Autres machines et matériel,10,0.1618
2020,Terre-Neuve-et-Labrador,Machines et matériel de transport,10,0.1342
2020,Île-du-Prince-Édouard,Total des actifs,11,0.2318
2020,Île-du-Prince-Édouard,Immeubles commerciaux,11,0.141
2020,Île-du-Prince-Édouard,Bâtiments institutionnels,11,0.141
2020,Île-du-Prince-Édouard,Infrastructures de génie maritime,11,0.2258
2020,Île-du-Prince-Édouard,Infrastructures de génie liées aux transports,11,0.3243
2020,Île-du-Prince-Édouard,Infrastructure d'adduction et de distribution d'eau,11,0.2257
2020,Île-du-Prince-Édouard,Infrastructures pour les eaux usées,11,0.2257
2020,Île-du-Prince-Édouard,Réseaux de communication,11,0.1946
2020,Île-du-Prince-Édouard,Infrastructure liées à l'énergie électrique,11,0.0906
2020,Île-du-Prince-Édouard,Construction liée aux installations de pétrole et de gaz,11,
2020,Île-du-Prince-Édouard,Autres travaux de génie,11,0.2253
2020,Île-du-Prince-Édouard,Autres machines et matériel,11,0.1741
2020,Île-du-Prince-Édouard,Machines et matériel de transport,11,0.1316
2020,Nouvelle-Écosse,Total des actifs,12,0.1544
2020,Nouvelle-Écosse,Immeubles commerciaux,12,0.2091
2020,Nouvelle-Écosse,Bâtiments institutionnels,12,0.2092
2020,Nouvelle-Écosse,Infrastructures de génie maritime,12,0.0722
2020,Nouvelle-Écosse,Infrastructures de génie liées aux transports,12,0.1497
2020,Nouvelle-Écosse,Infrastructure d'adduction et de distribution d'eau,12,0.0723
2020,Nouvelle-Écosse,Infrastructures pour les eaux usées,12,0.0722
2020,Nouvelle-Écosse,Réseaux de communication,12,0.1977
2020,Nouvelle-Écosse,Infrastructure liées à l'énergie électrique,12,0.1203
2020,Nouvelle-Écosse,Construction liée aux installations de pétrole et de gaz,12,0.1374
2020,Nouvelle-Écosse,Autres travaux de génie,12,0.0716
2020,Nouvelle-Écosse,Autres machines et matériel,12,0.1488
2020,Nouvelle-Écosse,Machines et matériel de transport,12,0.1519
2020,Nouveau-Brunswick,Total des actifs,13,0.1342
2020,Nouveau-Brunswick,Immeubles commerciaux,13,0.1266
2020,Nouveau-Brunswick,Bâtiments institutionnels,13,0.1262
2020,Nouveau-Brunswick,Infrastructures de génie maritime,13,0.1497
2020,Nouveau-Brunswick,Infrastructures de génie liées aux transports,13,0.1626
2020,Nouveau-Brunswick,Infrastructure d'adduction et de distribution d'eau,13,0.149
2020,Nouveau-Brunswick,Infrastructures pour les eaux usées,13,0.149
2020,Nouveau-Brunswick,Réseaux de communication,13,0.1494
2020,Nouveau-Brunswick,Infrastructure liées à l'énergie électrique,13,0.0818
2020,Nouveau-Brunswick,Construction liée aux installations de pétrole et de gaz,13,0.2096
2020,Nouveau-Brunswick,Autres travaux de génie,13,0.1486
2020,Nouveau-Brunswick,Autres machines et matériel,13,0.1334
2020,Nouveau-Brunswick,Machines et matériel de transport,13,0.198
2020,Québec,Total des actifs,24,0.1879
2020,Québec,Immeubles commerciaux,24,0.17
2020,Québec,Bâtiments institutionnels,24,0.1704
2020,Québec,Infrastructures de génie maritime,24,0.2414
2020,Québec,Infrastructures de génie liées aux transports,24,0.2368
2020,Québec,Infrastructure d'adduction et de distribution d'eau,24,0.241
2020,Québec,Infrastructures pour les eaux usées,24,0.2412
2020,Québec,Réseaux de communication,24,0.1576
2020,Québec,Infrastructure liées à l'énergie électrique,24,0.102
2020,Québec,Construction liée aux installations de pétrole et de gaz,24,0.1553
2020,Québec,Autres travaux de génie,24,0.2411
2020,Québec,Autres machines et matériel,24,0.1275
2020,Québec,Machines et matériel de transport,24,0.102
2020,Ontario,Total des actifs,35,0.2427
2020,Ontario,Immeubles commerciaux,35,0.1299
2020,Ontario,Bâtiments institutionnels,35,0.13
2020,Ontario,Infrastructures de génie maritime,35,0.2435
2020,Ontario,Infrastructures de génie liées aux transports,35,0.347
2020,Ontario,Infrastructure d'adduction et de distribution d'eau,35,0.2433
2020,Ontario,Infrastructures pour les eaux usées,35,0.2434
2020,Ontario,Réseaux de communication,35,0.2691
2020,Ontario,Infrastructure liées à l'énergie électrique,35,0.1973
2020,Ontario,Construction liée aux installations de pétrole et de gaz,35,0.2438
2020,Ontario,Autres travaux de génie,35,0.2426
2020,Ontario,Autres machines et matériel,35,0.1955
2020,Ontario,Machines et matériel de transport,35,0.2382
2020,Manitoba,Total des actifs,46,0.2446
2020,Manitoba,Immeubles commerciaux,46,0.1824
2020,Manitoba,Bâtiments institutionnels,46,0.1823
2020,Manitoba,Infrastructures de génie maritime,46,0.2587
2020,Manitoba,Infrastructures de génie liées aux transports,46,0.3241
2020,Manitoba,Infrastructure d'adduction et de distribution d'eau,46,0.2603
2020,Manitoba,Infrastructures pour les eaux usées,46,0.2597
2020,Manitoba,Réseaux de communication,46,0.2359
2020,Manitoba,Infrastructure liées à l'énergie électrique,46,0.2216
2020,Manitoba,Construction liée aux installations de pétrole et de gaz,46,0.4595
2020,Manitoba,Autres travaux de génie,46,0.2605
2020,Manitoba,Autres machines et matériel,46,0.1954
2020,Manitoba,Machines et matériel de transport,46,0.3013
2020,Saskatchewan,Total des actifs,47,0.3577
2020,Saskatchewan,Immeubles commerciaux,47,0.2222
2020,Saskatchewan,Bâtiments institutionnels,47,0.2216
2020,Saskatchewan,Infrastructures de génie maritime,47,0.3529
2020,Saskatchewan,Infrastructures de génie liées aux transports,47,0.483
2020,Saskatchewan,Infrastructure d'adduction et de distribution d'eau,47,0.355
2020,Saskatchewan,Infrastructures pour les eaux usées,47,0.3546
2020,Saskatchewan,Réseaux de communication,47,0.4398
2020,Saskatchewan,Infrastructure liées à l'énergie électrique,47,0.2959
2020,Saskatchewan,Construction liée aux installations de pétrole et de gaz,47,0.4408
2020,Saskatchewan,Autres travaux de génie,47,0.353
2020,Saskatchewan,Autres machines et matériel,47,0.2163
2020,Saskatchewan,Machines et matériel de transport,47,0.2976
2020,Alberta,Total des actifs,48,0.289
2020,Alberta,Immeubles commerciaux,48,0.2554
2020,Alberta,Bâtiments institutionnels,48,0.2552
2020,Alberta,Infrastructures de génie maritime,48,0.3236
2020,Alberta,Infrastructures de génie liées aux transports,48,0.3952
2020,Alberta,Infrastructure d'adduction et de distribution d'eau,48,0.3235
2020,Alberta,Infrastructures pour les eaux usées,48,0.3236
2020,Alberta,Réseaux de communication,48,0.2359
2020,Alberta,Infrastructure liées à l'énergie électrique,48,0.2236
2020,Alberta,Construction liée aux installations de pétrole et de gaz,48,0.2171
2020,Alberta,Autres travaux de génie,48,0.3224
2020,Alberta,Autres machines et matériel,48,0.1922
2020,Alberta,Machines et matériel de transport,48,0.2329
2020,Colombie-Britannique,Total des actifs,59,0.2273
2020,Colombie-Britannique,Immeubles commerciaux,59,0.1824
2020,Colombie-Britannique,Bâtiments institutionnels,59,0.1827
2020,Colombie-Britannique,Infrastructures de génie maritime,59,0.2241
2020,Colombie-Britannique,Infrastructures de génie liées aux transports,59,0.2972
2020,Colombie-Britannique,Infrastructure d'adduction et de distribution d'eau,59,0.2239
2020,Colombie-Britannique,Infrastructures pour les eaux usées,59,0.2244
2020,Colombie-Britannique,Réseaux de communication,59,0.2022
2020,Colombie-Britannique,Infrastructure liées à l'énergie électrique,59,0.2179
2020,Colombie-Britannique,Construction liée aux installations de pétrole et de gaz,59,0.1987
2020,Colombie-Britannique,Autres travaux de génie,59,0.2238
2020,Colombie-Britannique,Autres machines et matériel,59,0.1312
2020,Colombie-Britannique,Machines et matériel de transport,59,0.2131
2020,Yukon,Total des actifs,60,0.1978
2020,Yukon,Immeubles commerciaux,60,0.1013
2020,Yukon,Bâtiments institutionnels,60,0.1013
2020,Yukon,Infrastructures de génie maritime,60,0.6158
2020,Yukon,Infrastructures de génie liées aux transports,60,0.1498
2020,Yukon,Infrastructure d'adduction et de distribution d'eau,60,0.6163
2020,Yukon,Infrastructures pour les eaux usées,60,0.6165
2020,Yukon,Réseaux de communication,60,0.1497
2020,Yukon,Infrastructure liées à l'énergie électrique,60,0.0725
2020,Yukon,Construction liée aux installations de pétrole et de gaz,60,
2020,Yukon,Autres travaux de génie,60,0.6169
2020,Yukon,Autres machines et matériel,60,0.1869
2020,Yukon,Machines et matériel de transport,60,0.1526
2020,Territoires du Nord-Ouest,Total des actifs,61,0.2727
2020,Territoires du Nord-Ouest,Immeubles commerciaux,61,0.2751
2020,Territoires du Nord-Ouest,Bâtiments institutionnels,61,0.2751
2020,Territoires du Nord-Ouest,Infrastructures de génie maritime,61,0.4719
2020,Territoires du Nord-Ouest,Infrastructures de génie liées aux transports,61,0.2718
2020,Territoires du Nord-Ouest,Infrastructure d'adduction et de distribution d'eau,61,0.4715
2020,Territoires du Nord-Ouest,Infrastructures pour les eaux usées,61,0.4714
2020,Territoires du Nord-Ouest,Réseaux de communication,61,0.2442
2020,Territoires du Nord-Ouest,Infrastructure liées à l'énergie électrique,61,0.1757
2020,Territoires du Nord-Ouest,Construction liée aux installations de pétrole et de gaz,61,0.1669
2020,Territoires du Nord-Ouest,Autres travaux de génie,61,0.4715
2020,Territoires du Nord-Ouest,Autres machines et matériel,61,0.1792
2020,Territoires du Nord-Ouest,Machines et matériel de transport,61,0.1655
2020,Nunavut,Total des actifs,62,0.1993
2020,Nunavut,Immeubles commerciaux,62,0.2436
2020,Nunavut,Bâtiments institutionnels,62,0.2436
2020,Nunavut,Infrastructures de génie maritime,62,0.2047
2020,Nunavut,Infrastructures de génie liées aux transports,62,0.2448
2020,Nunavut,Infrastructure d'adduction et de distribution d'eau,62,0.2046
2020,Nunavut,Infrastructures pour les eaux usées,62,0.2049
2020,Nunavut,Réseaux de communication,62,0.0525
2020,Nunavut,Infrastructure liées à l'énergie électrique,62,0.0486
2020,Nunavut,Construction liée aux installations de pétrole et de gaz,62,
2020,Nunavut,Autres travaux de génie,62,0.2048
2020,Nunavut,Autres machines et matériel,62,0.1249
2020,Nunavut,Machines et matériel de transport,62,0.3276
2021,Canada,Immeubles commerciaux,,0.1573
2021,Canada,Bâtiments institutionnels,,0.1606
2021,Canada,Infrastructures de génie maritime,,0.2019
2021,Canada,Infrastructures de génie liées aux transports,,0.2891
2021,Canada,Infrastructure d'adduction et de distribution d'eau,,0.2325
2021,Canada,Infrastructures pour les eaux usées,,0.2309
2021,Canada,Réseaux de communication,,0.1954
2021,Canada,Infrastructure liées à l'énergie électrique,,0.1626
2021,Canada,Construction liée aux installations de pétrole et de gaz,,0.2123
2021,Canada,Autres travaux de génie,,0.2355
2021,Canada,Autres machines et matériel,,0.1811
2021,Canada,Machines et matériel de transport,,0.22
2021,Terre-Neuve-et-Labrador,Total des actifs,10,0.1703
2021,Terre-Neuve-et-Labrador,Immeubles commerciaux,10,0.1634
2021,Terre-Neuve-et-Labrador,Bâtiments institutionnels,10,0.1637
2021,Terre-Neuve-et-Labrador,Infrastructures de génie maritime,10,0.1783
2021,Terre-Neuve-et-Labrador,Infrastructures de génie liées aux transports,10,0.2602
2021,Terre-Neuve-et-Labrador,Infrastructure d'adduction et de distribution d'eau,10,0.1785
2021,Terre-Neuve-et-Labrador,Infrastructures pour les eaux usées,10,0.1782
2021,Terre-Neuve-et-Labrador,Réseaux de communication,10,0.2941
2021,Terre-Neuve-et-Labrador,Infrastructure liées à l'énergie électrique,10,0.1321
2021,Terre-Neuve-et-Labrador,Construction liée aux installations de pétrole et de gaz,10,
2021,Terre-Neuve-et-Labrador,Autres travaux de génie,10,0.1778
2021,Terre-Neuve-et-Labrador,Autres machines et matériel,10,0.1599
2021,Terre-Neuve-et-Labrador,Machines et matériel de transport,10,0.1302
2021,Île-du-Prince-Édouard,Total des actifs,11,0.216
2021,Île-du-Prince-Édouard,Immeubles commerciaux,11,0.1309
2021,Île-du-Prince-Édouard,Bâtiments institutionnels,11,0.1332
2021,Île-du-Prince-Édouard,Infrastructures de génie maritime,11,0.2083
2021,Île-du-Prince-Édouard,Infrastructures de génie liées aux transports,11,0.2979
2021,Île-du-Prince-Édouard,Infrastructure d'adduction et de distribution d'eau,11,0.2094
2021,Île-du-Prince-Édouard,Infrastructures pour les eaux usées,11,0.2094
2021,Île-du-Prince-Édouard,Réseaux de communication,11,0.1621
2021,Île-du-Prince-Édouard,Infrastructure liées à l'énergie électrique,11,0.0815
2021,Île-du-Prince-Édouard,Construction liée aux installations de pétrole et de gaz,11,
2021,Île-du-Prince-Édouard,Autres travaux de génie,11,0.2084
2021,Île-du-Prince-Édouard,Autres machines et matériel,11,0.1565
2021,Île-du-Prince-Édouard,Machines et matériel de transport,11,0.1276
2021,Nouvelle-Écosse,Total des actifs,12,0.1441
2021,Nouvelle-Écosse,Immeubles commerciaux,12,0.1942
2021,Nouvelle-Écosse,Bâtiments institutionnels,12,0.1975
2021,Nouvelle-Écosse,Infrastructures de génie maritime,12,0.0671
2021,Nouvelle-Écosse,Infrastructures de génie liées aux transports,12,0.1375
2021,Nouvelle-Écosse,Infrastructure d'adduction et de distribution d'eau,12,0.0671
2021,Nouvelle-Écosse,Infrastructures pour les eaux usées,12,0.0671
2021,Nouvelle-Écosse,Réseaux de communication,12,0.1647
2021,Nouvelle-Écosse,Infrastructure liées à l'énergie électrique,12,0.1081
2021,Nouvelle-Écosse,Construction liée aux installations de pétrole et de gaz,12,0.1304
2021,Nouvelle-Écosse,Autres travaux de génie,12,0.0665
2021,Nouvelle-Écosse,Autres machines et matériel,12,0.1467
2021,Nouvelle-Écosse,Machines et matériel de transport,12,0.149
2021,Nouveau-Brunswick,Total des actifs,13,0.1245
2021,Nouveau-Brunswick,Immeubles commerciaux,13,0.1211
2021,Nouveau-Brunswick,Bâtiments institutionnels,13,0.1215
2021,Nouveau-Brunswick,Infrastructures de génie maritime,13,0.1391
2021,Nouveau-Brunswick,Infrastructures de génie liées aux transports,13,0.1493
2021,Nouveau-Brunswick,Infrastructure d'adduction et de distribution d'eau,13,0.1382
2021,Nouveau-Brunswick,Infrastructures pour les eaux usées,13,0.1382
2021,Nouveau-Brunswick,Réseaux de communication,13,0.1245
2021,Nouveau-Brunswick,Infrastructure liées à l'énergie électrique,13,0.0736
2021,Nouveau-Brunswick,Construction liée aux installations de pétrole et de gaz,13,0.199
2021,Nouveau-Brunswick,Autres travaux de génie,13,0.138
2021,Nouveau-Brunswick,Autres machines et matériel,13,0.1347
2021,Nouveau-Brunswick,Machines et matériel de transport,13,0.1996
2021,Québec,Total des actifs,24,0.1646
2021,Québec,Immeubles commerciaux,24,0.1562
2021,Québec,Bâtiments institutionnels,24,0.1595
2021,Québec,Infrastructures de génie maritime,24,0.2241
2021,Québec,Infrastructures de génie liées aux transports,24,0.2176
2021,Québec,Infrastructure d'adduction et de distribution d'eau,24,0.2238
2021,Québec,Infrastructures pour les eaux usées,24,0.2239
2021,Québec,Réseaux de communication,24,0.1313
2021,Québec,Infrastructure liées à l'énergie électrique,24,0.0917
2021,Québec,Construction liée aux installations de pétrole et de gaz,24,0.1474
2021,Québec,Autres travaux de génie,24,0.2239
2021,Québec,Autres machines et matériel,24,0.1279
2021,Québec,Machines et matériel de transport,24,0.1037
2021,Ontario,Total des actifs,35,0.2226
2021,Ontario,Immeubles commerciaux,35,0.1182
2021,Ontario,Bâtiments institutionnels,35,0.119
2021,Ontario,Infrastructures de génie maritime,35,0.2261
2021,Ontario,Infrastructures de génie liées aux transports,35,0.3188
2021,Ontario,Infrastructure d'adduction et de distribution d'eau,35,0.2258
2021,Ontario,Infrastructures pour les eaux usées,35,0.2258
2021,Ontario,Réseaux de communication,35,0.2242
2021,Ontario,Infrastructure liées à l'énergie électrique,35,0.1773
2021,Ontario,Construction liée aux installations de pétrole et de gaz,35,0.2314
2021,Ontario,Autres travaux de génie,35,0.2252
2021,Ontario,Autres machines et matériel,35,0.1866
2021,Ontario,Machines et matériel de transport,35,0.2423
2021,Manitoba,Total des actifs,46,0.2273
2021,Manitoba,Immeubles commerciaux,46,0.1715
2021,Manitoba,Bâtiments institutionnels,46,0.1725
2021,Manitoba,Infrastructures de génie maritime,46,0.2399
2021,Manitoba,Infrastructures de génie liées aux transports,46,0.2977
2021,Manitoba,Infrastructure d'adduction et de distribution d'eau,46,0.2421
2021,Manitoba,Infrastructures pour les eaux usées,46,0.241
2021,Manitoba,Réseaux de communication,46,0.1965
2021,Manitoba,Infrastructure liées à l'énergie électrique,46,0.1992
2021,Manitoba,Construction liée aux installations de pétrole et de gaz,46,0.4362
2021,Manitoba,Autres travaux de génie,46,0.242
2021,Manitoba,Autres machines et matériel,46,0.1999
2021,Manitoba,Machines et matériel de transport,46,0.2989
2021,Saskatchewan,Total des actifs,47,0.3387
2021,Saskatchewan,Immeubles commerciaux,47,0.2133
2021,Saskatchewan,Bâtiments institutionnels,47,0.213
2021,Saskatchewan,Infrastructures de génie maritime,47,0.3285
2021,Saskatchewan,Infrastructures de génie liées aux transports,47,0.4438
2021,Saskatchewan,Infrastructure d'adduction et de distribution d'eau,47,0.3294
2021,Saskatchewan,Infrastructures pour les eaux usées,47,0.3291
2021,Saskatchewan,Réseaux de communication,47,0.3664
2021,Saskatchewan,Infrastructure liées à l'énergie électrique,47,0.266
2021,Saskatchewan,Construction liée aux installations de pétrole et de gaz,47,0.4184
2021,Saskatchewan,Autres travaux de génie,47,0.3281
2021,Saskatchewan,Autres machines et matériel,47,0.2106
2021,Saskatchewan,Machines et matériel de transport,47,0.3006
2021,Alberta,Total des actifs,48,0.2589
2021,Alberta,Immeubles commerciaux,48,0.2411
2021,Alberta,Bâtiments institutionnels,48,0.2439
2021,Alberta,Infrastructures de génie maritime,48,0.3002
2021,Alberta,Infrastructures de génie liées aux transports,48,0.3631
2021,Alberta,Infrastructure d'adduction et de distribution d'eau,48,0.3006
2021,Alberta,Infrastructures pour les eaux usées,48,0.3004
2021,Alberta,Réseaux de communication,48,0.1965
2021,Alberta,Infrastructure liées à l'énergie électrique,48,0.201
2021,Alberta,Construction liée aux installations de pétrole et de gaz,48,0.206
2021,Alberta,Autres travaux de génie,48,0.2991
2021,Alberta,Autres machines et matériel,48,0.1893
2021,Alberta,Machines et matériel de transport,48,0.2219
2021,Colombie-Britannique,Total des actifs,59,0.213
2021,Colombie-Britannique,Immeubles commerciaux,59,0.1743
2021,Colombie-Britannique,Bâtiments institutionnels,59,0.1762
2021,Colombie-Britannique,Infrastructures de génie maritime,59,0.2079
2021,Colombie-Britannique,Infrastructures de génie liées aux transports,59,0.2731
2021,Colombie-Britannique,Infrastructure d'adduction et de distribution d'eau,59,0.2078
2021,Colombie-Britannique,Infrastructures pour les eaux usées,59,0.2083
2021,Colombie-Britannique,Réseaux de communication,59,0.1684
2021,Colombie-Britannique,Infrastructure liées à l'énergie électrique,59,0.1959
2021,Colombie-Britannique,Construction liée aux installations de pétrole et de gaz,59,0.1886
2021,Colombie-Britannique,Autres travaux de génie,59,0.2078
2021,Colombie-Britannique,Autres machines et matériel,59,0.1289
2021,Colombie-Britannique,Machines et matériel de transport,59,0.2152
2021,Yukon,Total des actifs,60,0.1971
2021,Yukon,Immeubles commerciaux,60,0.0945
2021,Yukon,Bâtiments institutionnels,60,0.0958
2021,Yukon,Infrastructures de génie maritime,60,0.5712
2021,Yukon,Infrastructures de génie liées aux transports,60,0.1377
2021,Yukon,Infrastructure d'adduction et de distribution d'eau,60,0.5719
2021,Yukon,Infrastructures pour les eaux usées,60,0.572
2021,Yukon,Réseaux de communication,60,0.1247
2021,Yukon,Infrastructure liées à l'énergie électrique,60,0.0652
2021,Yukon,Construction liée aux installations de pétrole et de gaz,60,
2021,Yukon,Autres travaux de génie,60,0.5727
2021,Yukon,Autres machines et matériel,60,0.1445
2021,Yukon,Machines et matériel de transport,60,0.148
2021,Territoires du Nord-Ouest,Total des actifs,61,0.2538
2021,Territoires du Nord-Ouest,Immeubles commerciaux,61,0.2567
2021,Territoires du Nord-Ouest,Bâtiments institutionnels,61,0.2602
2021,Territoires du Nord-Ouest,Infrastructures de génie maritime,61,0.4379
2021,Territoires du Nord-Ouest,Infrastructures de génie liées aux transports,61,0.2497
2021,Territoires du Nord-Ouest,Infrastructure d'adduction et de distribution d'eau,61,0.4376
2021,Territoires du Nord-Ouest,Infrastructures pour les eaux usées,61,0.4375
2021,Territoires du Nord-Ouest,Réseaux de communication,61,0.2035
2021,Territoires du Nord-Ouest,Infrastructure liées à l'énergie électrique,61,0.158
2021,Territoires du Nord-Ouest,Construction liée aux installations de pétrole et de gaz,61,0.1584
2021,Territoires du Nord-Ouest,Autres travaux de génie,61,0.4375
2021,Territoires du Nord-Ouest,Autres machines et matériel,61,0.1748
2021,Territoires du Nord-Ouest,Machines et matériel de transport,61,0.1606
2021,Nunavut,Total des actifs,62,0.1316
2021,Nunavut,Immeubles commerciaux,62,0.2274
2021,Nunavut,Bâtiments institutionnels,62,0.2304
2021,Nunavut,Infrastructures de génie maritime,62,0.19
2021,Nunavut,Infrastructures de génie liées aux transports,62,0.2249
2021,Nunavut,Infrastructure d'adduction et de distribution d'eau,62,0.1901
2021,Nunavut,Infrastructures pour les eaux usées,62,0.1901
2021,Nunavut,Réseaux de communication,62,0.0437
2021,Nunavut,Infrastructure liées à l'énergie électrique,62,0.0436
2021,Nunavut,Construction liée aux installations de pétrole et de gaz,62,
2021,Nunavut,Autres travaux de génie,62,0.1903
2021,Nunavut,Autres machines et matériel,62,0.1284
2021,Nunavut,Machines et matériel de transport,62,0.3315
2022,Canada,Immeubles commerciaux,,0.1382
2022,Canada,Bâtiments institutionnels,,0.1479
2022,Canada,Infrastructures de génie maritime,,0.1846
2022,Canada,Infrastructures de génie liées aux transports,,0.253
2022,Canada,Infrastructure d'adduction et de distribution d'eau,,0.2128
2022,Canada,Infrastructures pour les eaux usées,,0.2114
2022,Canada,Réseaux de communication,,0.1689
2022,Canada,Infrastructure liées à l'énergie électrique,,0.1466
2022,Canada,Construction liée aux installations de pétrole et de gaz,,0.1959
2022,Canada,Autres travaux de génie,,0.2171
2022,Canada,Autres machines et matériel,,0.1516
2022,Canada,Machines et matériel de transport,,0.2161
2022,Terre-Neuve-et-Labrador,Total des actifs,10,0.1539
2022,Terre-Neuve-et-Labrador,Immeubles commerciaux,10,0.152
2022,Terre-Neuve-et-Labrador,Bâtiments institutionnels,10,0.1526
2022,Terre-Neuve-et-Labrador,Infrastructures de génie maritime,10,0.1632
2022,Terre-Neuve-et-Labrador,Infrastructures de génie liées aux transports,10,0.2268
2022,Terre-Neuve-et-Labrador,Infrastructure d'adduction et de distribution d'eau,10,0.1634
2022,Terre-Neuve-et-Labrador,Infrastructures pour les eaux usées,10,0.1631
2022,Terre-Neuve-et-Labrador,Réseaux de communication,10,0.2542
2022,Terre-Neuve-et-Labrador,Infrastructure liées à l'énergie électrique,10,0.1194
2022,Terre-Neuve-et-Labrador,Construction liée aux installations de pétrole et de gaz,10,0.249
2022,Terre-Neuve-et-Labrador,Autres travaux de génie,10,0.1625
2022,Terre-Neuve-et-Labrador,Autres machines et matériel,10,0.1357
2022,Terre-Neuve-et-Labrador,Machines et matériel de transport,10,0.1126
2022,Île-du-Prince-Édouard,Total des actifs,11,0.1921
2022,Île-du-Prince-Édouard,Immeubles commerciaux,11,0.1194
2022,Île-du-Prince-Édouard,Bâtiments institutionnels,11,0.1233
2022,Île-du-Prince-Édouard,Infrastructures de génie maritime,11,0.1907
2022,Île-du-Prince-Édouard,Infrastructures de génie liées aux transports,11,0.2597
2022,Île-du-Prince-Édouard,Infrastructure d'adduction et de distribution d'eau,11,0.1917
2022,Île-du-Prince-Édouard,Infrastructures pour les eaux usées,11,0.1917
2022,Île-du-Prince-Édouard,Réseaux de communication,11,0.1401
2022,Île-du-Prince-Édouard,Infrastructure liées à l'énergie électrique,11,0.0737
2022,Île-du-Prince-Édouard,Construction liée aux installations de pétrole et de gaz,11,0.1481
2022,Île-du-Prince-Édouard,Autres travaux de génie,11,0.193
2022,Île-du-Prince-Édouard,Autres machines et matériel,11,0.1388
2022,Île-du-Prince-Édouard,Machines et matériel de transport,11,0.1104
2022,Nouvelle-Écosse,Total des actifs,12,0.1277
2022,Nouvelle-Écosse,Immeubles commerciaux,12,0.1771
2022,Nouvelle-Écosse,Bâtiments institutionnels,12,0.1829
2022,Nouvelle-Écosse,Infrastructures de génie maritime,12,0.0614
2022,Nouvelle-Écosse,Infrastructures de génie liées aux transports,12,0.1198
2022,Nouvelle-Écosse,Infrastructure d'adduction et de distribution d'eau,12,0.0615
2022,Nouvelle-Écosse,Infrastructures pour les eaux usées,12,0.0614
2022,Nouvelle-Écosse,Réseaux de communication,12,0.1424
2022,Nouvelle-Écosse,Infrastructure liées à l'énergie électrique,12,0.0977
2022,Nouvelle-Écosse,Construction liée aux installations de pétrole et de gaz,12,0.1216
2022,Nouvelle-Écosse,Autres travaux de génie,12,0.0608
2022,Nouvelle-Écosse,Autres machines et matériel,12,0.1234
2022,Nouvelle-Écosse,Machines et matériel de transport,12,0.1312
2022,Nouveau-Brunswick,Total des actifs,13,0.1115
2022,Nouveau-Brunswick,Immeubles commerciaux,13,0.1073
2022,Nouveau-Brunswick,Bâtiments institutionnels,13,0.11
2022,Nouveau-Brunswick,Infrastructures de génie maritime,13,0.1273
2022,Nouveau-Brunswick,Infrastructures de génie liées aux transports,13,0.1302
2022,Nouveau-Brunswick,Infrastructure d'adduction et de distribution d'eau,13,0.1265
2022,Nouveau-Brunswick,Infrastructures pour les eaux usées,13,0.1266
2022,Nouveau-Brunswick,Réseaux de communication,13,0.1076
2022,Nouveau-Brunswick,Infrastructure liées à l'énergie électrique,13,0.0665
2022,Nouveau-Brunswick,Construction liée aux installations de pétrole et de gaz,13,0.1854
2022,Nouveau-Brunswick,Autres travaux de génie,13,0.1262
2022,Nouveau-Brunswick,Autres machines et matériel,13,0.1207
2022,Nouveau-Brunswick,Machines et matériel de transport,13,0.1918
2022,Québec,Total des actifs,24,0.1469
2022,Québec,Immeubles commerciaux,24,0.1382
2022,Québec,Bâtiments institutionnels,24,0.1439
2022,Québec,Infrastructures de génie maritime,24,0.2051
2022,Québec,Infrastructures de génie liées aux transports,24,0.1896
2022,Québec,Infrastructure d'adduction et de distribution d'eau,24,0.2048
2022,Québec,Infrastructures pour les eaux usées,24,0.2049
2022,Québec,Réseaux de communication,24,0.1135
2022,Québec,Infrastructure liées à l'énergie électrique,24,0.0829
2022,Québec,Construction liée aux installations de pétrole et de gaz,24,0.1374
2022,Québec,Autres travaux de génie,24,0.2048
2022,Québec,Autres machines et matériel,24,0.1125
2022,Québec,Machines et matériel de transport,24,0.1001
2022,Ontario,Total des actifs,35,0.1983
2022,Ontario,Immeubles commerciaux,35,0.1019
2022,Ontario,Bâtiments institutionnels,35,0.1052
2022,Ontario,Infrastructures de génie maritime,35,0.207
2022,Ontario,Infrastructures de génie liées aux transports,35,0.2779
2022,Ontario,Infrastructure d'adduction et de distribution d'eau,35,0.2067
2022,Ontario,Infrastructures pour les eaux usées,35,0.2067
2022,Ontario,Réseaux de communication,35,0.1937
2022,Ontario,Infrastructure liées à l'énergie électrique,35,0.1603
2022,Ontario,Construction liée aux installations de pétrole et de gaz,35,0.2156
2022,Ontario,Autres travaux de génie,35,0.2053
2022,Ontario,Autres machines et matériel,35,0.1543
2022,Ontario,Machines et matériel de transport,35,0.2375
2022,Manitoba,Total des actifs,46,0.2038
2022,Manitoba,Immeubles commerciaux,46,0.1581
2022,Manitoba,Bâtiments institutionnels,46,0.16
2022,Manitoba,Infrastructures de génie maritime,46,0.2196
2022,Manitoba,Infrastructures de génie liées aux transports,46,0.2595
2022,Manitoba,Infrastructure d'adduction et de distribution d'eau,46,0.2216
2022,Manitoba,Infrastructures pour les eaux usées,46,0.2206
2022,Manitoba,Réseaux de communication,46,0.1699
2022,Manitoba,Infrastructure liées à l'énergie électrique,46,0.1801
2022,Manitoba,Construction liée aux installations de pétrole et de gaz,46,0.4065
2022,Manitoba,Autres travaux de génie,46,0.2204
2022,Manitoba,Autres machines et matériel,46,0.1791
2022,Manitoba,Machines et matériel de transport,46,0.2886
2022,Saskatchewan,Total des actifs,47,0.3084
2022,Saskatchewan,Immeubles commerciaux,47,0.1958
2022,Saskatchewan,Bâtiments institutionnels,47,0.197
2022,Saskatchewan,Infrastructures de génie maritime,47,0.3007
2022,Saskatchewan,Infrastructures de génie liées aux transports,47,0.3868
2022,Saskatchewan,Infrastructure d'adduction et de distribution d'eau,47,0.3016
2022,Saskatchewan,Infrastructures pour les eaux usées,47,0.3013
2022,Saskatchewan,Réseaux de communication,47,0.3167
2022,Saskatchewan,Infrastructure liées à l'énergie électrique,47,0.2404
2022,Saskatchewan,Construction liée aux installations de pétrole et de gaz,47,0.3899
2022,Saskatchewan,Autres travaux de génie,47,0.2983
2022,Saskatchewan,Autres machines et matériel,47,0.1726
2022,Saskatchewan,Machines et matériel de transport,47,0.2929
2022,Alberta,Total des actifs,48,0.2345
2022,Alberta,Immeubles commerciaux,48,0.2173
2022,Alberta,Bâtiments institutionnels,48,0.2243
2022,Alberta,Infrastructures de génie maritime,48,0.2749
2022,Alberta,Infrastructures de génie liées aux transports,48,0.3165
2022,Alberta,Infrastructure d'adduction et de distribution d'eau,48,0.2752
2022,Alberta,Infrastructures pour les eaux usées,48,0.275
2022,Alberta,Réseaux de communication,48,0.1698
2022,Alberta,Infrastructure liées à l'énergie électrique,48,0.1817
2022,Alberta,Construction liée aux installations de pétrole et de gaz,48,0.192
2022,Alberta,Autres travaux de génie,48,0.2727
2022,Alberta,Autres machines et matériel,48,0.1674
2022,Alberta,Machines et matériel de transport,48,0.2069
2022,Colombie-Britannique,Total des actifs,59,0.1915
2022,Colombie-Britannique,Immeubles commerciaux,59,0.1591
2022,Colombie-Britannique,Bâtiments institutionnels,59,0.1633
2022,Colombie-Britannique,Infrastructures de génie maritime,59,0.1904
2022,Colombie-Britannique,Infrastructures de génie liées aux transports,59,0.238
2022,Colombie-Britannique,Infrastructure d'adduction et de distribution d'eau,59,0.1902
2022,Colombie-Britannique,Infrastructures pour les eaux usées,59,0.1907
2022,Colombie-Britannique,Réseaux de communication,59,0.1456
2022,Colombie-Britannique,Infrastructure liées à l'énergie électrique,59,0.1771
2022,Colombie-Britannique,Construction liée aux installations de pétrole et de gaz,59,0.1757
2022,Colombie-Britannique,Autres travaux de génie,59,0.1898
2022,Colombie-Britannique,Autres machines et matériel,59,0.1116
2022,Colombie-Britannique,Machines et matériel de transport,59,0.2046
2022,Yukon,Total des actifs,60,0.1824
2022,Yukon,Immeubles commerciaux,60,0.084
2022,Yukon,Bâtiments institutionnels,60,0.087
2022,Yukon,Infrastructures de génie maritime,60,0.5229
2022,Yukon,Infrastructures de génie liées aux transports,60,0.12
2022,Yukon,Infrastructure d'adduction et de distribution d'eau,60,0.5236
2022,Yukon,Infrastructures pour les eaux usées,60,0.5236
2022,Yukon,Réseaux de communication,60,0.1078
2022,Yukon,Infrastructure liées à l'énergie électrique,60,0.0589
2022,Yukon,Construction liée aux installations de pétrole et de gaz,60,
2022,Yukon,Autres travaux de génie,60,0.5245
2022,Yukon,Autres machines et matériel,60,0.1286
2022,Yukon,Machines et matériel de transport,60,0.1281
2022,Territoires du Nord-Ouest,Total des actifs,61,0.2272
2022,Territoires du Nord-Ouest,Immeubles commerciaux,61,0.2281
2022,Territoires du Nord-Ouest,Bâtiments institutionnels,61,0.2363
2022,Territoires du Nord-Ouest,Infrastructures de génie maritime,61,0.4009
2022,Territoires du Nord-Ouest,Infrastructures de génie liées aux transports,61,0.2177
2022,Territoires du Nord-Ouest,Infrastructure d'adduction et de distribution d'eau,61,0.4006
2022,Territoires du Nord-Ouest,Infrastructures pour les eaux usées,61,0.4005
2022,Territoires du Nord-Ouest,Réseaux de communication,61,0.1758
2022,Territoires du Nord-Ouest,Infrastructure liées à l'énergie électrique,61,0.1428
2022,Territoires du Nord-Ouest,Construction liée aux installations de pétrole et de gaz,61,0.1476
2022,Territoires du Nord-Ouest,Autres travaux de génie,61,0.4005
2022,Territoires du Nord-Ouest,Autres machines et matériel,61,0.1463
2022,Territoires du Nord-Ouest,Machines et matériel de transport,61,0.1389
2022,Nunavut,Total des actifs,62,0.1161
2022,Nunavut,Immeubles commerciaux,62,0.202
2022,Nunavut,Bâtiments institutionnels,62,0.2092
2022,Nunavut,Infrastructures de génie maritime,62,0.174
2022,Nunavut,Infrastructures de génie liées aux transports,62,0.196
2022,Nunavut,Infrastructure d'adduction et de distribution d'eau,62,0.1741
2022,Nunavut,Infrastructures pour les eaux usées,62,0.174
2022,Nunavut,Réseaux de communication,62,0.0378
2022,Nunavut,Infrastructure liées à l'énergie électrique,62,0.0395
2022,Nunavut,Construction liée aux installations de pétrole et de gaz,62,
2022,Nunavut,Autres travaux de génie,62,0.1743
2022,Nunavut,Autres machines et matériel,62,0.1158
2022,Nunavut,Machines et matériel de transport,62,0.3216
