Year,Géographie,Type de poste de recharge ou de ravitaillement,GeoCode,Value
2010,,,,103
2011,,,,118
2012,,,,154
2013,,,,235
2014,,,,353
2015,,,,694
2016,,,,887
2017,,,,1393
2018,,,,1855
2019,,,,3952
2020,,,,4810
2021,,,,6140
2022,,,,8490
2023,,,,11893
2024,,,,14438
2025,,,,15315
2010,Alberta,Stations de recharge et de stations de ravitaillement en carburants de remplacement total,48,26
2010,Alberta,Propane,48,26
2011,Alberta,Stations de recharge et de stations de ravitaillement en carburants de remplacement total,48,27
2011,Alberta,Propane,48,27
2012,Alberta,Stations de recharge et de stations de ravitaillement en carburants de remplacement total,48,32
2012,Alberta,Électrique,48,2
2012,Alberta,Propane,48,30
2013,Alberta,Stations de recharge et de stations de ravitaillement en carburants de remplacement total,48,39
2013,Alberta,Électrique,48,8
2013,Alberta,Propane,48,31
2014,Alberta,Stations de recharge et de stations de ravitaillement en carburants de remplacement total,48,44
2014,Alberta,Électrique,48,13
2015,Alberta,Stations de recharge et de stations de ravitaillement en carburants de remplacement total,48,73
2015,Alberta,Électrique,48,41
2015,Alberta,Propane,48,32
2016,Alberta,Stations de recharge et de stations de ravitaillement en carburants de remplacement total,48,84
2016,Alberta,Électrique,48,51
2016,Alberta,Propane,48,33
2017,Alberta,Stations de recharge et de stations de ravitaillement en carburants de remplacement total,48,135
2017,Alberta,Gaz naturel comprimé,48,1
2017,Alberta,Électrique,48,65
2017,Alberta,Propane,48,69
2018,Alberta,Stations de recharge et de stations de ravitaillement en carburants de remplacement total,48,219
2018,Alberta,Gaz naturel comprimé,48,10
2018,Alberta,Électrique,48,75
2018,Alberta,Propane,48,134
2019,Alberta,Stations de recharge et de stations de ravitaillement en carburants de remplacement total,48,254
2019,Alberta,Électrique,48,109
2019,Alberta,Propane,48,135
2020,Alberta,Stations de recharge et de stations de ravitaillement en carburants de remplacement total,48,283
2020,Alberta,Gaz naturel comprimé,48,11
2020,Alberta,Électrique,48,134
2020,Alberta,Propane,48,138
2021,Alberta,Stations de recharge et de stations de ravitaillement en carburants de remplacement total,48,337
2021,Alberta,Électrique,48,185
2021,Alberta,Propane,48,141
2022,Alberta,Stations de recharge et de stations de ravitaillement en carburants de remplacement total,48,513
2022,Alberta,Gaz naturel comprimé,48,12
2022,Alberta,Électrique,48,360
2023,Alberta,Stations de recharge et de stations de ravitaillement en carburants de remplacement total,48,749
2023,Alberta,Gaz naturel comprimé,48,13
2023,Alberta,Électrique,48,594
2023,Alberta,Propane,48,142
2024,Alberta,Stations de recharge et de stations de ravitaillement en carburants de remplacement total,48,930
2024,Alberta,Électrique,48,774
2024,Alberta,Propane,48,143
2025,Alberta,Stations de recharge et de stations de ravitaillement en carburants de remplacement total,48,959
2025,Alberta,Électrique,48,801
2025,Alberta,Propane,48,145
2010,Colombie-Britannique,Stations de recharge et de stations de ravitaillement en carburants de remplacement total,59,37
2010,Colombie-Britannique,Biodiesel,59,1
2010,Colombie-Britannique,Propane,59,36
2011,Colombie-Britannique,Stations de recharge et de stations de ravitaillement en carburants de remplacement total,59,41
2011,Colombie-Britannique,Électrique,59,4
2012,Colombie-Britannique,Stations de recharge et de stations de ravitaillement en carburants de remplacement total,59,47
2012,Colombie-Britannique,Électrique,59,9
2012,Colombie-Britannique,Propane,59,37
2013,Colombie-Britannique,Stations de recharge et de stations de ravitaillement en carburants de remplacement total,59,66
2013,Colombie-Britannique,Électrique,59,27
2013,Colombie-Britannique,Propane,59,38
2014,Colombie-Britannique,Stations de recharge et de stations de ravitaillement en carburants de remplacement total,59,86
2014,Colombie-Britannique,Électrique,59,47
2015,Colombie-Britannique,Stations de recharge et de stations de ravitaillement en carburants de remplacement total,59,175
2015,Colombie-Britannique,Gaz naturel comprimé,59,2
2015,Colombie-Britannique,Électrique,59,133
2015,Colombie-Britannique,Propane,59,39
2016,Colombie-Britannique,Stations de recharge et de stations de ravitaillement en carburants de remplacement total,59,198
2016,Colombie-Britannique,Électrique,59,155
2016,Colombie-Britannique,Propane,59,40
2017,Colombie-Britannique,Stations de recharge et de stations de ravitaillement en carburants de remplacement total,59,284
2017,Colombie-Britannique,Gaz naturel comprimé,59,4
2017,Colombie-Britannique,Électrique,59,202
2017,Colombie-Britannique,Propane,59,77
2018,Colombie-Britannique,Stations de recharge et de stations de ravitaillement en carburants de remplacement total,59,385
2018,Colombie-Britannique,Électrique,59,269
2018,Colombie-Britannique,Hydrogène,59,1
2018,Colombie-Britannique,Propane,59,110
2019,Colombie-Britannique,Stations de recharge et de stations de ravitaillement en carburants de remplacement total,59,606
2019,Colombie-Britannique,Électrique,59,486
2019,Colombie-Britannique,Hydrogène,59,2
2019,Colombie-Britannique,Propane,59,113
2020,Colombie-Britannique,Stations de recharge et de stations de ravitaillement en carburants de remplacement total,59,761
2020,Colombie-Britannique,Électrique,59,638
2020,Colombie-Britannique,Hydrogène,59,3
2020,Colombie-Britannique,Propane,59,115
2021,Colombie-Britannique,Stations de recharge et de stations de ravitaillement en carburants de remplacement total,59,1053
2021,Colombie-Britannique,Gaz naturel comprimé,59,5
2021,Colombie-Britannique,Électrique,59,927
2021,Colombie-Britannique,Hydrogène,59,4
2021,Colombie-Britannique,Propane,59,116
2022,Colombie-Britannique,Stations de recharge et de stations de ravitaillement en carburants de remplacement total,59,1535
2022,Colombie-Britannique,Électrique,59,1405
2022,Colombie-Britannique,Hydrogène,59,5
2022,Colombie-Britannique,Propane,59,119
2023,Colombie-Britannique,Stations de recharge et de stations de ravitaillement en carburants de remplacement total,59,2134
2023,Colombie-Britannique,Gaz naturel comprimé,59,7
2023,Colombie-Britannique,Électrique,59,1997
2023,Colombie-Britannique,Éthanol,59,1
2023,Colombie-Britannique,Hydrogène,59,9
2024,Colombie-Britannique,Stations de recharge et de stations de ravitaillement en carburants de remplacement total,59,2602
2024,Colombie-Britannique,Électrique,59,2461
2024,Colombie-Britannique,Hydrogène,59,10
2024,Colombie-Britannique,Propane,59,122
2025,Colombie-Britannique,Stations de recharge et de stations de ravitaillement en carburants de remplacement total,59,2768
2025,Colombie-Britannique,Électrique,59,2625
2025,Colombie-Britannique,Propane,59,124
2010,Canada,Biodiesel,,1
2010,Canada,Électrique,,5
2010,Canada,Propane,,97
2011,Canada,Électrique,,19
2011,Canada,Propane,,98
2012,Canada,Électrique,,51
2012,Canada,Propane,,102
2013,Canada,Gaz naturel comprimé,,2
2013,Canada,Électrique,,125
2013,Canada,Propane,,107
2014,Canada,Gaz naturel comprimé,,3
2014,Canada,Électrique,,239
2014,Canada,Propane,,110
2015,Canada,Gaz naturel comprimé,,7
2015,Canada,Électrique,,563
2015,Canada,Propane,,123
2016,Canada,Électrique,,752
2016,Canada,Hydrogène,,1
2016,Canada,Propane,,126
2017,Canada,Gaz naturel comprimé,,13
2017,Canada,Électrique,,1013
2017,Canada,Propane,,365
2018,Canada,Gaz naturel comprimé,,27
2018,Canada,Électrique,,1244
2018,Canada,Hydrogène,,3
2018,Canada,Propane,,580
2019,Canada,Gaz naturel comprimé,,30
2019,Canada,Électrique,,3318
2019,Canada,Hydrogène,,4
2019,Canada,Gaz naturel liquéfié,,1
2019,Canada,Propane,,598
2020,Canada,Gaz naturel comprimé,,31
2020,Canada,Électrique,,4162
2020,Canada,Hydrogène,,5
2020,Canada,Propane,,610
2021,Canada,Gaz naturel comprimé,,33
2021,Canada,Électrique,,5481
2021,Canada,Hydrogène,,6
2021,Canada,Propane,,618
2022,Canada,Gaz naturel comprimé,,41
2022,Canada,Électrique,,7801
2022,Canada,Hydrogène,,8
2022,Canada,Propane,,638
2023,Canada,Gaz naturel comprimé,,45
2023,Canada,Électrique,,11188
2023,Canada,Éthanol,,1
2023,Canada,Hydrogène,,13
2023,Canada,Propane,,644
2024,Canada,Électrique,,13715
2024,Canada,Hydrogène,,14
2024,Canada,Propane,,661
2025,Canada,Gaz naturel comprimé,,47
2025,Canada,Électrique,,14571
2025,Canada,Hydrogène,,17
2025,Canada,Propane,,677
2010,Manitoba,Stations de recharge et de stations de ravitaillement en carburants de remplacement total,46,3
2010,Manitoba,Électrique,46,1
2013,Manitoba,Stations de recharge et de stations de ravitaillement en carburants de remplacement total,46,8
2013,Manitoba,Électrique,46,6
2014,Manitoba,Stations de recharge et de stations de ravitaillement en carburants de remplacement total,46,9
2014,Manitoba,Électrique,46,7
2015,Manitoba,Stations de recharge et de stations de ravitaillement en carburants de remplacement total,46,14
2015,Manitoba,Électrique,46,12
2016,Manitoba,Stations de recharge et de stations de ravitaillement en carburants de remplacement total,46,15
2016,Manitoba,Électrique,46,13
2017,Manitoba,Stations de recharge et de stations de ravitaillement en carburants de remplacement total,46,24
2017,Manitoba,Électrique,46,18
2017,Manitoba,Propane,46,6
2018,Manitoba,Stations de recharge et de stations de ravitaillement en carburants de remplacement total,46,67
2018,Manitoba,Propane,46,49
2019,Manitoba,Stations de recharge et de stations de ravitaillement en carburants de remplacement total,46,79
2019,Manitoba,Électrique,46,29
2019,Manitoba,Propane,46,50
2020,Manitoba,Stations de recharge et de stations de ravitaillement en carburants de remplacement total,46,84
2020,Manitoba,Électrique,46,34
2021,Manitoba,Stations de recharge et de stations de ravitaillement en carburants de remplacement total,46,96
2021,Manitoba,Électrique,46,46
2022,Manitoba,Stations de recharge et de stations de ravitaillement en carburants de remplacement total,46,156
2022,Manitoba,Gaz naturel comprimé,46,1
2022,Manitoba,Électrique,46,105
2023,Manitoba,Stations de recharge et de stations de ravitaillement en carburants de remplacement total,46,249
2023,Manitoba,Électrique,46,198
2024,Manitoba,Stations de recharge et de stations de ravitaillement en carburants de remplacement total,46,355
2024,Manitoba,Électrique,46,301
2024,Manitoba,Propane,46,53
2025,Manitoba,Stations de recharge et de stations de ravitaillement en carburants de remplacement total,46,376
2025,Manitoba,Électrique,46,322
2011,Nouveau-Brunswick,Stations de recharge et de stations de ravitaillement en carburants de remplacement total,13,1
2011,Nouveau-Brunswick,Électrique,13,1
2012,Nouveau-Brunswick,Stations de recharge et de stations de ravitaillement en carburants de remplacement total,13,4
2012,Nouveau-Brunswick,Électrique,13,4
2013,Nouveau-Brunswick,Stations de recharge et de stations de ravitaillement en carburants de remplacement total,13,8
2013,Nouveau-Brunswick,Électrique,13,8
2014,Nouveau-Brunswick,Stations de recharge et de stations de ravitaillement en carburants de remplacement total,13,11
2014,Nouveau-Brunswick,Électrique,13,11
2015,Nouveau-Brunswick,Stations de recharge et de stations de ravitaillement en carburants de remplacement total,13,17
2015,Nouveau-Brunswick,Électrique,13,17
2016,Nouveau-Brunswick,Stations de recharge et de stations de ravitaillement en carburants de remplacement total,13,21
2016,Nouveau-Brunswick,Électrique,13,21
2017,Nouveau-Brunswick,Stations de recharge et de stations de ravitaillement en carburants de remplacement total,13,42
2017,Nouveau-Brunswick,Électrique,13,42
2018,Nouveau-Brunswick,Stations de recharge et de stations de ravitaillement en carburants de remplacement total,13,47
2018,Nouveau-Brunswick,Électrique,13,46
2018,Nouveau-Brunswick,Propane,13,1
2019,Nouveau-Brunswick,Stations de recharge et de stations de ravitaillement en carburants de remplacement total,13,64
2019,Nouveau-Brunswick,Électrique,13,63
2020,Nouveau-Brunswick,Stations de recharge et de stations de ravitaillement en carburants de remplacement total,13,83
2020,Nouveau-Brunswick,Électrique,13,81
2020,Nouveau-Brunswick,Propane,13,2
2021,Nouveau-Brunswick,Stations de recharge et de stations de ravitaillement en carburants de remplacement total,13,107
2021,Nouveau-Brunswick,Électrique,13,105
2022,Nouveau-Brunswick,Stations de recharge et de stations de ravitaillement en carburants de remplacement total,13,143
2022,Nouveau-Brunswick,Électrique,13,139
2022,Nouveau-Brunswick,Propane,13,4
2023,Nouveau-Brunswick,Stations de recharge et de stations de ravitaillement en carburants de remplacement total,13,223
2023,Nouveau-Brunswick,Électrique,13,219
2024,Nouveau-Brunswick,Stations de recharge et de stations de ravitaillement en carburants de remplacement total,13,260
2024,Nouveau-Brunswick,Électrique,13,255
2024,Nouveau-Brunswick,Propane,13,5
2025,Nouveau-Brunswick,Stations de recharge et de stations de ravitaillement en carburants de remplacement total,13,282
2025,Nouveau-Brunswick,Électrique,13,277
2012,Terre-Neuve-et-Labrador,Stations de recharge et de stations de ravitaillement en carburants de remplacement total,10,1
2012,Terre-Neuve-et-Labrador,Électrique,10,1
2013,Terre-Neuve-et-Labrador,Stations de recharge et de stations de ravitaillement en carburants de remplacement total,10,5
2013,Terre-Neuve-et-Labrador,Électrique,10,5
2014,Terre-Neuve-et-Labrador,Stations de recharge et de stations de ravitaillement en carburants de remplacement total,10,7
2014,Terre-Neuve-et-Labrador,Électrique,10,7
2015,Terre-Neuve-et-Labrador,Stations de recharge et de stations de ravitaillement en carburants de remplacement total,10,8
2015,Terre-Neuve-et-Labrador,Électrique,10,8
2016,Terre-Neuve-et-Labrador,Stations de recharge et de stations de ravitaillement en carburants de remplacement total,10,14
2016,Terre-Neuve-et-Labrador,Électrique,10,14
2018,Terre-Neuve-et-Labrador,Stations de recharge et de stations de ravitaillement en carburants de remplacement total,10,18
2018,Terre-Neuve-et-Labrador,Électrique,10,18
2019,Terre-Neuve-et-Labrador,Stations de recharge et de stations de ravitaillement en carburants de remplacement total,10,19
2019,Terre-Neuve-et-Labrador,Électrique,10,19
2021,Terre-Neuve-et-Labrador,Stations de recharge et de stations de ravitaillement en carburants de remplacement total,10,51
2021,Terre-Neuve-et-Labrador,Électrique,10,51
2022,Terre-Neuve-et-Labrador,Stations de recharge et de stations de ravitaillement en carburants de remplacement total,10,104
2022,Terre-Neuve-et-Labrador,Électrique,10,104
2023,Terre-Neuve-et-Labrador,Stations de recharge et de stations de ravitaillement en carburants de remplacement total,10,127
2023,Terre-Neuve-et-Labrador,Électrique,10,126
2023,Terre-Neuve-et-Labrador,Propane,10,1
2024,Terre-Neuve-et-Labrador,Stations de recharge et de stations de ravitaillement en carburants de remplacement total,10,136
2024,Terre-Neuve-et-Labrador,Électrique,10,135
2025,Terre-Neuve-et-Labrador,Stations de recharge et de stations de ravitaillement en carburants de remplacement total,10,157
2025,Terre-Neuve-et-Labrador,Électrique,10,155
2025,Terre-Neuve-et-Labrador,Propane,10,2
2015,Territoires du Nord-Ouest,Stations de recharge et de stations de ravitaillement en carburants de remplacement total,61,1
2015,Territoires du Nord-Ouest,Propane,61,1
2020,Territoires du Nord-Ouest,Stations de recharge et de stations de ravitaillement en carburants de remplacement total,61,2
2020,Territoires du Nord-Ouest,Électrique,61,1
2023,Territoires du Nord-Ouest,Stations de recharge et de stations de ravitaillement en carburants de remplacement total,61,3
2023,Territoires du Nord-Ouest,Électrique,61,2
2024,Territoires du Nord-Ouest,Stations de recharge et de stations de ravitaillement en carburants de remplacement total,61,8
2024,Territoires du Nord-Ouest,Électrique,61,7
2025,Territoires du Nord-Ouest,Stations de recharge et de stations de ravitaillement en carburants de remplacement total,61,13
2025,Territoires du Nord-Ouest,Électrique,61,12
2012,Nouvelle-Écosse,Stations de recharge et de stations de ravitaillement en carburants de remplacement total,12,1
2012,Nouvelle-Écosse,Électrique,12,1
2013,Nouvelle-Écosse,Stations de recharge et de stations de ravitaillement en carburants de remplacement total,12,4
2013,Nouvelle-Écosse,Électrique,12,3
2013,Nouvelle-Écosse,Propane,12,1
2014,Nouvelle-Écosse,Stations de recharge et de stations de ravitaillement en carburants de remplacement total,12,10
2014,Nouvelle-Écosse,Électrique,12,9
2015,Nouvelle-Écosse,Stations de recharge et de stations de ravitaillement en carburants de remplacement total,12,22
2015,Nouvelle-Écosse,Électrique,12,20
2015,Nouvelle-Écosse,Propane,12,2
2016,Nouvelle-Écosse,Stations de recharge et de stations de ravitaillement en carburants de remplacement total,12,24
2016,Nouvelle-Écosse,Électrique,12,22
2017,Nouvelle-Écosse,Stations de recharge et de stations de ravitaillement en carburants de remplacement total,12,27
2017,Nouvelle-Écosse,Électrique,12,25
2018,Nouvelle-Écosse,Stations de recharge et de stations de ravitaillement en carburants de remplacement total,12,28
2018,Nouvelle-Écosse,Électrique,12,26
2019,Nouvelle-Écosse,Stations de recharge et de stations de ravitaillement en carburants de remplacement total,12,49
2019,Nouvelle-Écosse,Électrique,12,47
2020,Nouvelle-Écosse,Stations de recharge et de stations de ravitaillement en carburants de remplacement total,12,57
2020,Nouvelle-Écosse,Électrique,12,55
2021,Nouvelle-Écosse,Stations de recharge et de stations de ravitaillement en carburants de remplacement total,12,79
2021,Nouvelle-Écosse,Électrique,12,76
2021,Nouvelle-Écosse,Propane,12,3
2022,Nouvelle-Écosse,Stations de recharge et de stations de ravitaillement en carburants de remplacement total,12,151
2022,Nouvelle-Écosse,Électrique,12,147
2022,Nouvelle-Écosse,Propane,12,4
2023,Nouvelle-Écosse,Stations de recharge et de stations de ravitaillement en carburants de remplacement total,12,232
2023,Nouvelle-Écosse,Électrique,12,228
2024,Nouvelle-Écosse,Stations de recharge et de stations de ravitaillement en carburants de remplacement total,12,278
2024,Nouvelle-Écosse,Électrique,12,274
2025,Nouvelle-Écosse,Stations de recharge et de stations de ravitaillement en carburants de remplacement total,12,297
2025,Nouvelle-Écosse,Électrique,12,292
2025,Nouvelle-Écosse,Propane,12,5
2010,Ontario,Stations de recharge et de stations de ravitaillement en carburants de remplacement total,35,25
2010,Ontario,Électrique,35,2
2010,Ontario,Propane,35,23
2011,Ontario,Stations de recharge et de stations de ravitaillement en carburants de remplacement total,35,33
2011,Ontario,Électrique,35,10
2012,Ontario,Stations de recharge et de stations de ravitaillement en carburants de remplacement total,35,43
2012,Ontario,Électrique,35,20
2013,Ontario,Stations de recharge et de stations de ravitaillement en carburants de remplacement total,35,64
2013,Ontario,Électrique,35,39
2013,Ontario,Propane,35,25
2014,Ontario,Stations de recharge et de stations de ravitaillement en carburants de remplacement total,35,99
2014,Ontario,Gaz naturel comprimé,35,1
2014,Ontario,Électrique,35,72
2014,Ontario,Propane,35,26
2015,Ontario,Stations de recharge et de stations de ravitaillement en carburants de remplacement total,35,194
2015,Ontario,Gaz naturel comprimé,35,2
2015,Ontario,Électrique,35,165
2015,Ontario,Propane,35,27
2016,Ontario,Stations de recharge et de stations de ravitaillement en carburants de remplacement total,35,244
2016,Ontario,Électrique,35,213
2016,Ontario,Hydrogène,35,1
2016,Ontario,Propane,35,28
2017,Ontario,Stations de recharge et de stations de ravitaillement en carburants de remplacement total,35,394
2017,Ontario,Gaz naturel comprimé,35,4
2017,Ontario,Électrique,35,321
2017,Ontario,Propane,35,68
2018,Ontario,Stations de recharge et de stations de ravitaillement en carburants de remplacement total,35,510
2018,Ontario,Gaz naturel comprimé,35,7
2018,Ontario,Électrique,35,431
2018,Ontario,Propane,35,71
2019,Ontario,Stations de recharge et de stations de ravitaillement en carburants de remplacement total,35,810
2019,Ontario,Gaz naturel comprimé,35,8
2019,Ontario,Électrique,35,725
2019,Ontario,Propane,35,76
2020,Ontario,Stations de recharge et de stations de ravitaillement en carburants de remplacement total,35,1044
2020,Ontario,Électrique,35,953
2020,Ontario,Propane,35,82
2021,Ontario,Stations de recharge et de stations de ravitaillement en carburants de remplacement total,35,1509
2021,Ontario,Gaz naturel comprimé,35,9
2021,Ontario,Électrique,35,1416
2021,Ontario,Propane,35,83
2022,Ontario,Stations de recharge et de stations de ravitaillement en carburants de remplacement total,35,2345
2022,Ontario,Gaz naturel comprimé,35,12
2022,Ontario,Électrique,35,2236
2022,Ontario,Propane,35,96
2023,Ontario,Stations de recharge et de stations de ravitaillement en carburants de remplacement total,35,3678
2023,Ontario,Électrique,35,3566
2023,Ontario,Propane,35,99
2024,Ontario,Stations de recharge et de stations de ravitaillement en carburants de remplacement total,35,4578
2024,Ontario,Électrique,35,4458
2024,Ontario,Propane,35,107
2025,Ontario,Stations de recharge et de stations de ravitaillement en carburants de remplacement total,35,4892
2025,Ontario,Électrique,35,4762
2025,Ontario,Hydrogène,35,2
2025,Ontario,Propane,35,116
2013,Île-du-Prince-Édouard,Stations de recharge et de stations de ravitaillement en carburants de remplacement total,11,2
2013,Île-du-Prince-Édouard,Électrique,11,2
2014,Île-du-Prince-Édouard,Stations de recharge et de stations de ravitaillement en carburants de remplacement total,11,6
2014,Île-du-Prince-Édouard,Électrique,11,6
2015,Île-du-Prince-Édouard,Stations de recharge et de stations de ravitaillement en carburants de remplacement total,11,12
2015,Île-du-Prince-Édouard,Électrique,11,12
2017,Île-du-Prince-Édouard,Stations de recharge et de stations de ravitaillement en carburants de remplacement total,11,16
2017,Île-du-Prince-Édouard,Électrique,11,16
2018,Île-du-Prince-Édouard,Stations de recharge et de stations de ravitaillement en carburants de remplacement total,11,18
2018,Île-du-Prince-Édouard,Électrique,11,18
2019,Île-du-Prince-Édouard,Stations de recharge et de stations de ravitaillement en carburants de remplacement total,11,19
2019,Île-du-Prince-Édouard,Électrique,11,19
2020,Île-du-Prince-Édouard,Stations de recharge et de stations de ravitaillement en carburants de remplacement total,11,26
2020,Île-du-Prince-Édouard,Électrique,11,26
2021,Île-du-Prince-Édouard,Stations de recharge et de stations de ravitaillement en carburants de remplacement total,11,55
2021,Île-du-Prince-Édouard,Électrique,11,55
2022,Île-du-Prince-Édouard,Stations de recharge et de stations de ravitaillement en carburants de remplacement total,11,93
2022,Île-du-Prince-Édouard,Électrique,11,92
2022,Île-du-Prince-Édouard,Propane,11,1
2023,Île-du-Prince-Édouard,Stations de recharge et de stations de ravitaillement en carburants de remplacement total,11,153
2023,Île-du-Prince-Édouard,Électrique,11,152
2024,Île-du-Prince-Édouard,Stations de recharge et de stations de ravitaillement en carburants de remplacement total,11,169
2024,Île-du-Prince-Édouard,Électrique,11,168
2025,Île-du-Prince-Édouard,Stations de recharge et de stations de ravitaillement en carburants de remplacement total,11,177
2025,Île-du-Prince-Édouard,Électrique,11,175
2025,Île-du-Prince-Édouard,Propane,11,2
2010,Québec,Stations de recharge et de stations de ravitaillement en carburants de remplacement total,24,8
2010,Québec,Électrique,24,2
2011,Québec,Stations de recharge et de stations de ravitaillement en carburants de remplacement total,24,9
2011,Québec,Électrique,24,3
2012,Québec,Stations de recharge et de stations de ravitaillement en carburants de remplacement total,24,19
2012,Québec,Électrique,24,13
2013,Québec,Stations de recharge et de stations de ravitaillement en carburants de remplacement total,24,35
2013,Québec,Gaz naturel comprimé,24,2
2013,Québec,Électrique,24,27
2014,Québec,Stations de recharge et de stations de ravitaillement en carburants de remplacement total,24,71
2014,Québec,Électrique,24,62
2014,Québec,Propane,24,7
2015,Québec,Stations de recharge et de stations de ravitaillement en carburants de remplacement total,24,160
2015,Québec,Gaz naturel comprimé,24,3
2015,Québec,Électrique,24,143
2015,Québec,Propane,24,14
2016,Québec,Stations de recharge et de stations de ravitaillement en carburants de remplacement total,24,252
2016,Québec,Électrique,24,235
2017,Québec,Stations de recharge et de stations de ravitaillement en carburants de remplacement total,24,429
2017,Québec,Gaz naturel comprimé,24,4
2017,Québec,Électrique,24,289
2017,Québec,Propane,24,136
2018,Québec,Stations de recharge et de stations de ravitaillement en carburants de remplacement total,24,467
2018,Québec,Gaz naturel comprimé,24,6
2018,Québec,Électrique,24,320
2018,Québec,Hydrogène,24,1
2018,Québec,Propane,24,140
2019,Québec,Stations de recharge et de stations de ravitaillement en carburants de remplacement total,24,1942
2019,Québec,Gaz naturel comprimé,24,8
2019,Québec,Électrique,24,1788
2019,Québec,Gaz naturel liquéfié,24,1
2019,Québec,Propane,24,144
2020,Québec,Stations de recharge et de stations de ravitaillement en carburants de remplacement total,24,2331
2020,Québec,Électrique,24,2177
2021,Québec,Stations de recharge et de stations de ravitaillement en carburants de remplacement total,24,2717
2021,Québec,Électrique,24,2561
2021,Québec,Propane,24,146
2022,Québec,Stations de recharge et de stations de ravitaillement en carburants de remplacement total,24,3262
2022,Québec,Gaz naturel comprimé,24,10
2022,Québec,Électrique,24,3103
2022,Québec,Hydrogène,24,2
2023,Québec,Stations de recharge et de stations de ravitaillement en carburants de remplacement total,24,4097
2023,Québec,Gaz naturel comprimé,24,11
2023,Québec,Électrique,24,3935
2023,Québec,Hydrogène,24,3
2023,Québec,Propane,24,147
2024,Québec,Stations de recharge et de stations de ravitaillement en carburants de remplacement total,24,4827
2024,Québec,Électrique,24,4664
2024,Québec,Propane,24,148
2025,Québec,Stations de recharge et de stations de ravitaillement en carburants de remplacement total,24,5079
2025,Québec,Gaz naturel comprimé,24,13
2025,Québec,Électrique,24,4912
2025,Québec,Hydrogène,24,5
2014,Saskatchewan,Stations de recharge et de stations de ravitaillement en carburants de remplacement total,47,10
2014,Saskatchewan,Électrique,47,5
2014,Saskatchewan,Propane,47,5
2015,Saskatchewan,Stations de recharge et de stations de ravitaillement en carburants de remplacement total,47,18
2015,Saskatchewan,Électrique,47,12
2015,Saskatchewan,Propane,47,6
2016,Saskatchewan,Stations de recharge et de stations de ravitaillement en carburants de remplacement total,47,22
2016,Saskatchewan,Électrique,47,16
2017,Saskatchewan,Stations de recharge et de stations de ravitaillement en carburants de remplacement total,47,27
2017,Saskatchewan,Électrique,47,21
2018,Saskatchewan,Stations de recharge et de stations de ravitaillement en carburants de remplacement total,47,95
2018,Saskatchewan,Électrique,47,23
2018,Saskatchewan,Propane,47,72
2019,Saskatchewan,Stations de recharge et de stations de ravitaillement en carburants de remplacement total,47,105
2019,Saskatchewan,Électrique,47,31
2019,Saskatchewan,Propane,47,74
2020,Saskatchewan,Stations de recharge et de stations de ravitaillement en carburants de remplacement total,47,113
2020,Saskatchewan,Électrique,47,39
2021,Saskatchewan,Stations de recharge et de stations de ravitaillement en carburants de remplacement total,47,127
2021,Saskatchewan,Électrique,47,53
2022,Saskatchewan,Stations de recharge et de stations de ravitaillement en carburants de remplacement total,47,173
2022,Saskatchewan,Gaz naturel comprimé,47,1
2022,Saskatchewan,Électrique,47,98
2023,Saskatchewan,Stations de recharge et de stations de ravitaillement en carburants de remplacement total,47,214
2023,Saskatchewan,Électrique,47,139
2024,Saskatchewan,Stations de recharge et de stations de ravitaillement en carburants de remplacement total,47,257
2024,Saskatchewan,Électrique,47,182
2025,Saskatchewan,Stations de recharge et de stations de ravitaillement en carburants de remplacement total,47,272
2025,Saskatchewan,Électrique,47,197
2019,Yukon,Stations de recharge et de stations de ravitaillement en carburants de remplacement total,60,4
2019,Yukon,Électrique,60,2
2019,Yukon,Propane,60,2
2020,Yukon,Stations de recharge et de stations de ravitaillement en carburants de remplacement total,60,7
2020,Yukon,Électrique,60,5
2022,Yukon,Stations de recharge et de stations de ravitaillement en carburants de remplacement total,60,13
2022,Yukon,Électrique,60,11
2023,Yukon,Stations de recharge et de stations de ravitaillement en carburants de remplacement total,60,34
2023,Yukon,Électrique,60,32
2024,Yukon,Stations de recharge et de stations de ravitaillement en carburants de remplacement total,60,38
2024,Yukon,Électrique,60,36
2025,Yukon,Stations de recharge et de stations de ravitaillement en carburants de remplacement total,60,43
2025,Yukon,Électrique,60,41
