Year,Series,Units,Value
2016,Number of shelter users experiencing chronic homelessness,Number,26866.0
2017,Number of shelter users experiencing chronic homelessness,Number,28900.0
2018,Number of shelter users experiencing chronic homelessness,Number,27289.0
2019,Number of shelter users experiencing chronic homelessness,Number,29927.0
2020,Number of shelter users experiencing chronic homelessness,Number,28004.0
2021,Number of shelter users experiencing chronic homelessness,Number,28631.0
2022,Number of shelter users experiencing chronic homelessness,Number,31476.0
2023,Number of shelter users experiencing chronic homelessness,Number,32660.0
2024,Number of shelter users experiencing chronic homelessness,Number,36058.0
2017,Percentage change in the number of shelter users experiencing chronic homelessness from the 2016 baseline,Percent change since 2016,7.57
2018,Percentage change in the number of shelter users experiencing chronic homelessness from the 2016 baseline,Percent change since 2016,1.57
2019,Percentage change in the number of shelter users experiencing chronic homelessness from the 2016 baseline,Percent change since 2016,11.39
2020,Percentage change in the number of shelter users experiencing chronic homelessness from the 2016 baseline,Percent change since 2016,4.24
2021,Percentage change in the number of shelter users experiencing chronic homelessness from the 2016 baseline,Percent change since 2016,6.57
2022,Percentage change in the number of shelter users experiencing chronic homelessness from the 2016 baseline,Percent change since 2016,17.16
2023,Percentage change in the number of shelter users experiencing chronic homelessness from the 2016 baseline,Percent change since 2016,21.57
2024,Percentage change in the number of shelter users experiencing chronic homelessness from the 2016 baseline,Percent change since 2016,34.21
