Year,Geography,GeoCode,Value
2019,,,59.9
2020,,,52.2
2023,,,56.1
2025,,,57.7
2019,"Canada, excluding the territories",,59.9
2019,Newfoundland and Labrador,10,57.8
2019,Prince Edward Island,11,65.6
2019,Nova Scotia,12,61.0
2019,New Brunswick,13,60.9
2019,Quebec,24,78.2
2019,Ontario,35,53.6
2019,Manitoba,46,50.5
2019,Saskatchewan,47,53.0
2019,Alberta,48,54.1
2019,British Columbia,59,57.6
2019,Yukon,60,59.0
2019,Northwest Territories,61,56.2
2019,Nunavut,62,36.7
2020,"Canada, excluding the territories",,52.3
2020,Newfoundland and Labrador,10,60.1
2020,Prince Edward Island,11,60.7
2020,Nova Scotia,12,54.9
2020,New Brunswick,13,59.1
2020,Quebec,24,75.2
2020,Ontario,35,44.2
2020,Manitoba,46,46.2
2020,Saskatchewan,47,46.7
2020,Alberta,48,41.4
2020,British Columbia,59,49.9
2020,Yukon,60,54.0
2020,Northwest Territories,61,49.6
2020,Nunavut,62,34.7
2022,"Canada, excluding the territories",,51.6
2022,Newfoundland and Labrador,10,55.9
2022,Prince Edward Island,11,58.5
2022,Nova Scotia,12,54.5
2022,New Brunswick,13,58.9
2022,Quebec,24,71.3
2022,Ontario,35,41.4
2022,Manitoba,46,47.5
2022,Saskatchewan,47,50.9
2022,Alberta,48,46.0
2022,British Columbia,59,53.2
2023,"Canada, excluding the territories",,56.2
2023,Newfoundland and Labrador,10,52.2
2023,Prince Edward Island,11,59.7
2023,Nova Scotia,12,56.1
2023,New Brunswick,13,60.7
2023,Quebec,24,75.0
2023,Ontario,35,47.8
2023,Manitoba,46,52.1
2023,Saskatchewan,47,53.8
2023,Alberta,48,52.0
2023,British Columbia,59,54.5
2023,Yukon,60,65.6
2023,Northwest Territories,61,49.0
2023,Nunavut,62,32.2
2025,"Canada, excluding the territories",,57.8
2025,Newfoundland and Labrador,10,57.9
2025,Prince Edward Island,11,66.2
2025,Nova Scotia,12,54.4
2025,New Brunswick,13,61.6
2025,Quebec,24,76.7
2025,Ontario,35,49.8
2025,Manitoba,46,51.9
2025,Saskatchewan,47,56.8
2025,Alberta,48,55.0
2025,British Columbia,59,52.8
2025,Yukon,60,58.8
2025,Northwest Territories,61,49.7
2025,Nunavut,62,24.6
